Lat,Lon,Original_ID,order_id,floor,Service_Time,weekly_1,weekly_2,Address,Depot_Raw,Freq,Node_ID,Order_Count,Nearest_Anchor,Anchor_Type,Anchor_Distance_km
24.50611,120.82502,75567 加豐營造-公館,RT202500001347,1.0,16.0,1,0,苗栗縣公館鄉玉泉村13鄰353號附近24 30 22.3  120 49 29.9,5A-平鎮倉,1x,N_0000,2,國1-苗栗,N1,7.113647414125982
24.50879,120.82456,73467 順業營造-公館,RT20250000013371,1.0,16.0,1,0,苗栗縣公館鄉玉泉村玉泉34號,5A-平鎮倉,1x,N_0001,2,國1-苗栗,N1,6.813137773573936
24.59461,120.80884,73963 長見營造-苗栗長春,RT20250000012839,1.0,8.0,1,0,苗栗縣苗栗市福安里福星252之1號-長春石油化學,5A-平鎮倉,1x,N_0002,1,國1-苗栗,N1,2.999460928516426
24.59955,120.72284,78018 尚鋐營造有限公司,RT20250000012543,1.0,80.0,1,0,苗栗縣後龍鎮114-1號-後龍清海宮,5A-平鎮倉,1x,N_0003,10,國1-苗栗,N1,11.272523065404298
24.61506,120.82579,72291 騰元-苗栗高鐵,RT20250000010605,1.0,8.0,1,0,苗栗縣後龍鎮頂椅七街&新港一路交叉口,5A-平鎮倉,1x,N_0004,1,國1-苗栗,N1,5.042782286763928
24.61932,120.85708,76686 競捷營造-造橋鄉,RT202500006382,1.0,8.0,1,0,"苗栗縣造橋鄉平興鄉24°37'10.3""N 120°51'27.4""E",5A-平鎮倉,1x,N_0005,1,國1-苗栗,N1,6.849148662775575
24.62354,120.89486,76540 景賀營造-大西二街,RT202500005678,1.0,8.0,1,0,苗栗縣造橋鄉大西二街126巷3號,5A-平鎮倉,1x,N_0006,1,國1-頭份,N1,6.292976794427518
24.62995,120.8367,75911 隨形工程-寶吉祥寺,RT20250000013419,1.0,8.0,1,0,苗栗縣造橋鄉龍昇村五鄰九車籠8-1號對面工地-依座標,5A-平鎮倉,1x,N_0007,1,台61-竹南,TH61,6.827079792451593
24.63315,120.83814,76346 佛教仁欽-寶吉祥佛寺,RT202500004736,1.0,8.0,1,0,"苗栗縣造橋鄉龍昇村-寶吉祥佛寺24°38'47.1""N 120°50'15.3""E",5A-平鎮倉,1x,N_0008,1,台61-竹南,TH61,6.446206950920877
24.64062,120.86932,77997 千誠營造-造橋鄉,RT20250000012451,1.0,16.0,1,0,苗栗縣造橋鄉13鄰東興36號-凱撒衛浴-造橋發貨中心附近-附地標,5A-平鎮倉,1x,N_0009,2,國1-頭份,N1,5.541164915683718
24.64703,120.88481,66320 安住-頭份,RT20250000010302,1.0,16.0,1,0,苗栗縣頭份市尖豐路557號,5A-平鎮倉,1x,N_0010,2,國1-頭份,N1,4.029402436714477
24.6564,120.85837,76503 聖穎營造-談文車站,RT202500005510,1.0,8.0,1,0,苗栗縣造橋鄉仁愛路29號-談文車站,5A-平鎮倉,1x,N_0011,1,台61-竹南,TH61,3.843577399363741
24.6588,120.87387,73099 大証環保-竹南,RT202400005969,1.0,8.0,1,0,苗栗縣竹南鎮大埔頂5號,5A-平鎮倉,1x,N_0012,1,國1-頭份,N1,3.734975826549086
24.66568,120.88169,76905 力源營造-中華路,RT202500007365,1.0,8.0,1,0,苗栗縣頭份市中華路200號旁邊工地,5A-平鎮倉,1x,N_0013,1,國1-頭份,N1,2.5801674826453285
24.67488,120.87733,75381 潤弘精密-國泰路,RT202500001907,1.0,8.0,1,0,苗栗縣竹南鎮國泰路-附座標,5A-平鎮倉,1x,N_0014,1,國3-竹南,N3,2.189665408070336
24.67504,120.87741,75381 潤弘精密-國泰路,RT2025000420,1.0,8.0,1,0,苗栗縣竹南鎮國泰路-附座標,5A-平鎮倉,1x,N_0015,1,國3-竹南,N3,2.170354306029708
24.67609,120.88356,70680 龍裕營造-永貞路,RT20250000011852,1.0,16.0,1,0,苗栗縣頭份市永貞路1段181巷15號,5A-平鎮倉,1x,N_0016,2,國3-竹南,N3,1.701459110793025
24.68126,120.89743,75862 啟洋科技-京元電子紡安廠,RT20250000011151,1.0,80.0,1,0,苗栗縣頭份市自強路2段215號-京元電子,5A-平鎮倉,1x,N_0017,10,國1-頭份,N1,0.31771023354690103
24.68375,120.87519,78274 台伸營造有限公司,RT20250000013490,1.0,8.0,1,0,苗栗縣竹南鎮中正路96之1號-竹南高中隔壁,5A-平鎮倉,1x,N_0018,1,國3-竹南,N3,1.7843007455580917
24.68399,120.88109,77451 中天工程-竹南東平路,RT202500009976,1.0,8.0,1,0,苗栗縣竹南鎮東平路54號,5A-平鎮倉,1x,N_0019,1,國3-竹南,N3,1.1929696275262085
24.68466,120.89049,76621 富翔營造-571號工地,RT202500006052,1.0,8.0,1,0,苗栗縣頭份市民族路571號工地,5A-平鎮倉,1x,N_0020,1,國3-竹南,N3,0.5952301905145906
24.68496,120.89111,76298 富翔營造-頭份,RT202500004303,1.0,16.0,1,0,苗栗縣頭份市民族路517號旁停車場 富翔工務所,5A-平鎮倉,1x,N_0021,2,國3-竹南,N3,0.5728471154680358
24.68662,120.92677,71296 心齊家-真愛,RT20250000012804,1.0,16.0,1,0,苗栗縣頭份市中正一路125號,5A-平鎮倉,1x,N_0022,2,國1-頭份,N1,3.0609793193191708
24.68712,120.92196,76215 越禾興-宏碩系統,RT202500004042,1.0,16.0,1,0,苗栗縣頭份市中正路598巷31號-宏碩系統,5A-平鎮倉,1x,N_0023,2,國1-頭份,N1,2.5624801376783832
24.6875,120.87111,76663 耐福營造-博愛街,RT202500006248,1.0,8.0,1,0,苗栗縣竹南鎮博愛街271號旁,5A-平鎮倉,1x,N_0024,1,國1-竹南,N1,1.7026187929476269
24.68767,120.9165,76002 樸居建設-頭份,RT202500003094,1.0,8.0,1,0,苗栗縣頭份市濱江街21號旁,5A-平鎮倉,1x,N_0025,1,國1-頭份,N1,2.0197086737689536
24.68787,120.87457,77007 碩美營造-朋晨和心,RT202500007746,1.0,8.0,1,0,苗栗縣竹南鎮自由街131號旁,5A-平鎮倉,1x,N_0026,1,國1-竹南,N1,1.475180395002037
24.68915,120.86543,77216 同興營造-竹興段,RT202500008883,1.0,8.0,1,0,苗栗縣竹南鎮博愛街445號旁,5A-平鎮倉,1x,N_0027,1,台61-竹南,TH61,1.7153267838530004
24.68976,120.94776,71240 新宏都-B區,RT202500009574,1.0,8.0,1,0,苗栗縣頭份市花園東路底 靠近楓林吊橋-B區,5A-平鎮倉,1x,N_0028,1,國1-頭份,N1,5.410922910113959
24.69018,120.94946,75712 新宏都營造-D區,RT202500001876,1.0,24.0,1,0,苗栗縣頭份市花園東路底-靠近楓林吊橋(D區),5A-平鎮倉,1x,N_0029,3,國1-頭份,N1,5.605141711321484
24.69067,120.94853,74630 新宏都營造-E區,RT20240000013272,1.0,8.0,1,0,苗栗縣頭份市花園東路底-靠近楓林吊橋(E區),5A-平鎮倉,1x,N_0030,1,國1-頭份,N1,5.51549360853584
24.6907,120.94921,74630 新宏都營造-E區,RT20240000012339,1.0,8.0,1,0,苗栗縣頭份市花園東路底-靠近楓林吊橋(E區),5A-平鎮倉,1x,N_0031,1,國1-頭份,N1,5.5899429179630635
24.6915,120.94887,74630 新宏都營造-E區,RT202500003811,1.0,8.0,1,0,苗栗縣頭份市花園東路底-靠近楓林吊橋(E區),5A-平鎮倉,1x,N_0032,1,國1-頭份,N1,5.572738279777091
24.69157,121.03194,75595 六坊室內-峨眉鄉,RT20250000012111,1.0,8.0,1,0,"新竹縣峨眉鄉中盛村2鄰中興57之6號-24°41'30.4""N 121°01'55.1""E",5A-平鎮倉,1x,N_0033,1,台68-竹東,TH68,6.837121115534506
24.6922,120.9867,73177 承鉌-峨嵋E/S,RT20250000012427,1.0,8.0,1,0,新竹縣峨眉鄉竹43鄉道15號-峨嵋高壓變電所,5A-平鎮倉,1x,N_0034,1,國1-頭份,N1,9.718511168383035
24.69231,120.96102,75418 樹盛營造-甫基慶華段新建工程,RT2025000575,1.0,8.0,1,0,苗栗縣頭份市信德路252號旁,5A-平鎮倉,1x,N_0035,1,國1-頭份,N1,6.909673324875683
24.69242,120.88746,75377 新宜營造-昕原樹,RT2025000411,1.0,8.0,1,0,苗栗縣竹南鎮公北一路8號旁,5A-平鎮倉,1x,N_0036,1,國3-竹南,N3,0.3894186282133869
24.69328,120.91727,65453 永恆營造-潮堂,RT20250000012290,1.0,8.0,1,0,苗栗縣頭份市頭份255-45號(燦昇釣蝦場附近)工地-電聯定位,5A-平鎮倉,1x,N_0037,1,國1-頭份,N1,2.418198880840658
24.69388,120.91441,71517 寬立堡營造-頭份,RT20250000012810,1.0,8.0,1,0,苗栗縣頭份市永安街9號,5A-平鎮倉,1x,N_0038,1,國1-頭份,N1,2.220839278853699
24.69413,120.89664,75956 路加建設-頭份,RT202500002931,1.0,8.0,1,0,苗栗縣頭份市中央路496號,5A-平鎮倉,1x,N_0039,1,國3-竹南,N3,0.8679781255888422
24.69466,120.88999,73902 莊兆鈞,RT20250000011042,1.0,8.0,1,0,苗栗縣頭份市中央路699號對面工地,5A-平鎮倉,1x,N_0040,1,國3-竹南,N3,0.5172611909854951
24.69684,120.86717,74306 弘上建設-弘上雅苑,RT20250000010280,1.0,16.0,1,0,苗栗縣竹南鎮龍昇街53號旁,5A-平鎮倉,1x,N_0041,2,國1-竹南,N1,1.4666897540031723
24.6986,120.88959,77931 薰漢營造工程股-頭份市,RT20250000012014,1.0,24.0,1,0,苗栗縣頭份市文林路76號對面工地,5A-平鎮倉,1x,N_0042,3,國3-竹南,N3,0.9556842156798131
24.7003,120.88822,69276 金冠隆營造-頭份,RT20250000011204,1.0,8.0,1,0,苗栗縣頭份市信義路780號旁工地-自行定位,5A-平鎮倉,1x,N_0043,1,國1-竹南,N1,0.9130274620194768
24.70152,120.94342,77910 尚錡營造-頭份市,RT20250000011801,1.0,8.0,1,0,苗栗縣頭份市興隆路一段423號對面工地,5A-平鎮倉,1x,N_0044,1,國1-頭份,N1,5.379100313509388
24.70212,120.87704,76387 耐福營造-張文銓住宅,RT202500005032,1.0,8.0,1,0,苗栗縣竹南鎮龍山路三段1巷67弄底,5A-平鎮倉,1x,N_0045,1,國1-竹南,N1,0.4041375706367755
24.70444,120.90159,75227 景賀營造股份有限公司,RT20250000013722,1.0,8.0,1,0,苗栗縣竹南鎮大埔七街&大埔九街交叉口,5A-平鎮倉,1x,N_0046,1,國3-竹南,N3,2.0552743334405874
24.70461,120.8915,76866 高群工程-竹南鎮,RT202500007177,1.0,8.0,1,0,苗栗縣竹南鎮公義路462巷58號,5A-平鎮倉,1x,N_0047,1,國1-竹南,N1,1.3752452050814075
24.70639,120.91008,76970 旺邦營造-生物製劑,RT202500007599,1.0,32.0,1,0,苗栗縣竹南鎮科研路(國家衛生研究院3號入口),5A-平鎮倉,1x,N_0048,4,國3-竹南,N3,2.87710308444025
24.70733,120.89873,75483 掬昌營造-科專六路,RT202500001015,1.0,8.0,1,0,苗栗縣竹南鎮科專六路213號,5A-平鎮倉,1x,N_0049,1,國3-竹南,N3,2.153920035144983
24.70775,120.91103,77669 承桓有限公司,RT20250000011031,1.0,8.0,1,0,苗栗縣竹南鎮科西二路6號-台灣杜邦竹南廠,5A-平鎮倉,1x,N_0050,1,國3-竹南,N3,3.054665548206179
24.70786,120.89963,74858 旭嘉聯合-一沐晴嵐,RT20240000013234,1.0,16.0,1,0,苗栗縣竹南鎮大埔十街45號對面,5A-平鎮倉,1x,N_0051,2,國3-竹南,N3,2.2522786231947034
24.70816,120.93732,75065 飛羚電機-南湖變電所,RT20250000013357,1.0,16.0,1,0,苗栗縣頭份市興埔街364號-南湖變電所,5A-平鎮倉,1x,N_0052,2,國1-頭份,N1,5.189493956831853
24.70832,120.91045,77883 竑越工程-竹南鎮,RT20250000011739,1.0,24.0,1,0,苗栗縣竹南鎮科西二路6號-杜邦大門前工務所,5A-平鎮倉,1x,N_0053,3,國3-竹南,N3,3.04760177728292
24.70842,120.90451,70107 上欣營造興業股份有限公司,RT202500008163,1.0,8.0,1,0,苗栗縣竹南鎮科專三路128號,5A-平鎮倉,1x,N_0054,1,國3-竹南,N3,2.602793790621921
24.70892,120.91414,75875 勤宏環保-竹南,RT20250000013330,1.0,16.0,1,0,苗栗縣竹南鎮科中路29號,5A-平鎮倉,1x,N_0055,2,國3-竹南,N3,3.404473325787794
24.71004,120.90021,74305 新宜營造-嘉園營運總部,RT202500008973,7.0,18.0,1,0,苗栗縣竹南鎮仁愛路769號旁-7F,5A-平鎮倉,1x,N_0056,1,國3-竹南,N3,2.4965025274770345
24.71006,120.90029,74305 新宜營造-嘉園營運總部,RT202500006656,3.0,18.0,1,0,苗栗縣竹南鎮仁愛路769號旁,5A-平鎮倉,1x,N_0057,1,國3-竹南,N3,2.5025212789700872
24.71007,120.90032,74305 新宜營造-嘉園營運總部,RT20250000012235,11.0,18.0,1,0,苗栗縣竹南鎮仁愛路769號旁-11F,5A-平鎮倉,1x,N_0058,1,國3-竹南,N3,2.5050299885028235
24.71034,120.86828,74641 松柏長青-杏安長照,RT20250000011857,1.0,8.0,1,0,苗栗縣竹南鎮天祥街二段327號-杏安長照,5A-平鎮倉,1x,N_0059,1,國1-竹南,N1,1.73484868331475
24.71051,120.89915,78314 峻暐室內裝修-竹南鎮,RT20250000013680,1.0,8.0,1,0,苗栗縣竹南鎮公義路1040號旁工地,5A-平鎮倉,1x,N_0060,1,國1-竹南,N1,2.424740566453436
24.71157,120.911,72198 富泰-望隼科技,"RT20250000012705,RT20250000013681",1.0,40.0,1,0,苗栗縣竹南鎮科專路1號巷底-追加,5A-平鎮倉,1x,N_0061,5,國3-竹南,N3,3.3415699652855997
24.71157,120.91104,72198 富泰-望隼科技,RT202500007508,"3.0,5.0,7.0",45.0,1,0,苗栗縣竹南鎮科專路1號巷底,5A-平鎮倉,1x,N_0062,3,國3-竹南,N3,3.3446687170029294
24.71157,120.91107,72198 富泰-望隼科技,RT202400003965,1.0,8.0,1,0,苗栗縣竹南鎮科專路1號巷底,5A-平鎮倉,1x,N_0063,1,國3-竹南,N3,3.346994763335549
24.71182,120.91113,72198 富泰-望隼科技,RT202400002653,1.0,8.0,1,0,苗栗縣竹南鎮科專路1號巷底,5A-平鎮倉,1x,N_0064,1,國3-竹南,N3,3.3715312196832348
24.7125,120.90444,74337 京明營造-景御墅,RT20240000010929,1.0,8.0,1,0,苗栗縣竹南鎮大埔一街&專科二路五巷,5A-平鎮倉,1x,N_0065,1,國3-竹南,N3,2.9675920062562735
24.71251,120.90446,74337 京明營造-景御墅,RT202500001716,1.0,8.0,1,0,苗栗縣竹南鎮大埔一街&專科二路五巷,5A-平鎮倉,1x,N_0066,1,國3-竹南,N3,2.969725498375255
24.71294,120.9073,72336 和洋-苗栗,RT202500009381,1.0,8.0,1,0,苗栗縣竹南鎮大埔一街68號對面,5A-平鎮倉,1x,N_0067,1,國3-竹南,N3,3.1892631571574017
24.71318,120.90846,71654 薰漢-新境,"RT20250000010157,RT20250000010158,RT20250000012709,RT20250000012710","13.0,9.0",80.0,1,0,苗栗縣竹南鎮科學路&科專一路交叉口-B棟9F,5A-平鎮倉,1x,N_0068,4,國3-竹南,N3,3.2892055217030864
24.71343,120.90457,74790 薰漢營造-新向,RT20250000012883,1.0,8.0,1,0,苗栗縣竹南鎮公義路&科專二路交叉口,5A-平鎮倉,1x,N_0069,1,國3-竹南,N3,3.0625738825048527
24.71354,120.9094,68979 富泰-11202聯合環球,RT20250000010240,1.0,8.0,1,0,苗栗縣竹南鎮科專一路&科學路交叉口工地,5A-平鎮倉,1x,N_0070,1,國3-竹南,N3,3.385939604245833
24.71356,120.90826,71654 薰漢-新境,RT20250000013410,1.0,8.0,1,0,苗栗縣竹南鎮科學路&科專一路交叉口-B棟1F,5A-平鎮倉,1x,N_0071,1,國3-竹南,N3,3.3086588348149406
24.71371,120.90837,71654 薰漢-新境,"RT20250000013411,RT202500009979,RT202500009980","1.0,5.0",48.0,1,0,苗栗縣竹南鎮科學路&科專一路交叉口-A棟5F,5A-平鎮倉,1x,N_0072,3,國3-竹南,N3,3.3292987761690376
24.71393,120.90478,74790 薰漢營造-新向,"RT20240000013038,RT202500006691",1.0,16.0,1,0,苗栗縣竹南鎮公義路&科專二路交叉口,5A-平鎮倉,1x,N_0073,2,國3-竹南,N3,3.122028274904098
24.71722,120.90703,76791 日商藤田-竹南鎮,RT202500006934,1.0,16.0,1,0,苗栗縣竹南鎮群義路50號對面工地,5A-平鎮倉,1x,N_0074,2,國1-竹南,N1,3.557457874003258
24.72047,121.10124,76446 程鈞-沿河街,RT202500005281,1.0,8.0,1,0,新竹縣竹東鎮沿河街59巷10號,5A-平鎮倉,1x,N_0075,1,台68-竹東,TH68,4.089500468089997
24.72198,120.90814,77234 玄通營造-兆勁科技,RT202500008952,1.0,8.0,1,0,苗栗縣竹南鎮友義路81號,5A-平鎮倉,1x,N_0076,1,國1-竹南,N1,3.9634616915021206
24.72544,120.89694,67595 潤弘-竹南,RT202500007558,1.0,16.0,1,0,苗栗縣竹南鎮鳳梨坑19-3號,5A-平鎮倉,1x,N_0077,2,國1-竹南,N1,3.392602372987735
24.72621,120.89876,67595 潤弘-竹南,RT202500007557,1.0,16.0,1,0,苗栗縣竹南鎮鳳梨坑19-3號,5A-平鎮倉,1x,N_0078,2,國1-竹南,N1,3.5777517864854014
24.72643,120.89884,67595 潤弘-竹南,"RT202500003726,RT202500003727",1.0,48.0,1,0,苗栗縣竹南鎮鳳梨坑19-3號,5A-平鎮倉,1x,N_0079,6,國1-竹南,N1,3.602784541227269
24.72673,120.99891,71804 晉園工程股份有限公司,RT202500006676,1.0,8.0,1,0,新竹縣寶山鄉三峰路一段269號,5A-平鎮倉,1x,N_0080,1,台68-竹東,TH68,8.027288695505861
24.72739,120.89669,67595 潤弘-竹南,RT202500001925,1.0,16.0,1,0,苗栗縣竹南鎮鳳梨坑19-3號,5A-平鎮倉,1x,N_0081,2,國1-竹南,N1,3.5602602422020952
24.72766,121.09677,74532 富泰營造-意德士,RT20250000011240,1.0,8.0,1,0,新竹縣竹東鎮工業二路96號,5A-平鎮倉,1x,N_0082,1,台68-竹東,TH68,3.2719751876363956
24.72784,121.09668,74532 富泰營造-意德士,RT20250000011239,1.0,8.0,1,0,新竹縣竹東鎮工業二路96號,5A-平鎮倉,1x,N_0083,1,台68-竹東,TH68,3.2545684580306533
24.7291,121.09916,77552 永發營造-北興路一段,RT20250000013765,1.0,16.0,1,0,新竹縣竹東鎮北興路一段211號,5A-平鎮倉,1x,N_0084,2,台68-竹東,TH68,3.4554989954568214
24.73266,120.93093,67934 國隆-香山 文琩J區,RT20250000013440,1.0,56.0,1,0,新竹市香山區中華路6段647巷136弄2號(J區6座、B區4座),5A-平鎮倉,1x,N_0085,7,國3-竹南,N3,6.562288175667147
24.73349,121.09571,73758 竹富建設-竹東,RT202400008522,1.0,8.0,1,0,新竹縣竹東鎮中山路90號,5A-平鎮倉,1x,N_0086,1,台68-竹東,TH68,2.9438744416503426
24.73651,121.12728,66384 富泰-11109三和,RT20250000012834,1.0,8.0,1,0,新竹縣芎林鄉五和街228號(三和技研),5A-平鎮倉,1x,N_0087,1,台68-竹東,TH68,6.36987066575987
24.7372,121.02562,75646 松揚營造-寶山國中莒光分部,RT202500001635,1.0,8.0,1,0,新竹縣寶山鄉新湖路一段386號,5A-平鎮倉,1x,N_0088,1,台68-竹東,TH68,4.9359746790667876
24.73834,121.13064,72270 聚升-芎林,RT20250000013719,1.0,16.0,1,0,新竹縣芎林鄉五和街251號旁工地,5A-平鎮倉,1x,N_0089,2,台68-竹東,TH68,6.733561556057059
24.73859,121.09228,75514 得鑫建設-大同路,RT202500001195,1.0,8.0,1,0,新竹縣竹東鎮大同路173號旁,5A-平鎮倉,1x,N_0090,1,台68-竹東,TH68,2.478027454752073
24.74027,121.08466,70568 吉米營造-方德山河苑,RT20250000010767,1.0,16.0,1,0,新竹縣竹東鎮康寧街225號,5A-平鎮倉,1x,N_0091,2,台68-竹東,TH68,1.6275359622761922
24.74056,121.00536,76142 崧淯工程-寶山,RT202500003808,1.0,8.0,1,0,新竹縣寶山鄉寶峰路225號旁,5A-平鎮倉,1x,N_0092,1,國1-新竹,N1,7.173248390178483
24.74302,121.08479,73446 吉米營造-竹東,RT202500007211,1.0,8.0,1,0,新竹縣竹東鎮新民路28巷1號之1,5A-平鎮倉,1x,N_0093,1,台68-竹東,TH68,1.6755651298896221
24.74393,120.89833,77412 豐品建設-同#74230,RT202500009794,1.0,8.0,1,0,新竹市香山區南港街-南港賞鳥公園斜對面,5A-平鎮倉,1x,N_0094,1,國1-竹南,N1,5.283686047618863
24.74546,121.08068,69470 弘揚建設-竹東,RT20250000012776,1.0,8.0,1,0,新竹縣竹東鎮敦睦街2巷35號旁,5A-平鎮倉,1x,N_0095,1,台68-竹東,TH68,1.3314171224685531
24.74628,121.08457,77388 華盛-自強國中,RT202500009649,1.0,16.0,1,0,新竹縣竹東鎮自強路169號-自強國民中學,5A-平鎮倉,1x,N_0096,2,台68-竹東,TH68,1.7611027168516507
24.7463,121.08314,76284 鍠冠營造-朱國維住宅,RT202500004250,1.0,8.0,1,0,新竹縣竹東鎮長春路三段272巷40號旁,5A-平鎮倉,1x,N_0097,1,台68-竹東,TH68,1.6175164362697387
24.7465,121.0806,75935 辰鴻建設-竹東,RT202500002868,1.0,8.0,1,0,新竹縣竹東鎮忠孝街4號旁工地,5A-平鎮倉,1x,N_0098,1,台68-竹東,TH68,1.3801991921470051
24.74754,121.08112,72701 得鑫-番社子段,RT20250000010772,1.0,8.0,1,0,新竹縣竹東鎮永康街36號對面工地,5A-平鎮倉,1x,N_0099,1,台68-竹東,TH68,1.4913129872705788
24.74882,120.90851,70880 暐順-弘塑科技,RT20250000011893,1.0,8.0,1,0,新竹市香山區中華路六段89號附近,5A-平鎮倉,1x,N_0100,1,國1-竹南,N1,6.275391160119583
24.75029,121.07983,70502 禾家歡工程有限公司,RT202500009397,1.0,8.0,1,0,新竹縣竹東鎮北興路三段612號旁,5A-平鎮倉,1x,N_0101,1,台68-竹東,TH68,1.5796083922929292
24.75048,121.01743,76181 奎富建設-寶山,RT202500003876,1.0,8.0,1,0,新竹縣寶山鄉寶山十街13號隔壁隔壁,5A-平鎮倉,1x,N_0102,1,台68-竹東,TH68,5.950092127966226
24.75209,121.03425,77957 全日通清潔有限公司,RT20250000012197,1.0,8.0,1,0,新竹縣竹東鎮水仙路200巷-1號-萊茵山莊,5A-平鎮倉,1x,N_0103,1,台68-竹東,TH68,4.18902676317472
24.75231,121.06846,75966 全日通-竹東,RT20250000012408,1.0,8.0,1,0,新竹縣竹東鎮金福街13巷38號,5A-平鎮倉,1x,N_0104,1,台68-竹東,TH68,1.3770609179337578
24.75335,121.00286,76879 達欣工程-台積電-雙龍料場,RT202500007219,1.0,32.0,0,1,新竹縣寶山鄉大雅一街110號-會分散擺放-雙龍料廠,5A-平鎮倉,2x,N_0105,4,國1-新竹,N1,5.766449572665696
24.75772,121.03434,75821 永續開發-竹東,RT202500009888,1.0,8.0,1,0,新竹縣竹東鎮柯湖路3段291號福龍宮附近,5A-平鎮倉,1x,N_0106,1,台68-竹東,TH68,4.420022230033923
24.75814,121.06821,76032 全日通-新竹縣竹東鎮中興路,RT20250000012528,1.0,8.0,1,0,新竹縣竹東鎮中興路2段2巷1號,5A-平鎮倉,1x,N_0107,1,台68-竹東,TH68,2.023319314320184
24.75826,121.06303,74770 富泰營造-矽格,RT202500007680,1.0,16.0,1,0,新竹縣竹東鎮中興路二段169巷11號,5A-平鎮倉,1x,N_0108,2,台68-竹東,TH68,2.1694991884072916
24.7587,121.06316,74770 富泰營造-矽格,RT20240000012977,1.0,16.0,1,0,新竹縣竹東鎮中興路二段169巷11號,5A-平鎮倉,1x,N_0109,2,台68-竹東,TH68,2.2101981512074134
24.75881,121.01032,68302 啟德機械-五廠,RT20250000013552,1.0,16.0,1,0,新竹縣寶山鄉大雅路２段140巷7號(寶山交流道旁啟德工地),5A-平鎮倉,1x,N_0110,2,國1-新竹,N1,5.677211625304458
24.7591,121.00351,72732 宥塍-大雅路二段,RT20250000012315,1.0,8.0,1,0,"新竹縣寶山鄉大雅路二段141號24°45'33.4""N 121°00'13.8""E",5A-平鎮倉,1x,N_0111,1,國1-新竹,N1,5.236483205559012
24.7595,121.00211,77480 德昌營造股份有限公司,RT20250000010076,1.0,8.0,1,0,新竹縣寶山鄉雙龍路206號工地,5A-平鎮倉,1x,N_0112,1,國1-新竹,N1,5.121783573531818
24.75956,121.06258,76531 和碩-中興路二段,RT202500005654,1.0,16.0,1,0,新竹縣竹東鎮中興路二段169巷11號,5A-平鎮倉,1x,N_0113,2,台68-竹東,TH68,2.322129550649636
24.75997,121.00256,77742 玄通營造-寶山鄉雙龍段,RT20250000011284,1.0,32.0,0,1,新竹縣寶山鄉大雅路二段近啟德廠-雙龍段296號-電聯定位,5A-平鎮倉,2x,N_0114,4,國1-新竹,N1,5.100392023609632
24.76053,121.0015,73416 啟成系統-亞東氣體,RT20250000012977,1.0,32.0,1,0,新竹縣寶山鄉大雅一街101號-亞東氣體,5A-平鎮倉,1x,N_0115,4,國1-新竹,N1,4.988991162439112
24.76076,120.99148,77013 達欣工程-台積電-環南上料場,RT202500007810,1.0,16.0,0,1,新竹縣寶山鄉大雅一街110號-會分散擺放-環南上料場,5A-平鎮倉,2x,N_0116,2,國1-新竹,N1,4.538214332531813
24.76092,120.99869,68263 雙喜營造-寶山,"RT20240000014856,RT20240000014857",1.0,48.0,1,0,新竹縣寶山鄉三峰路2段104巷,5A-平鎮倉,1x,N_0117,6,國1-新竹,N1,4.808443257697692
24.76103,120.98806,70531 互助營造-第二料場 | 70875 互助營造-第二料場,"RT202500006161,RT202500006980",1.0,16.0,1,0,新竹縣寶山鄉環南路101號斜對面,5A-平鎮倉,1x,N_0118,2,國1-新竹,N1,4.417220558733645
24.76132,120.99069,77014 達欣工程-台積電-環南下料場,RT202500007811,1.0,16.0,0,1,新竹縣寶山鄉大雅一街110號-會分散擺放-環南下料場,5A-平鎮倉,2x,N_0119,2,國1-新竹,N1,4.454432212807661
24.76186,121.00114,70298 金樹營造-竹科TSMC,RT20250000012783,1.0,32.0,1,0,新竹縣寶山鄉大雅一街101號隔壁,5A-平鎮倉,1x,N_0120,4,國1-新竹,N1,4.840362683023173
24.76193,121.00095,75477 沅珅科技-亞東氣體,RT2025000920,1.0,8.0,1,0,新竹縣寶山鄉大雅一街105號-亞東氣體,5A-平鎮倉,1x,N_0121,1,國1-新竹,N1,4.823364986749462
24.76252,120.99029,77011 達欣工程-台積電-湳坑料場,RT202500007807,1.0,16.0,0,1,新竹縣寶山鄉大雅一街110號-會分散擺放-湳坑料場,5A-平鎮倉,2x,N_0122,2,國1-新竹,N1,4.314223878579023
24.76552,121.05537,73219 圓湖開發-竹科主人,RT20250000012832,1.0,8.0,1,0,新竹縣竹東鎮學府路93號對面,5A-平鎮倉,1x,N_0123,1,台68-竹東,TH68,3.265187780710167
24.7673,120.98337,71456 皇量營造-寶山,RT20250000010144,1.0,8.0,1,0,新竹縣寶山鄉環北路303號,5A-平鎮倉,1x,N_0124,1,國1-新竹,N1,3.64892456141542
24.76732,120.98872,69340 世乾開發,RT20250000013716,1.0,8.0,1,0,新竹縣寶山鄉雙豐二街附近工地,5A-平鎮倉,1x,N_0125,1,國1-新竹,N1,3.7543947950100582
24.76735,121.00063,66241 新翔駿-寶山,RT202500007727,1.0,16.0,1,0,新竹縣寶山鄉大雅三街66旁,5A-平鎮倉,1x,N_0126,2,國1-新竹,N1,4.28698526092623
24.76764,120.99768,77015 達欣工程-台積電-雙園料場,RT202500007812,1.0,32.0,0,1,新竹縣寶山鄉大雅一街110號-會分散擺放-雙園料場,5A-平鎮倉,2x,N_0127,4,國1-新竹,N1,4.093104493168953
24.76797,120.95913,76976 嶼在室所-美之城,RT202500007616,1.0,8.0,1,0,新竹市香山區美之城53號,5A-平鎮倉,1x,N_0128,1,國1-新竹,N1,4.243450008401542
24.76882,120.99605,70024 長泰營造-寶山鄉,RT202500007249,1.0,24.0,1,0,新竹縣寶山鄉雙園路二段39號,5A-平鎮倉,1x,N_0129,3,國1-新竹,N1,3.892595915696421
24.76902,120.99332,77012 達欣工程-台積電-環北料場,RT202500007808,1.0,32.0,0,1,新竹縣寶山鄉大雅一街110號-會分散擺放-環北料場,5A-平鎮倉,2x,N_0130,4,國1-新竹,N1,3.7431576614934894
24.76914,120.96889,71264 駿順科技股份有限公司,RT20250000012227,1.0,8.0,1,0,新竹市東區仲生路43號,5A-平鎮倉,1x,N_0131,1,國1-新竹,N1,3.6406844295682945
24.7692,120.96882,78329 永林工務-仲生路,RT20250000013768,1.0,8.0,1,0,新竹市東區仲生路45號,5A-平鎮倉,1x,N_0132,1,國1-新竹,N1,3.637062661049745
24.76976,120.96252,78193 高上營造-東區柴橋路,RT20250000013213,1.0,8.0,1,0,新竹市東區柴橋路100巷158號-出入須換人車證,5A-平鎮倉,1x,N_0133,1,國1-新竹,N1,3.8770760333016456
24.77233,120.96219,78330 東億國際建材-大自然社區,RT20250000013769,1.0,8.0,1,0,新竹市東區明湖路648巷104弄27號-大自然社區,5A-平鎮倉,1x,N_0134,1,國1-新竹,N1,3.652600008897654
24.7726,121.00428,76626 蘇建興-銜接#67482,RT202500006089,1.0,16.0,1,0,新竹縣寶山鄉工業東九路,5A-平鎮倉,1x,N_0135,2,國1-新竹,N1,4.063689231030624
24.77367,120.95005,76402 珍珠營造-艾里斯特,RT202500005109,1.0,8.0,1,0,新竹市香山區東香路二段61號旁工地,5A-平鎮倉,1x,N_0136,1,國1-新竹,N1,4.426480985997862
24.77487,121.00757,68343 中麟營造-新三期標準廠房,RT202500004063,5.0,15.0,1,0,新竹市東區工業東四路&東三路交叉口-B棟,5A-平鎮倉,1x,N_0137,1,國1-新竹,N1,4.1407936676196
24.77516,120.98954,78318 田鼎營造-新竹科學園區,RT20250000013692,1.0,8.0,1,0,新竹縣寶山鄉研新一路8號-新竹市科學園區,5A-平鎮倉,1x,N_0138,1,國1-新竹,N1,2.9535954938347517
24.7752,121.00678,68343 中麟營造-新三期標準廠房,RT202500006496,7.0,15.0,1,0,新竹市東區工業東四路&東三路交叉口-A棟,5A-平鎮倉,1x,N_0139,1,國1-新竹,N1,4.051436744711793
24.77521,121.00765,68343 中麟營造-新三期標準廠房,RT202500007758,1.0,8.0,1,0,新竹市東區工業東四路&東三路交叉口-從五號門進去,5A-平鎮倉,1x,N_0140,1,國1-新竹,N1,4.1220722432528625
24.7755,121.00614,68343 中麟營造-新三期標準廠房,RT202500006495,7.0,15.0,1,0,新竹市東區工業東四路&東三路交叉口-B棟,5A-平鎮倉,1x,N_0141,1,國1-新竹,N1,3.9767593114995776
24.77561,121.00696,68343 中麟營造-新三期標準廠房,"RT202500006497,RT202500006498",1.0,24.0,1,0,新竹市東區工業東四路&東三路交叉口,5A-平鎮倉,1x,N_0142,3,國1-新竹,N1,4.035447248781961
24.77567,121.00593,68343 中麟營造-新三期標準廠房,"RT202500005254,RT202500005255",3.0,30.0,1,0,新竹市東區工業東四路&東三路交叉口-B棟,5A-平鎮倉,1x,N_0143,2,國1-新竹,N1,3.946848151348239
24.77567,121.01903,77149 君震營造-力行路,RT202500008600,1.0,8.0,1,0,新竹市東區力行路&力行二路路口,5A-平鎮倉,1x,N_0144,1,國1-新竹,N1,5.105143056349778
24.77585,121.00576,68343 中麟營造-新三期標準廠房,RT202500004062,5.0,15.0,1,0,新竹市東區工業東四路&東三路交叉口-A棟,5A-平鎮倉,1x,N_0145,1,國1-新竹,N1,3.9194162871651894
24.77602,121.07545,77939 堅景銓-文德星巴克,RT20250000012074,1.0,8.0,1,0,新竹縣芎林鄉文德路5號-星巴克芎林文德門市,5A-平鎮倉,1x,N_0146,1,台68-竹東,TH68,4.043726953059756
24.77606,121.00572,68343 中麟營造-新三期標準廠房,RT202500008794,1.0,8.0,1,0,新竹市東區工業東四路&東三路交叉口-1F1號門,5A-平鎮倉,1x,N_0147,1,國1-新竹,N1,3.900259489059044
24.77624,121.07262,73843 邦潔系統-芎林,RT20250000011883,1.0,8.0,1,0,新竹縣芎林鄉富林路三段400號,5A-平鎮倉,1x,N_0148,1,台68-竹東,TH68,4.033138832473177
24.7765,121.01095,76940 昱旺開發-園區一路,RT202500007477,1.0,8.0,1,0,新竹市東區園區一路&竹村七路交叉口,5A-平鎮倉,1x,N_0149,1,國1-新竹,N1,4.31353555131908
24.77683,121.01734,71903 國隆-實驗中學,RT2024000572,1.0,8.0,1,0,新竹市東區介壽路300號,5A-平鎮倉,1x,N_0150,1,國1-新竹,N1,4.877846344904742
24.7776,121.0704,76851 厚森建設-芎林鄉,RT202500007127,1.0,8.0,1,0,新竹縣芎林鄉富林路三段501巷7號隔壁工地,5A-平鎮倉,1x,N_0151,1,台68-竹東,TH68,4.173836163531246
24.77768,121.01408,77543 國隆營造-湖濱一路,RT20250000010402,1.0,8.0,1,0,新竹市東區湖濱一路與湖濱二路交接處-近開臺金山寺,5A-平鎮倉,1x,N_0152,1,國1-新竹,N1,4.521978156161619
24.77782,121.0149,68167 竹科實中,RT2024000435,1.0,8.0,1,0,新竹市東區金山寺街(竹科實中警衛室)-附圖,5A-平鎮倉,1x,N_0153,1,國1-新竹,N1,4.590037770040185
24.77818,121.01783,71903 國隆-實驗中學,RT20240000013263,1.0,8.0,1,0,新竹市東區介壽路300號,5A-平鎮倉,1x,N_0154,1,國1-新竹,N1,4.847563680582293
24.77956,121.07627,75781 恆鼎營造-芎林,RT202500002223,1.0,8.0,1,0,新竹縣芎林鄉光明路50號旁,5A-平鎮倉,1x,N_0155,1,台68-竹東,TH68,4.4459712534497635
24.78104,121.00395,77288 皇統營造-新安路,RT202500009179,1.0,32.0,1,0,新竹市東區新安路3號-附定位圖,5A-平鎮倉,1x,N_0156,4,國1-新竹,N1,3.3906532108281873
24.7814,121.03103,71544 寬立堡營造-竹中火車站對面,RT20250000013331,1.0,8.0,1,0,新竹縣竹東鎮竹中路186號附近-火車站對面),5A-平鎮倉,1x,N_0157,1,國1-竹北,N1,5.87799334032408
24.7823,121.06947,76601 鈞崴建設-?屾,RT202500005876,1.0,8.0,1,0,新竹縣芎林鄉綠獅五街250巷口,5A-平鎮倉,1x,N_0158,1,台68-竹東,TH68,4.695668542273921
24.78235,121.07294,76939 英頓營造-綠獅一街,RT202500007476,1.0,8.0,1,0,新竹縣芎林鄉綠獅一街57號,5A-平鎮倉,1x,N_0159,1,台68-竹東,TH68,4.712163889138763
24.78275,121.0747,77093 寬立堡-綠獅段,RT202500008257,1.0,8.0,1,0,新竹縣芎林鄉綠獅三街9巷7號,5A-平鎮倉,1x,N_0160,1,台68-竹東,TH68,4.77384210594604
24.785,121.00414,74563 蘇建興-東區,RT202500005790,1.0,8.0,1,0,新竹市東區科技四路5號附近,5A-平鎮倉,1x,N_0161,1,國1-新竹,N1,3.1547043619968296
24.78508,121.00494,77065 閎大營造股份有限公司,RT20250000013733,1.0,8.0,1,0,新竹市東區科技五路1樓,5A-平鎮倉,1x,N_0162,1,國1-新竹,N1,3.2259013949593283
24.78744,121.18259,69900 寶金建設-大德街,RT202500007382,1.0,8.0,1,0,新竹縣關西鎮育賢街128巷5號對面,5A-平鎮倉,1x,N_0163,1,國3-關西,N3,0.8744496587566842
24.78746,120.98787,64618 東鋼-清華大學,RT2025000860,1.0,16.0,1,0,新竹市東區光復路2段101號(清華大學台積館對面工地),5A-平鎮倉,1x,N_0164,2,國1-新竹,N1,1.643356780647409
24.7878,121.18327,74016 軒程工程-關西大德街,RT20250000013708,1.0,8.0,1,0,新竹縣關西鎮東安里6鄰大德街135號旁,5A-平鎮倉,1x,N_0165,1,國3-關西,N3,0.9388060826916385
24.78789,121.18208,69900 寶金建設-大德街,RT202500008771,1.0,16.0,1,0,新竹縣關西鎮育賢街128巷5號對面,5A-平鎮倉,1x,N_0166,2,國3-關西,N3,0.9057117082712101
24.78934,121.06795,74603 恆鼎營造-芎林三民路,RT20250000011504,1.0,8.0,1,0,新竹縣芎林鄉三民路279號,5A-平鎮倉,1x,N_0167,1,台68-竹東,TH68,5.481465135353946
24.79049,121.012,75436 吉寬-東區,RT2025000726,1.0,16.0,1,0,新竹市東區慈雲路60號旁,5A-平鎮倉,1x,N_0168,2,國1-新竹,N1,3.705538621050626
24.79127,121.0649,77210 合石建設-金獅六街,RT202500008857,1.0,8.0,1,0,新竹縣芎林鄉金獅六街141號旁,5A-平鎮倉,1x,N_0169,1,台68-竹東,TH68,5.719056631202635
24.79164,120.99731,76490 陞麥國際-光明新村,RT202500005402,1.0,24.0,1,0,新竹市東區光明新村167號,5A-平鎮倉,1x,N_0170,3,國1-新竹,N1,2.1337586905968853
24.79248,121.18555,73026 佳群建設-關農段,RT202500004854,1.0,16.0,1,0,新竹縣關西鎮育賢街51號對面,5A-平鎮倉,1x,N_0171,2,國3-關西,N3,1.516086501786737
24.79292,120.96701,72809 虹樺-異而富新興段,RT20250000011818,1.0,8.0,1,0,新竹市東區明湖路116巷18弄,5A-平鎮倉,1x,N_0172,1,國1-新竹,N1,1.6421492461104144
24.79363,120.94282,77478 廣德營造-香山區,RT20250000010068,1.0,8.0,1,0,新竹市香山區育德街139巷-電聯定位,5A-平鎮倉,1x,N_0173,1,台61-新竹,TH61,2.307970819853761
24.7938,120.96725,76628 時基營造-新興段,RT202500006097,1.0,8.0,1,0,新竹市東區食品路446巷,5A-平鎮倉,1x,N_0174,1,國1-新竹,N1,1.5737063901817896
24.7946,121.0857,78253 昌拓營造-芎林鄉,RT20250000013463,1.0,8.0,1,0,新竹縣芎林鄉文德路570巷-附地標,5A-平鎮倉,1x,N_0175,1,台68-竹東,TH68,6.306177578375397
24.79463,120.95499,72700 全日通-崧嶺路,RT20250000012529,1.0,8.0,1,0,新竹市香山區(北區)崧嶺路65號,5A-平鎮倉,1x,N_0176,1,國1-新竹,N1,2.8393813017989245
24.79494,120.9468,78234 日曼開發-香山區,RT20250000013382,1.0,8.0,1,0,新竹市香山區中華路四段246巷39號,5A-平鎮倉,1x,N_0177,1,台61-新竹,TH61,2.504381399786168
24.7955,121.17016,66489 匯僑室內-健康宅,RT20250000013755,1.0,32.0,1,0,新竹縣關西鎮北平路488號-健康宅,5A-平鎮倉,1x,N_0178,4,國3-關西,N3,2.037917679299751
24.79637,120.97439,77981 好士達營造-竹蓮國小,RT20250000012317,1.0,8.0,1,0,新竹市東區食品路226號-竹蓮國小,5A-平鎮倉,1x,N_0179,1,國1-新竹,N1,0.7417009700685987
24.7966,120.9947,75339 和久營造-國立清華大學-醫輔大樓增建工程,RT2025000237,1.0,8.0,1,0,新竹市東區光復路二段101號-國立清華大學,5A-平鎮倉,1x,N_0180,1,國1-新竹,N1,1.6747762984937808
24.79717,121.00398,74067 雙喜營造-建功安居,RT202500009021,1.0,8.0,1,0,新竹市東區建功二路28號附近-建功安居社會住宅,5A-平鎮倉,1x,N_0181,1,國1-新竹,N1,2.680251933176571
24.79732,120.95609,73179 樺源營造-承德段,RT20250000012828,1.0,8.0,1,0,新竹市香山區中山路479號旁,5A-平鎮倉,1x,N_0182,1,國1-新竹,N1,2.670629781624655
24.79736,120.94264,74502 坤宥營造-香山國小,RT20240000011673,1.0,8.0,1,0,新竹市香山區牛埔路387號旁入-香山國小,5A-平鎮倉,1x,N_0183,1,台61-新竹,TH61,1.9841981965510038
24.79744,120.93689,74579 全日通-竹北,RT20250000012527,1.0,8.0,1,0,新竹市香山區浸水街22號隔壁工地,5A-平鎮倉,1x,N_0184,1,台61-新竹,TH61,1.5901527755844165
24.79753,120.95687,78003 億昇營造-警光路,RT20250000012491,1.0,8.0,1,0,新竹市北區警光路12巷,5A-平鎮倉,1x,N_0185,1,國1-新竹,N1,2.5820274967175045
24.7976,121.00268,73919 好士達營造-建功高中,RT20250000013301,1.0,8.0,1,0,新竹市東區建功二路17號-建功高中,5A-平鎮倉,1x,N_0186,1,國1-新竹,N1,2.5315359982423233
24.79844,120.9686,76515 秉藙營造-西大路,RT202500005558,1.0,8.0,1,0,新竹市東區西大路228號,5A-平鎮倉,1x,N_0187,1,國1-新竹,N1,1.2771928380642321
24.79876,120.96639,77183 世晟營造-中華路二段,RT202500008756,1.0,16.0,1,0,新竹市東區中華路二段632號,5A-平鎮倉,1x,N_0188,2,國1-新竹,N1,1.5169671959867632
24.79882,120.9596,73110 鴻翰營造-鴻碩,RT202500008827,9.0,16.0,1,0,新竹市北區西門街295號對面-9F,5A-平鎮倉,1x,N_0189,1,國1-新竹,N1,2.2681849837270147
24.79901,120.92006,77155 力泊鑫營造-太初玄清宮,RT202500008644,1.0,8.0,1,0,新竹市香山區瑞光街164巷99號-太初玄清宮,5A-平鎮倉,1x,N_0190,1,台61-新竹,TH61,1.6448376113464709
24.79901,120.95956,73110 鴻翰營造-鴻碩,RT202400006001,1.0,8.0,1,0,新竹市北區西門街295號對面,5A-平鎮倉,1x,N_0191,1,國1-新竹,N1,2.271499671517467
24.79902,120.95941,73110 鴻翰營造-鴻碩,"RT202400006076,RT202500004981","1.0,3.0",24.0,1,0,新竹市北區西門街295號對面,5A-平鎮倉,1x,N_0192,2,國1-新竹,N1,2.288077277650236
24.79903,120.95958,73110 鴻翰營造-鴻碩,RT202500007580,6.0,16.0,1,0,新竹市北區西門街295號對面,5A-平鎮倉,1x,N_0193,1,國1-新竹,N1,2.2691758533222544
24.79905,120.95905,76739 展才營造-天公壇錢,RT202500006765,1.0,8.0,1,0,新竹市北區育英路&西門街交岔口,5A-平鎮倉,1x,N_0194,1,國1-新竹,N1,2.3278396433172848
24.79908,120.97987,68832 福住建設-東區,RT202500002417,1.0,8.0,1,0,新竹市東區食品路57號-電聯開門,5A-平鎮倉,1x,N_0195,1,國1-新竹,N1,0.10313447192869822
24.79914,120.95963,73110 鴻翰營造-鴻碩,RT20250000011791,12.0,16.0,1,0,新竹市北區西門街295號對面,5A-平鎮倉,1x,N_0196,1,國1-新竹,N1,2.2630842133026943
24.79916,120.98001,68832 福住建設-東區,RT20250000013793,1.0,8.0,1,0,新竹市東區食品路57號-電聯開門-追加,5A-平鎮倉,1x,N_0197,1,國1-新竹,N1,0.09324660690878184
24.79921,120.97999,68832 福住建設-東區,RT202500002416,1.0,16.0,1,0,新竹市東區食品路57號-電聯開門,5A-平鎮倉,1x,N_0198,2,國1-新竹,N1,0.0876970250352942
24.79938,121.00061,72109 廣京-建功高中,RT202500008392,1.0,8.0,1,0,新竹市東區建功二路17號-建功高中,5A-平鎮倉,1x,N_0199,1,國1-新竹,N1,2.2887449041986514
24.79943,121.00046,72109 廣京-建功高中,RT202500008393,1.0,8.0,1,0,新竹市東區建功二路17號-建功高中,5A-平鎮倉,1x,N_0200,1,國1-新竹,N1,2.271941156038148
24.79959,121.00084,72109 廣京-建功高中,RT202500008394,1.0,8.0,1,0,新竹市東區建功二路17號-建功高中,5A-平鎮倉,1x,N_0201,1,國1-新竹,N1,2.3136876318328374
24.80052,120.96921,73164 理德建設-域品?,RT20250000012298,1.0,8.0,1,0,新竹市東區中華路二段514號,5A-平鎮倉,1x,N_0202,1,國1-新竹,N1,1.1990800367364958
24.80108,120.96066,70454 宏檳營造-四維路,RT202500009396,1.0,8.0,1,0,新竹市北區四維路89巷4號,5A-平鎮倉,1x,N_0203,1,國1-新竹,N1,2.1500846127536017
24.8016,121.03898,70692 康乃薾國際實驗,RT202500009010,1.0,8.0,1,0,新竹縣竹北市六家五路與高鐵六路交岔口,5A-平鎮倉,1x,N_0204,1,國1-竹北,N1,4.503920439838087
24.80167,121.04022,77229 捷瑞營造-竹北-3,RT202500008942,1.0,8.0,1,0,新竹縣竹北市隘口七街52號隔壁工地,5A-平鎮倉,1x,N_0205,1,國1-竹北,N1,4.597915981539652
24.80178,121.00184,75754 全城營造-東區,RT202500002081,1.0,8.0,1,0,新竹市東區東美路102之1號,5A-平鎮倉,1x,N_0206,1,國1-新竹,N1,2.432278239428749
24.80204,121.03416,77400 潤澄營造-隘口二路,RT202500009735,1.0,8.0,1,0,新竹縣竹北市隘口二路12巷60號隔壁,5A-平鎮倉,1x,N_0207,1,國1-竹北,N1,4.101697376842255
24.80221,121.01528,76911 東凌工程-水利路,RT202500007387,1.0,8.0,1,0,新竹縣東區水利路46巷100號附近,5A-平鎮倉,1x,N_0208,1,國1-竹北,N1,3.1398729532418286
24.80256,121.04083,72891 冠輝-文小三校舍,RT202500005290,1.0,32.0,1,0,新竹縣竹北市隘口三街&高鐵八路交叉口,5A-平鎮倉,1x,N_0209,4,國1-竹北,N1,4.581278756252988
24.80267,120.96597,72744 閤勝營造-南門街,RT20250000012824,1.0,8.0,1,0,新竹市東區南門街111巷7號,5A-平鎮倉,1x,N_0210,1,國1-新竹,N1,1.5852797563211776
24.80276,121.04092,72891 冠輝-文小三校舍,RT202500004792,1.0,16.0,1,0,新竹縣竹北市隘口三街&高鐵八路交叉口,5A-平鎮倉,1x,N_0211,2,國1-竹北,N1,4.574040505285818
24.80302,121.04029,66440 聯森建設-隘興段,RT20250000012493,1.0,8.0,1,0,新竹縣竹北市隘口三街&高鐵八路交叉口,5A-平鎮倉,1x,N_0212,1,國1-竹北,N1,4.502558033439894
24.80307,121.04389,71084 華盛營建-隘口,RT20250000012914,1.0,24.0,1,0,新竹縣竹北市隘口二路382號對面工地,5A-平鎮倉,1x,N_0213,3,國1-竹北,N1,4.804847551899782
24.80308,121.04588,74913 崴正營造-茂盛,RT202500008070,1.0,24.0,1,0,新竹縣竹北市生醫路二段150號(隔壁工地),5A-平鎮倉,1x,N_0214,3,國1-竹北,N1,4.979016079185789
24.80344,121.03385,75835 文亮營造-竹北,RT202500002462,1.0,8.0,1,0,新竹縣竹北市隘口六街57號旁,5A-平鎮倉,1x,N_0215,1,國1-竹北,N1,3.9623363572641774
24.80388,120.96059,76757 日盛營造-創碩AI,RT20250000013571,1.0,8.0,1,0,新竹市北區北大路420號,5A-平鎮倉,1x,N_0216,1,國1-新竹,N1,2.1971341794491215
24.80397,120.95459,68475 雙喜營造-中雅安居,RT202500005342,1.0,16.0,1,0,新竹市北區經國路2段跟凌雲街口(入口凌雲街),5A-平鎮倉,1x,N_0217,2,台61-新竹,TH61,2.810359106767913
24.80402,121.15418,76331 全泰營造-茅子埔,RT202500004583,1.0,8.0,1,0,新竹縣關西鎮茅子埔18-19號對面,5A-平鎮倉,1x,N_0218,1,國3-關西,N3,3.914434790465485
24.80403,120.98203,75923 光楹-東區,RT202500009947,1.0,8.0,1,0,新竹市東區公園路193巷12號對面,5A-平鎮倉,1x,N_0219,1,國1-新竹,N1,0.5008769687254069
24.80412,120.95987,73859 升皇營造有限公司,RT202400008980,1.0,24.0,1,0,新竹市北區廣州街2號,5A-平鎮倉,1x,N_0220,3,國1-新竹,N1,2.280749659060466
24.80418,121.03696,78025 松恩國際-高鐵二路,RT20250000012570,1.0,8.0,1,0,新竹縣竹北市高鐵二路156號工地,5A-平鎮倉,1x,N_0221,1,國1-竹北,N1,4.143607847515488
24.80421,120.95466,68475 雙喜營造-中雅安居,RT20250000011358,5.0,24.0,1,0,新竹市北區經國路2段跟凌雲街口(入口凌雲街)-A.B棟-5F,5A-平鎮倉,1x,N_0222,2,台61-新竹,TH61,2.811697484385183
24.8045,121.04194,44709 東元醫療社團法人艾微芙診所,RT202500004123,1.0,8.0,1,0,新竹縣竹北市文興路二段360號,5A-平鎮倉,1x,N_0223,1,國1-竹北,N1,4.5366469959202025
24.80471,120.97593,76649 佳群建設-中華路二段,RT202500006224,1.0,8.0,1,0,新竹市北區中華路２段270號(新竹女中)對面工地,5A-平鎮倉,1x,N_0224,1,國1-新竹,N1,0.6909605118961503
24.80479,120.95479,68475 雙喜營造-中雅安居,RT202500001067,1.0,16.0,1,0,新竹市北區經國路2段跟凌雲街口(入口凌雲街),5A-平鎮倉,1x,N_0225,2,台61-新竹,TH61,2.8118037470985136
24.80485,121.04141,71168 大將作-欣悅護理之家,RT20250000012942,1.0,16.0,1,0,新竹縣竹北市隘口一街&高鐵八路交叉口,5A-平鎮倉,1x,N_0226,2,國1-竹北,N1,4.46643724937397
24.80495,121.04799,77838 富泰營造股份有限公司,RT20250000011601,1.0,8.0,1,0,新竹縣竹北市生醫五路15巷18號旁工地,5A-平鎮倉,1x,N_0227,1,國1-竹北,N1,5.051100827996992
24.80499,121.09281,75622 鉑金工程-新埔,RT202500007178,1.0,8.0,1,0,新竹縣新埔鎮內立坑街501巷,5A-平鎮倉,1x,N_0228,1,台68-竹東,TH68,7.645310796835307
24.80546,121.05028,64173 金統營造-東海國小,"RT202500003517,RT202500007799",1.0,32.0,1,0,新竹縣竹北市東興路１段839號-東海國小,5A-平鎮倉,1x,N_0229,4,國1-竹北,N1,5.235494770314895
24.80568,121.03806,76494 鴻翰營造-鴻磬,"RT20250000012377,RT20250000012786,RT202500006867,RT202500008135","11.0,13.0,7.0,9.0",68.0,1,0,新竹縣竹北市高鐵三路隘口一街路口-高鐵派出所正後方,5A-平鎮倉,1x,N_0230,4,國1-竹北,N1,4.121712647188932
24.80569,121.03803,76494 鴻翰營造-鴻磬,RT202500005451,"3.0,5.0",34.0,1,0,新竹縣竹北市高鐵三路隘口一街路口-高鐵派出所正後方,5A-平鎮倉,1x,N_0231,2,國1-竹北,N1,4.118469484772307
24.80575,121.03786,73785 合石建設-隘口一街,RT202400008612,1.0,16.0,1,0,新竹縣竹北市隘口一街70號,5A-平鎮倉,1x,N_0232,2,國1-竹北,N1,4.099856938247006
24.80585,121.03741,73785 合石建設-隘口一街,RT20250000013910,4.0,13.0,1,0,新竹縣竹北市隘口一街70號,5A-平鎮倉,1x,N_0233,1,國1-竹北,N1,4.05496627884769
24.80588,121.03516,78315 金石發營造-隘興段565地號,RT20250000013682,1.0,8.0,1,0,新竹縣竹北市嘉政九街31號旁-隘興段565地號,5A-平鎮倉,1x,N_0234,1,國1-竹北,N1,3.8687919044579946
24.80619,121.03929,74475 璉嶸營造-竹北,RT202500003252,1.0,8.0,1,0,新竹縣竹北市高鐵七路6號旁,5A-平鎮倉,1x,N_0235,1,國1-竹北,N1,4.189893755716309
24.80641,121.0395,74475 璉嶸營造-竹北,RT20240000011600,1.0,8.0,1,0,新竹縣竹北市高鐵七路6號旁,5A-平鎮倉,1x,N_0236,1,國1-竹北,N1,4.192712741185391
24.80708,120.9746,74289 龍國建設-東區,RT20250000013691,1.0,8.0,1,0,新竹市東區民族路67巷9號,5A-平鎮倉,1x,N_0237,1,國1-新竹,N1,0.9883763121407183
24.80743,120.96428,66476 啟森營造-北區,RT202500008112,1.0,8.0,1,0,新竹市北區仁德街120號旁(工地內),5A-平鎮倉,1x,N_0238,1,國1-新竹,N1,1.9300065749371316
24.80757,121.04257,72573 麗明-聯發科,RT202500005543,1.0,32.0,0,1,新竹縣竹北市高鐵八路(十三甲伯公廟旁工地),5A-平鎮倉,2x,N_0239,4,國1-竹北,N1,4.389639238683981
24.80785,121.02858,74453 捷瑞營造-中壢,RT20250000011067,1.0,8.0,1,0,新竹縣竹北市六家五路一段241號,5A-平鎮倉,1x,N_0240,1,國1-竹北,N1,3.2091075218664704
24.80794,120.98024,73248 隆燁營造-澄邑,RT202500006699,1.0,8.0,1,0,新竹市東區民族路178巷32號,5A-平鎮倉,1x,N_0241,1,國1-新竹,N1,0.881742527725369
24.80807,121.03452,78349 東楓營造-同#68601唯新建設,RT20250000013906,1.0,8.0,1,0,新竹縣竹北市嘉興路498號旁工地,5A-平鎮倉,1x,N_0242,1,國1-竹北,N1,3.6514703136265427
24.80834,121.02741,77902 旺展企業社,RT20250000011786,1.0,8.0,1,0,新竹縣竹北市六家五路一段218號,5A-平鎮倉,1x,N_0243,1,國1-竹北,N1,3.084649258456733
24.80848,121.04187,72573 麗明-聯發科,"RT202400004423,RT202400004426",1.0,64.0,0,1,新竹縣竹北市高鐵八路(十三甲伯公廟旁工地),5A-平鎮倉,2x,N_0244,8,國1-竹北,N1,4.26853426169894
24.80922,120.96533,66855 福蒞有限-新竹,RT20250000013754,1.0,8.0,1,0,新竹市北區北門街200號,5A-平鎮倉,1x,N_0245,1,國1-新竹,N1,1.9232725634457633
24.80926,121.03657,78375 宏匯營造-新竹高鐵站,RT20250000014005,1.0,16.0,1,0,新竹縣竹北市復興二路與嘉豐11路交叉口,5A-平鎮倉,1x,N_0246,2,國1-竹北,N1,3.74139574390294
24.80934,120.988,75838 麗明-D7-B科技商務區,RT202500002466,1.0,16.0,1,0,新竹市東區公道五路三段188號,5A-平鎮倉,1x,N_0247,2,國1-新竹,N1,1.3650545145153343
24.80978,121.04198,68402 薰漢-新竹市東區,RT20250000010258,1.0,8.0,1,0,新竹縣竹北市高鐵七路&&光明六路東二段(高鐵前),5A-平鎮倉,1x,N_0248,1,國1-竹北,N1,4.199804660313548
24.80997,121.042,68402 薰漢-新竹市東區,RT202500001035,1.0,16.0,1,0,新竹縣竹北市高鐵七路&&光明六路東二段(高鐵前),5A-平鎮倉,1x,N_0249,2,國1-竹北,N1,4.190453470556194
24.80999,120.95935,75395 鴻翰營造-鴻藏,RT202500002684,1.0,16.0,1,0,新竹市北區西大路734號旁,5A-平鎮倉,1x,N_0250,2,國1-新竹,N1,2.546289193041774
24.81026,120.97265,70334 火歌建設-世界街,RT20250000012781,1.0,8.0,1,0,新竹市東區世界街7巷7號,5A-平鎮倉,1x,N_0251,1,國1-新竹,N1,1.400933018420274
24.81071,121.24399,78252 宇宣營造-石門水庫,RT20250000014143,1.0,48.0,0,1,桃園市大溪區環湖路一段68號-石門水庫壩頂漢江亭-需通行證進出,5A-平鎮倉,2x,N_0252,6,國3-龍潭,N3,4.980455337436738
24.81098,120.98917,65364 全日通,RT20250000010803,1.0,8.0,1,0,新竹市東區公道五路３段229號(東勢大排間淨水場),5A-平鎮倉,1x,N_0253,1,國1-新竹,N1,1.5879181418761557
24.81101,121.02567,76946 捷瑞營造-竹北-2,RT202500007495,1.0,8.0,1,0,新竹縣竹北市六家一路一段60號旁,5A-平鎮倉,1x,N_0254,1,國1-竹北,N1,2.73287545435196
24.81117,120.9636,69241 竹富建設-城北街,RT20250000011882,1.0,8.0,1,0,新竹市北區城北街77號旁工地,5A-平鎮倉,1x,N_0255,1,國1-新竹,N1,2.202528950298215
24.81165,121.03241,77815 金統營造-嘉豐七街,RT20250000011516,1.0,8.0,1,0,新竹縣竹北市嘉豐七街101號旁工地,5A-平鎮倉,1x,N_0256,1,國1-竹北,N1,3.215037157265154
24.81166,121.02964,76647 山境建設-同#74787,RT202500006185,1.0,8.0,1,0,新竹縣竹北市復興六路59號,5A-平鎮倉,1x,N_0257,1,國1-竹北,N1,2.9827523781227803
24.81187,121.03258,71678 春竹-竹北,RT20230000015264,1.0,8.0,1,0,新竹縣竹北市復興二路&嘉豐七街交叉口,5A-平鎮倉,1x,N_0258,1,國1-竹北,N1,3.214314111796563
24.81189,120.98817,78082 鴻翰營造-中華路一段,RT20250000012795,1.0,16.0,1,0,新竹市東區中華路一段324號旁工地,5A-平鎮倉,1x,N_0259,2,國1-新竹,N1,1.6013303347522643
24.81215,120.99977,75155 集業營造-東區,RT20250000013704,1.0,8.0,1,0,新竹市東區原興路274號,5A-平鎮倉,1x,N_0260,1,國1-竹北,N1,2.2836760285560325
24.81224,120.96861,67424 偉邦-圖書館新建,"RT20250000011944,RT20250000011945",1.0,64.0,0,1,新竹市東區東大路2段17號,5A-平鎮倉,2x,N_0261,8,國1-新竹,N1,1.8558911211871139
24.81245,120.97306,76620 理德開發-同#73164,RT202500006048,1.0,8.0,1,0,新竹市東區北大路39巷8弄4號,5A-平鎮倉,1x,N_0262,1,國1-新竹,N1,1.5821534432852273
24.81252,120.99828,70132 田鼎營造,RT20250000011192,1.0,8.0,1,0,新竹市東區原興路306號旁,5A-平鎮倉,1x,N_0263,1,國1-竹北,N1,2.3360392387121376
24.81264,120.99811,70132 田鼎營造,RT20250000011193,1.0,8.0,1,0,新竹市東區原興路306號旁,5A-平鎮倉,1x,N_0264,1,國1-竹北,N1,2.335598528365355
24.81305,121.02061,77876 瑞助營造-自強五路,RT20250000011699,1.0,16.0,1,0,新竹縣竹北市自強五路與成功12街交叉口,5A-平鎮倉,1x,N_0265,2,國1-竹北,N1,2.21965198772218
24.81352,121.03186,68600 廣德-永興段562地號,RT202500008764,1.0,8.0,1,0,新竹縣竹北市嘉豐六路1段39號旁,5A-平鎮倉,1x,N_0266,1,國1-竹北,N1,3.0387453743269592
24.81417,120.95542,69610 張哲瑋,RT20250000012579,1.0,8.0,1,0,新竹市北區成功路107號,5A-平鎮倉,1x,N_0267,1,台61-新竹,TH61,2.8593334994886934
24.81424,121.05238,57918 新來工程有限公司,RT202500005055,1.0,8.0,1,0,新竹縣竹北市東海一街附近350公尺圍籬內警衛亭旁-電聯,5A-平鎮倉,1x,N_0268,1,國1-竹北,N1,5.0189211870672725
24.81468,120.96154,75352 中天工程-竹光路,RT2025000300,1.0,8.0,1,0,新竹市北區竹光路15號,5A-平鎮倉,1x,N_0269,1,國1-新竹,N1,2.6179862402238734
24.81512,121.30172,35257 石管局-阿姆坪抽砂場,RT20240000014864,1.0,8.0,1,0,桃園市大溪區環湖路二段10號-阿姆坪抽砂場,5A-平鎮倉,1x,N_0270,1,國3-大溪,N3,7.318236650231874
24.81527,121.03086,78258 勝展工程行-繩索公園,RT20250000013837,1.0,16.0,0,1,新竹縣竹北市嘉豐三街302號-繩索公園,5A-平鎮倉,2x,N_0271,2,國1-竹北,N1,2.8345507779008368
24.8154,121.01698,76985 方圓聯合-辦公室,RT20250000011189,1.0,16.0,1,0,新竹縣竹北市莊敬南路201號對面-新竹縣立總圖書館,5A-平鎮倉,1x,N_0272,2,國1-竹北,N1,1.7962818287782765
24.81587,121.22164,76062 秀傳企業-龍源693地號,RT202500003317,1.0,8.0,1,0,桃園市龍潭區粗坑路82巷30弄2號,5A-平鎮倉,1x,N_0273,1,國3-龍潭,N3,2.9737778374484685
24.81587,121.24889,78252 宇宣營造-石門水庫,RT20250000014147,1.0,48.0,0,1,桃園市大溪區環湖路一段68號-石門水庫南苑停車場-需通行證進出,5A-平鎮倉,2x,N_0274,6,國3-龍潭,N3,5.080222747971641
24.81608,121.02596,75443 吉邑營造-嘉興路,RT2025000764,1.0,8.0,1,0,新竹縣竹北市嘉興路120號,5A-平鎮倉,1x,N_0275,1,國1-竹北,N1,2.350706414675534
24.81621,121.02348,66439 聯森建設-聯森公園,RT20250000012849,1.0,8.0,1,0,新竹縣竹北市成功七街272號旁(聯森公園)-1F,5A-平鎮倉,1x,N_0276,1,國1-竹北,N1,2.1405293070872164
24.81623,120.96911,75294 美紳建設-水田街,RT202505,1.0,8.0,1,0,新竹市北區水田街206巷1號,5A-平鎮倉,1x,N_0277,1,國1-新竹,N1,2.169489249800742
24.81654,121.24345,26470 石管局-中線收費站,RT20240000014863,1.0,8.0,1,0,桃園市龍潭區民富街(靠石門水庫-福華渡假別館)-中線收費站),5A-平鎮倉,1x,N_0278,1,國3-龍潭,N3,4.535099357908452
24.81667,120.96216,73824 元益-金雅有里,RT202400008798,1.0,8.0,1,0,新竹市北區金雅二街&金雅一街交叉口,5A-平鎮倉,1x,N_0279,1,國1-新竹,N1,2.710206559379199
24.81689,120.96038,75041 金銳開發-北區,RT20240000014077,1.0,8.0,1,0,新竹市北區中正路418巷27弄20號,5A-平鎮倉,1x,N_0280,1,國1-新竹,N1,2.87362793285798
24.81704,121.02197,74597 弘億營造-竹北,RT20250000011381,1.0,8.0,1,0,新竹縣竹北市成功七街162號,5A-平鎮倉,1x,N_0281,1,國1-竹北,N1,1.958269348812162
24.8181,121.23984,64152 智捷國際股份有限公司,RT202500002592,1.0,8.0,1,0,桃園市龍潭區民富街89號(稻香村飯店)-電聯定位,5A-平鎮倉,1x,N_0282,1,國3-龍潭,N3,4.108553106338603
24.81834,121.02044,65339 未來里,RT20250000011566,1.0,8.0,1,0,新竹縣竹北市成功六街83號旁工地,5A-平鎮倉,1x,N_0283,1,國1-竹北,N1,1.73724468431962
24.81842,121.22573,77166 參碩實業-龍源路,RT20250000013364,1.0,8.0,1,0,桃園市龍潭區龍源路881號旁工地,5A-平鎮倉,1x,N_0284,1,國3-龍潭,N3,2.964197379612563
24.81862,121.0238,75360 吉邑營造-成功五街,RT2025000319,1.0,8.0,1,0,新竹縣竹北市成功五街85號旁,5A-平鎮倉,1x,N_0285,1,國1-竹北,N1,1.9854558550610102
24.81894,120.96037,78247 鉦億營造有限公司,RT20250000013431,1.0,8.0,1,0,新竹市北區鐵道路三段42號旁,5A-平鎮倉,1x,N_0286,1,國1-新竹,N1,3.027799435316584
24.81946,121.01577,75918 新竹縣竹北市公所,RT20250000010120,1.0,16.0,1,0,新竹縣竹北市成功八路1號,5A-平鎮倉,1x,N_0287,2,國1-竹北,N1,1.3337771269966603
24.81955,120.95795,78358 翊僑營造-北區境福街,RT20250000013942,1.0,8.0,1,0,新竹市北區境福街201巷-電聯定位,5A-平鎮倉,1x,N_0288,1,國1-新竹,N1,3.2710270565990998
24.81969,121.23537,75408 美齊建設-民治十八街,RT2025000522,1.0,16.0,1,0,桃園市龍潭區民治十八街,5A-平鎮倉,1x,N_0289,2,國3-龍潭,N3,3.607300194467484
24.82132,121.23556,73444 基宏實業-石門,RT20250000010130,1.0,8.0,1,0,桃園市龍潭區民治十四街46號,5A-平鎮倉,1x,N_0290,1,國3-龍潭,N3,3.514085396800715
24.82133,120.95422,67561 圓家華建設-新竹,RT20250000010998,1.0,16.0,1,0,新竹市北區士林二街110號,5A-平鎮倉,1x,N_0291,2,台61-新竹,TH61,2.9680355983882807
24.82133,121.21222,75765 家禾營造-宏益金,RT20250000013226,1.0,8.0,1,0,桃園市龍潭區龍源路252巷122號,5A-平鎮倉,1x,N_0292,1,國3-龍潭,N3,2.0869691500596126
24.82135,120.97254,71199 鴻翰營造-鴻萃,"RT20240000010359,RT20250000012848",1.0,24.0,1,0,新竹市北區鐵道路二段146號對面,5A-平鎮倉,1x,N_0293,3,國1-新竹,N1,2.5103530401321428
24.82138,120.95509,74186 家益建設-士林段8-22P,RT20250000013289,1.0,8.0,1,0,新竹市北區士林北路(幼兒園附近工地),5A-平鎮倉,1x,N_0294,1,台61-新竹,TH61,3.058070145123481
24.8214,120.97248,75560 隆燁營造-鐵道路,RT202500001334,1.0,8.0,1,0,新竹市北區鐵道路二段140號旁,5A-平鎮倉,1x,N_0295,1,國1-新竹,N1,2.5177932080295715
24.8214,121.23552,73444 基宏實業-石門,RT202500005182,5.0,14.0,1,0,桃園市龍潭區民治十四街46號,5A-平鎮倉,1x,N_0296,1,國3-龍潭,N3,3.505264006947238
24.82141,120.97244,71199 鴻翰營造-鴻萃,"RT20240000012568,RT20240000014101,RT202500001170,RT202500003569","12.0,15.0,6.0,9.0",72.0,1,0,新竹市北區鐵道路二段146號對面,5A-平鎮倉,1x,N_0297,4,國1-新竹,N1,2.5203153147372968
24.82142,120.97244,71199 鴻翰營造-鴻萃,RT202500005309,18.0,18.0,1,0,新竹市北區鐵道路二段146號對面,5A-平鎮倉,1x,N_0298,1,國1-新竹,N1,2.521362006931801
24.82144,121.23889,77703 欣弘營造-民治七街,RT20250000011142,1.0,8.0,1,0,桃園市龍潭區民治七街122號-附圖自行定位,5A-平鎮倉,1x,N_0299,1,國3-龍潭,N3,3.8115300510035692
24.82145,120.975,77839 隆燁營造-香鈺,RT20250000011602,1.0,8.0,1,0,新竹市北區湳雅街186-4號-自行定位,5A-平鎮倉,1x,N_0300,1,國1-新竹,N1,2.444779724740067
24.82148,120.97235,71199 鴻翰營造-鴻萃,RT202500007411,21.0,18.0,1,0,新竹市北區鐵道路二段146號對面,5A-平鎮倉,1x,N_0301,1,國1-新竹,N1,2.5309774477264426
24.8217,121.01249,71782 東福營造-福興路,RT202500007165,1.0,8.0,1,0,新竹縣竹北市福興路733號,5A-平鎮倉,1x,N_0302,1,國1-竹北,N1,0.9618654386655873
24.82197,121.03357,68202 隆燁營造-竹北,RT20240000014979,1.0,8.0,1,0,新竹縣竹北市勝利七街2段94號,5A-平鎮倉,1x,N_0303,1,國1-竹北,N1,2.7639352166422313
24.82266,121.01477,77506 大將作營造-竹北翰林段健檢中心,RT20250000010169,1.0,8.0,1,0,新竹縣竹北市光明九路3號旁工地,5A-平鎮倉,1x,N_0304,1,國1-竹北,N1,0.9716685383911007
24.82367,120.96748,72430 東福營造-鐵道路,RT20250000010610,1.0,8.0,1,0,新竹市北區鐵道路二段286巷工地,5A-平鎮倉,1x,N_0305,1,國1-新竹,N1,2.972270982818082
24.82387,121.03684,71071 世乾開發-竹北,RT202500008743,1.0,8.0,1,0,新竹縣竹北市嘉興五街&十興五街交叉口,5A-平鎮倉,1x,N_0306,1,國1-竹北,N1,3.0559541820019342
24.82404,121.03295,78042 富泰營造-竹北莊敬段,RT20250000012631,1.0,8.0,1,0,新竹縣竹北市嘉興一街與十興一街交叉口,5A-平鎮倉,1x,N_0307,1,國1-竹北,N1,2.63195044332081
24.82461,121.25144,77592 育暘機械-龍潭區,RT20250000012967,1.0,8.0,1,0,桃園市龍潭區後池大橋161號外面工地-電聯定位,5A-平鎮倉,1x,N_0308,1,國3-龍潭,N3,4.906809834272035
24.82467,121.06464,78242 辰鴻建設-新埔,RT20250000013397,1.0,8.0,1,0,新竹縣新埔鎮文山路亞東段-附座標,5A-平鎮倉,1x,N_0309,1,國1-竹北,N1,6.093827718149644
24.82482,121.21207,73917 弘光開發-龍源路,RT20250000013171,1.0,8.0,1,0,桃園市龍潭區龍源路239巷,5A-平鎮倉,1x,N_0310,1,國3-龍潭,N3,1.700573977603001
24.82496,121.23955,76822 新堡開發-銜接#73448高田營造,RT202500007028,1.0,16.0,1,0,桃園市龍潭區民有路61號,5A-平鎮倉,1x,N_0311,2,國3-龍潭,N3,3.6804562103222946
24.82498,121.06857,75523 新竹縣新埔鎮公所,RT202500001224,1.0,8.0,1,0,新竹縣新埔鎮田新路741號對面(鳳山溪河濱運動公園),5A-平鎮倉,1x,N_0312,1,國1-湖口,N1,6.445693922402549
24.82502,120.96216,71855 元益-金雅有山,RT20230000015718,1.0,8.0,1,0,新竹市北區金農路116號,5A-平鎮倉,1x,N_0313,1,國1-新竹,N1,3.4109091729334597
24.82509,120.97141,78217 威慶營造有限公司,RT20250000013291,1.0,8.0,1,0,新竹市北區武陵路325號-附地標,5A-平鎮倉,1x,N_0314,1,國1-新竹,N1,2.943690282655227
24.82571,121.26271,75830 山華行營造-大溪,RT20250000013250,1.0,8.0,1,0,桃園市大溪區康莊路五段545號-位移至工務所旁,5A-平鎮倉,1x,N_0315,1,國3-龍潭,N3,6.062010918185957
24.82648,120.96489,73871 鴻翰營造-畇光,RT202400009071,1.0,8.0,1,0,新竹市北區金雅西街125號,5A-平鎮倉,1x,N_0316,1,國1-新竹,N1,3.3841395217251655
24.82671,121.04208,77273 鴻銘營造-黎頭山營區,RT202500009142,1.0,16.0,1,0,新竹縣新埔鎮文華路92號-黎頭山營區,5A-平鎮倉,1x,N_0317,2,國1-竹北,N1,3.5795572506239934
24.82681,120.99154,75221 地泉企業-竹北,RT20250000011357,1.0,8.0,1,0,新竹縣竹北市中華路1巷100號-自行定位-附定位照,5A-平鎮倉,1x,N_0318,1,國1-竹北,N1,2.0794293957001972
24.82684,120.91236,68412 全日通-港南運河淨水場,RT20250000012777,1.0,8.0,1,0,新竹市香山區海埔路518巷120號,5A-平鎮倉,1x,N_0319,1,台61-新竹,TH61,2.707023978320262
24.82707,121.0725,72229 英智-新埔,RT202500009373,1.0,8.0,1,0,新竹縣新埔鎮和平街311號,5A-平鎮倉,1x,N_0320,1,國1-湖口,N1,6.384029589757891
24.8274,121.00759,73832 東鐿營造-府前欣苑,RT202400008841,1.0,8.0,1,0,新竹縣竹北市縣政十一街37號(隔壁鐵皮屋）,5A-平鎮倉,1x,N_0321,1,國1-竹北,N1,0.39351182968309817
24.82796,121.07866,74323 忠謀營造-竹科安家,RT20240000010896,1.0,8.0,1,0,新竹縣新埔鎮中正路386號,5A-平鎮倉,1x,N_0322,1,國1-湖口,N1,6.59451850108854
24.82806,121.29967,50778 綠茵子生活,RT202500003950,1.0,8.0,1,0,桃園市大溪區承恩路385號 (綠善生活農埸),5A-平鎮倉,1x,N_0323,1,國3-大溪,N3,5.864406915664858
24.82836,121.05643,70071 天南營造-聚酯膜廠,RT202500007916,1.0,32.0,1,0,新竹縣新埔鎮文山路亞東段369號,5A-平鎮倉,1x,N_0324,4,國1-竹北,N1,5.156944005367996
24.82842,121.02836,77109 春竹-勝利十三,RT20250000011879,1.0,16.0,1,0,新竹縣竹北市勝利十三街21號,5A-平鎮倉,1x,N_0325,2,國1-竹北,N1,2.0454923871773407
24.82868,121.00224,76945 捷瑞營造-竹北-1,RT202500007494,1.0,8.0,1,0,新竹縣竹北市光明八街122號對面,5A-平鎮倉,1x,N_0326,1,國1-竹北,N1,0.8737328882449613
24.82872,121.00561,69240 竹富建設-竹北,RT20250000011881,1.0,8.0,1,0,新竹縣竹北市光明八街28號&縣政十三路工地,5A-平鎮倉,1x,N_0327,1,國1-竹北,N1,0.5075808019419301
24.82892,121.16708,72881 捷博-美達工業,RT20250000010942,1.0,16.0,1,0,新竹縣關西鎮東平里大東坑66-2號,5A-平鎮倉,1x,N_0328,2,國3-龍潭,N3,4.9203093590540465
24.82927,121.03587,66495 京宸-景上居,RT202400007370,1.0,8.0,1,0,新竹縣新埔鎮褒忠路91號(檸檬樹幼兒園對面工地),5A-平鎮倉,1x,N_0329,1,國1-竹北,N1,2.87271302531221
24.82942,121.03592,66495 京宸-景上居,RT202400003338,1.0,8.0,1,0,新竹縣新埔鎮褒忠路91號(檸檬樹幼兒園對面工地),5A-平鎮倉,1x,N_0330,1,國1-竹北,N1,2.8778402107829977
24.82988,121.00797,77198 樺源營造-縣政12街,RT202500008813,1.0,8.0,1,0,新竹縣竹北市縣政十二街46巷5號旁工地,5A-平鎮倉,1x,N_0331,1,國1-竹北,N1,0.2257233512515713
24.83014,121.20242,69371 古炯龍,RT202500004116,1.0,8.0,1,0,桃園市龍潭區高原路285巷105號-檳榔攤(十字弓),5A-平鎮倉,1x,N_0332,1,國3-龍潭,N3,1.38049375080009
24.8302,121.00123,75942 大竣工程-竹北,RT202500002876,1.0,8.0,1,0,新竹縣竹北市中華路145號旁,5A-平鎮倉,1x,N_0333,1,國1-竹北,N1,0.9737231027862425
24.83022,121.02346,77284 均豐工程-緯創A5廠,RT20250000013946,1.0,16.0,1,0,新竹縣竹北市十興路291號,5A-平鎮倉,1x,N_0334,2,國1-竹北,N1,1.4942595557661085
24.8306,120.99876,71513 原美建設股份有限公司,RT20250000012809,1.0,8.0,1,0,新竹縣竹北市光明十一路86巷,5A-平鎮倉,1x,N_0335,1,國1-竹北,N1,1.249416315565094
24.8307,121.02546,77374 巨漢系統-緯創-A5-聯發廠,RT202500009639,1.0,16.0,1,0,新竹縣竹北市十興路291號-緯創-A5-聯發廠,5A-平鎮倉,1x,N_0336,2,國1-竹北,N1,1.7178181549850735
24.83138,121.23672,75547 永曜營造-石園二村,RT20250000013304,1.0,8.0,1,0,桃園市龍潭區八德路(石園二村)-附座標,5A-平鎮倉,1x,N_0337,1,國3-龍潭,N3,3.1164380242205625
24.83151,121.26278,72272 明尚-森巴黎15期,RT202500002356,1.0,8.0,1,0,桃園市大溪區福山一路161號對面,5A-平鎮倉,1x,N_0338,1,國3-龍潭,N3,5.9338906737920425
24.83188,121.00458,76806 原美建設-CHICCHIC美,RT202500006990,1.0,8.0,1,0,新竹縣竹北市縣政16街169號旁,5A-平鎮倉,1x,N_0339,1,國1-竹北,N1,0.6367840817736222
24.83254,121.01211,76688 築陸建設-竹北市,RT202500006379,1.0,8.0,1,0,新竹縣竹北市建國街58號,5A-平鎮倉,1x,N_0340,1,國1-竹北,N1,0.3665303366711996
24.83268,120.95608,77960 建中工程股份有限公司,RT20250000012201,1.0,8.0,1,0,新竹市北區公道五路四段與東大路三段110巷口-電聯定位,5A-平鎮倉,1x,N_0341,1,台61-新竹,TH61,3.8364092280146918
24.83311,120.95228,77670 廣京營造-公道五路,RT20250000011028,1.0,8.0,1,0,新竹市北區公道五路五段33號旁工地-附圖自行定位,5A-平鎮倉,1x,N_0342,1,台61-新竹,TH61,3.5632046012681804
24.83328,121.00998,77511 維邦營造-竹北市建國街,RT20250000010209,1.0,8.0,1,0,新竹縣竹北市建國街150號旁,5A-平鎮倉,1x,N_0343,1,國1-竹北,N1,0.36408676822979574
24.83339,120.99997,78259 勝展工程行-新崙公園,RT20250000013826,1.0,32.0,0,1,新竹縣竹北市光明六路上-新崙公園-附地標,5A-平鎮倉,2x,N_0344,4,國1-竹北,N1,1.1752011968171092
24.83344,121.03043,75010 國隆營造-新埔,RT20250000013285,1.0,8.0,1,0,新竹縣新埔鎮福祿二街63號旁,5A-平鎮倉,1x,N_0345,1,國1-竹北,N1,2.299652395144812
24.83389,121.2473,77133 全筑營造-邑金科技,RT202500008544,1.0,8.0,1,0,桃園市龍潭區永昌路24巷9弄16號對面,5A-平鎮倉,1x,N_0346,1,國3-龍潭,N3,4.195480055262053
24.83467,121.03131,73178 富羿營造-樂沐朵2,RT20250000012827,1.0,8.0,1,0,新竹縣新埔鎮福祿七街21號對面,5A-平鎮倉,1x,N_0347,1,國1-竹北,N1,2.4215432940585533
24.83504,120.94464,76768 彭建瑄,RT202500006866,1.0,5.0,1,0,新竹市北區東大路３段311-1號,5A-平鎮倉,1x,N_0348,1,台61-新竹,TH61,3.2196337858831674
24.83516,121.22883,74385 鑫建豪營-富甲三林,RT20250000010255,1.0,8.0,1,0,桃園市龍潭區富華街三林段550號旁,5A-平鎮倉,1x,N_0349,1,國3-龍潭,N3,2.1580709521477854
24.83574,121.03254,74677 晁瑭建築-新埔,RT20240000012588,1.0,8.0,1,0,新竹縣新埔鎮福祿八街&福祿十街交叉口,5A-平鎮倉,1x,N_0350,1,國1-竹北,N1,2.5817922347075304
24.83598,121.01606,78260 勝展工程行-竹仁公園,RT20250000013830,1.0,32.0,0,1,新竹縣竹北市文化街-竹仁公園-附地標,5A-平鎮倉,2x,N_0351,4,國1-竹北,N1,0.9450266472427001
24.83613,121.27669,70534 香光山寺,RT202500005742,1.0,8.0,1,0,桃園市大溪區頭寮路276巷75-1號-香光山寺,5A-平鎮倉,1x,N_0352,1,國3-大溪,N3,5.088757440967247
24.83722,121.23496,71862 美森原國際有限公司,RT20250000013325,1.0,8.0,1,0,桃園市龍潭區民族路331巷(風之彩社區),5A-平鎮倉,1x,N_0353,1,國3-龍潭,N3,2.787691577274021
24.83738,120.94048,76807 諺茂營造-同#70125,RT202500006992,1.0,8.0,1,0,新竹市北區東大路三段439巷6號對面工地,5A-平鎮倉,1x,N_0354,1,台61-新竹,TH61,3.254202733512035
24.83743,121.10242,68301 全日通-新埔,RT20250000011001,1.0,8.0,1,0,新竹縣新埔鎮新龍路98巷33弄10號  （旭源工廠）,5A-平鎮倉,1x,N_0355,1,國1-湖口,N1,7.495633080487262
24.83744,121.01396,75639 寶嚴建設-竹北,RT202500001616,1.0,8.0,1,0,新竹縣竹北市文化街176號旁,5A-平鎮倉,1x,N_0356,1,國1-竹北,N1,0.9355344457579884
24.83759,121.01303,70059 東福營造-文化街,RT202500006450,1.0,8.0,1,0,新竹縣竹北市文化街211號,5A-平鎮倉,1x,N_0357,1,國1-竹北,N1,0.9071423642404419
24.8377,121.0052,69555 築誠營造-中華路,RT20250000012778,1.0,8.0,1,0,新竹縣竹北市中華路360號,5A-平鎮倉,1x,N_0358,1,國1-竹北,N1,1.0071682729320843
24.83823,120.94092,72532 碩美營造-朋晨,RT202400003418,1.0,8.0,1,0,新竹市北區東大路三段570號旁,5A-平鎮倉,1x,N_0359,1,台61-新竹,TH61,3.3597983801561813
24.83834,121.00795,70836 合石建設-新泰路,RT20230000012009,1.0,16.0,1,0,新竹縣竹北市新泰路71巷7號對面,5A-平鎮倉,1x,N_0360,2,國1-竹北,N1,0.953296150260065
24.83863,121.22853,77615 鑫建豪營-禾浥,RT20250000010730,1.0,8.0,1,0,桃園市龍潭區三林段富華街395巷61號,5A-平鎮倉,1x,N_0361,1,國3-龍潭,N3,2.0624439225845146
24.83907,120.99616,72189 松昀建設-竹北,RT202500009372,1.0,8.0,1,0,新竹縣竹北市華興五街150號正對面,5A-平鎮倉,1x,N_0362,1,國1-竹北,N1,1.8367414544515808
24.83974,121.00813,71876 寬立堡營造-竹北新泰,RT202500006716,1.0,8.0,1,0,新竹縣竹北市新泰路102號旁工地,5A-平鎮倉,1x,N_0363,1,國1-竹北,N1,1.100885554678906
24.84014,121.29501,77999 三邑營造-復興路一段,RT20250000012465,1.0,8.0,1,0,桃園市大溪區復興路一段1097號-停車場工地,5A-平鎮倉,1x,N_0364,1,國3-大溪,N3,4.459271759345602
24.84022,121.2825,76233 時美建設-大溪,RT202500004124,1.0,8.0,1,0,"桃園市大溪區北橫公路176號旁24°50'28.1""N 121°16'57.2""E",5A-平鎮倉,1x,N_0365,1,國3-大溪,N3,4.49337323025828
24.84068,120.99583,77512 辰鴻建設-社南段,RT20250000010212,1.0,8.0,1,0,新竹縣竹北市新國街100號對面,5A-平鎮倉,1x,N_0366,1,國1-竹北,N1,1.9695895174636435
24.84081,120.92885,70709 品益建設-榮濱路,RT202500003256,5.0,20.0,1,0,新竹市北區榮濱路19巷27號,5A-平鎮倉,1x,N_0367,1,台61-新竹,TH61,3.4222914736477565
24.84093,120.9287,70709 品益建設-榮濱路,RT202500008589,10.0,20.0,1,0,新竹市北區榮濱路19巷27號,5A-平鎮倉,1x,N_0368,1,台61-新竹,TH61,3.4362611546419353
24.84101,120.92867,70709 品益建設-榮濱路,RT20250000010660,1.0,8.0,1,0,新竹市北區榮濱路19巷27號,5A-平鎮倉,1x,N_0369,1,台61-新竹,TH61,3.445274425789888
24.84105,120.93922,74587 崴浚營造-富美路,RT20250000011554,1.0,8.0,1,0,新竹市北區富美路35號,5A-平鎮倉,1x,N_0370,1,台61-新竹,TH61,3.595287943809251
24.84168,121.01968,72885 彰京-台元段,RT20250000013705,1.0,32.0,0,1,新竹縣竹北市環北路一段269巷10號旁,5A-平鎮倉,2x,N_0371,4,國1-竹北,N1,1.6838549999325598
24.84242,121.01534,71688 中麟-台元十期,RT202500001580,1.0,16.0,1,0,新竹縣竹北市中山路416號,5A-平鎮倉,1x,N_0372,2,國1-竹北,N1,1.5006444655545006
24.84252,120.99456,74787 群新建設-竹北,RT20240000013032,1.0,8.0,1,0,新竹縣竹北市中正西路375巷&新生街交叉口,5A-平鎮倉,1x,N_0373,1,國1-竹北,N1,2.2064834520113514
24.8428,121.19556,66946 易山-龍潭,RT202500005602,1.0,8.0,1,0,桃園市龍潭區中原路2段170巷附近(附圖),5A-平鎮倉,1x,N_0374,1,國3-龍潭,N3,1.6326949211649042
24.843,121.01515,71688 中麟-台元十期,RT202500001584,1.0,24.0,1,0,新竹縣竹北市中山路416號,5A-平鎮倉,1x,N_0375,3,國1-竹北,N1,1.552105899254491
24.84317,120.97544,75878 新欣建設-僑馥建築,RT202500002623,1.0,8.0,1,0,新竹縣竹北市長園一街73號旁,5A-平鎮倉,1x,N_0376,1,國1-竹北,N1,4.105263382841586
24.84319,120.97535,75878 新欣建設-僑馥建築,RT202500006957,1.0,8.0,1,0,新竹縣竹北市長園一街73號旁,5A-平鎮倉,1x,N_0377,1,國1-竹北,N1,4.115389331594256
24.8436,120.99254,77627 應昇營造有限公司,RT20250000010827,1.0,8.0,1,0,新竹縣竹北市新興一街66號對面工地,5A-平鎮倉,1x,N_0378,1,國1-竹北,N1,2.456617333570699
24.84362,121.25909,77763 同立營造-三坑里,RT20250000011348,1.0,8.0,1,0,桃園市龍潭區永福路附近,5A-平鎮倉,1x,N_0379,1,國3-大溪,N3,5.298936434087719
24.84457,121.0206,73211 長見營造-銳發科技,RT20240000010693,1.0,8.0,1,0,新竹縣竹北市環北路一段381號,5A-平鎮倉,1x,N_0380,1,國1-竹北,N1,1.9999874531856598
24.8447,121.02056,73211 長見營造-銳發科技,RT202400006348,1.0,8.0,1,0,新竹縣竹北市環北路一段381號,5A-平鎮倉,1x,N_0381,1,國1-竹北,N1,2.0090803755947575
24.84529,120.93006,73334 京明營造-輕嶼,RT202400006921,1.0,8.0,1,0,新竹市北區東大路四段236巷15號旁,5A-平鎮倉,1x,N_0382,1,台61-新竹,TH61,3.917195661656414
24.84564,121.01494,72397 築誠營造-沿河街,RT20250000010770,1.0,8.0,1,0,新竹縣竹北市沿河街24號旁巷子,5A-平鎮倉,1x,N_0383,1,國1-竹北,N1,1.8205800276832995
24.84565,120.97246,75486 世乾開發-博愛街,RT202500001044,1.0,8.0,1,0,新竹縣竹北市博愛街402號,5A-平鎮倉,1x,N_0384,1,台61-新豐,TH61,4.2811681216811035
24.8491,120.99676,73597 駿騰開發-竹北,RT202500007378,1.0,8.0,1,0,新竹縣竹北市環北路三段330巷旁,5A-平鎮倉,1x,N_0385,1,國1-竹北,N1,2.5796638811295094
24.84989,121.01249,77564 田鼎營造-泰和路,RT20250000012050,1.0,8.0,1,0,新竹縣竹北市泰和路184號對面,5A-平鎮倉,1x,N_0386,1,國1-竹北,N1,2.225023172059059
24.85016,121.22731,77633 王進忠-房子修繕,RT20250000013002,1.0,8.0,1,0,桃園市龍潭區龍吟街23巷2號,5A-平鎮倉,1x,N_0387,1,國3-龍潭,N3,2.2279270647181475
24.8504,121.24867,76871 世登營造-中科院,RT202500007201,1.0,40.0,1,0,桃園市龍潭區中正路佳安段481號-中科院229館-需要人車換證,5A-平鎮倉,1x,N_0388,5,國3-龍潭,N3,4.44489365192353
24.85101,121.19741,73940 五城營造-宏順塑膠,RT20250000011993,1.0,8.0,1,0,桃園市龍潭區楊銅路一段133巷39號旁,5A-平鎮倉,1x,N_0389,1,國3-龍潭,N3,1.856483544822363
24.85102,121.22699,74091 恩興營造-龍潭,RT20250000013228,1.0,8.0,1,0,桃園市龍潭區中正路三林段118號旁工地,5A-平鎮倉,1x,N_0390,1,國3-龍潭,N3,2.2478541457359937
24.85146,121.20843,75669 誠洲營造-?泰建設住宅新建工程,RT202500001694,1.0,8.0,1,0,桃園市龍潭區(平鎮區)金龍路112巷298號後面,5A-平鎮倉,1x,N_0391,1,國3-龍潭,N3,1.283941850902668
24.85163,121.03626,74841 實見營造-新埔,RT20250000012439,1.0,16.0,1,0,新竹縣新埔鎮義民路三段500巷160號,5A-平鎮倉,1x,N_0392,2,國1-湖口,N1,3.498956113542828
24.85337,120.98774,69983 築誠-玖瑭,RT20250000010788,1.0,8.0,1,0,新竹縣竹北市聯興三街236巷123弄20號,5A-平鎮倉,1x,N_0393,1,台61-新豐,TH61,2.9665557308936226
24.85388,121.2152,76869 鼎碩營造-龍華路,RT202500007198,1.0,8.0,1,0,桃園市龍潭區龍華路526巷98號旁,5A-平鎮倉,1x,N_0394,1,國3-龍潭,N3,1.6452521698512916
24.85448,121.21348,76943 雙晟營造-金龍路,RT202500007481,1.0,8.0,1,0,桃園市龍潭區金龍路170號旁,5A-平鎮倉,1x,N_0395,1,國3-龍潭,N3,1.653046047997608
24.85472,121.21715,72808 鼎璿-龍潭,RT202400004841,1.0,8.0,1,0,桃園市龍潭區龍華路526巷29號,5A-平鎮倉,1x,N_0396,1,國3-龍潭,N3,1.816473200711187
24.85494,121.08047,74692 李政融,RT20250000013242,1.0,8.0,1,0,新竹縣新埔鎮南蛇崎道路-附座標,5A-平鎮倉,1x,N_0397,1,國1-湖口,N1,4.379121631618158
24.85579,121.23257,76529 松信營造-棒壘球場,"RT20250000011128,RT20250000013182",1.0,32.0,0,1,桃園市龍潭區中正路三段239巷-龍潭體育園區棒壘球場-附圖,5A-平鎮倉,2x,N_0398,4,國3-龍潭,N3,3.0574989793948615
24.85739,121.22161,76961 好記營造-大昌路,RT202500007542,1.0,16.0,1,0,桃園市龍潭區大昌路二段518之1號-對面工地,5A-平鎮倉,1x,N_0399,2,國3-龍潭,N3,2.3209465629783117
24.85761,121.26392,77884 盛東工程-龍潭區永福段,RT20250000011765,1.0,8.0,1,0,桃園市龍潭區永福段2002-90地號-附地標,5A-平鎮倉,1x,N_0400,1,國3-大溪,N3,3.8153632328395184
24.85831,121.25126,74252 潤弘精密-中科院,RT20240000010671,1.0,32.0,0,1,桃園市龍潭區文化路1095號對面,5A-平鎮倉,2x,N_0401,4,國3-大溪,N3,4.928254622856228
24.85879,121.28214,76948 亞洲不動產建設有限公司,RT202500007498,1.0,8.0,1,0,桃園市大溪區內柵路一段79巷15號旁工地,5A-平鎮倉,1x,N_0402,1,國3-大溪,N3,2.5107692103619397
24.85935,121.21686,73673 信益建築-春園日安,RT202500007989,1.0,8.0,1,0,桃園市龍潭區東龍路42巷底,5A-平鎮倉,1x,N_0403,1,國3-龍潭,N3,2.27883324403086
24.85956,121.21778,75812 五城-龍華路310,RT202500002346,1.0,8.0,1,0,桃園市龍潭區龍華路310號,5A-平鎮倉,1x,N_0404,1,國3-龍潭,N3,2.336601412736321
24.86114,121.19419,70272 慶瑞營造-龍潭,RT20250000010546,1.0,8.0,1,0,桃園市龍潭區龍新路365號,5A-平鎮倉,1x,N_0405,1,國3-龍潭,N3,2.930180724749704
24.86162,121.00092,74928 富泰營造-奇鼎二期,RT20250000011962,1.0,8.0,1,0,新竹縣湖口鄉鳳工二街86號,5A-平鎮倉,1x,N_0406,1,台61-新豐,TH61,2.373092776694557
24.86194,120.96457,77330 曾偉俊-鳳崗路三段,RT202500009327,1.0,8.0,1,0,新竹縣竹北市鳳岡路三段196號對面工地-電聯定位,5A-平鎮倉,1x,N_0407,1,台61-新豐,TH61,3.4621476526138126
24.86206,121.00332,73708 建銘營造-湖口,RT20250000012847,1.0,8.0,1,0,新竹縣湖口鄉鳳工路1號隔壁,5A-平鎮倉,1x,N_0408,1,台61-新豐,TH61,2.4802129719042556
24.86212,121.25087,62206 長源汽車股份有限公司,RT202500003460,1.0,8.0,1,0,桃園市大溪區(龍潭區)石園路828號附近-電聯帶定位,5A-平鎮倉,1x,N_0409,1,國3-大溪,N3,4.77538887079359
24.86218,121.00281,75766 皓鑫工程有限公司,RT202500002143,1.0,16.0,1,0,新竹縣湖口鄉中華路1號旁,5A-平鎮倉,1x,N_0410,2,台61-新豐,TH61,2.436060583914269
24.86481,121.06309,76992 宏平工程-湖口營區,RT202500007757,1.0,16.0,1,0,新竹縣湖口鄉湖口營區忠誠門-附座標,5A-平鎮倉,1x,N_0411,2,國1-湖口,N1,2.225776140630929
24.86564,120.9966,77301 漲富工程-三民南路,RT202500009221,1.0,8.0,1,0,新竹縣湖口鄉三民南路162號,5A-平鎮倉,1x,N_0412,1,台61-新豐,TH61,1.754255181437678
24.86631,120.99504,66775 世豐建設-湖口-1686地號,RT202500005066,1.0,8.0,1,0,新竹縣湖口鄉三民一路87號,5A-平鎮倉,1x,N_0413,1,台61-新豐,TH61,1.619298268294373
24.86693,121.01632,77987 慶眾工程-辦公棟,RT20250000012372,1.0,8.0,1,0,新竹縣湖口鄉實踐路14號-湖口工業區,5A-平鎮倉,1x,N_0414,1,台61-新豐,TH61,3.261903233282467
24.86754,121.21518,75011 日鼎營造-龍潭,RT20250000013181,1.0,8.0,1,0,桃園市龍潭區宏遠路16號,5A-平鎮倉,1x,N_0415,1,國3-龍潭,N3,3.1105440302304928
24.86806,120.99681,68628 順泰營造-湖口,"RT20250000012223,RT20250000012224,RT20250000012226","1.0,3.0,6.0",56.0,1,0,新竹縣湖口鄉大同路4號對面-6F,5A-平鎮倉,1x,N_0416,5,台61-新豐,TH61,1.5257542540330717
24.86814,120.99619,68628 順泰營造-湖口,RT20250000012225,9.0,16.0,1,0,新竹縣湖口鄉大同路4號對面-9F,5A-平鎮倉,1x,N_0417,1,台61-新豐,TH61,1.48497797953376
24.86836,120.99759,78317 益昇系統科技-力成3E,RT20250000013684,1.0,16.0,1,0,新竹縣湖口鄉自強路16號,5A-平鎮倉,1x,N_0418,2,台61-新豐,TH61,1.5424515427401189
24.86853,120.99738,77725 建銘營造-湖口鄉自強路,RT20250000011264,1.0,8.0,1,0,新竹縣湖口鄉自強路16號-近新豐火車站,5A-平鎮倉,1x,N_0419,1,台61-新豐,TH61,1.5139411221384882
24.86899,121.29275,77958 王祥顏,RT20250000012198,1.0,8.0,1,0,桃園市大溪區復興路一段28巷39號工地-頭寮從三層古道進去,5A-平鎮倉,1x,N_0420,1,國3-大溪,N3,1.259654879162993
24.86905,121.21655,74443 峰裕營造-龍潭,RT20240000011472,1.0,8.0,1,0,桃園市龍潭區百福街68巷,5A-平鎮倉,1x,N_0421,1,國3-龍潭,N3,3.30549911586765
24.86907,121.00772,77016 富泰-辛耘,RT202500007792,1.0,8.0,1,0,新竹縣湖口鄉中華路14號-新竹客運正對面,5A-平鎮倉,1x,N_0422,1,台61-新豐,TH61,2.310995741948582
24.86936,120.99173,76584 富順工程-松林國小,RT20250000012442,1.0,8.0,1,0,新竹縣新豐鄉松林街99號-松林國小對面,5A-平鎮倉,1x,N_0423,1,台61-新豐,TH61,1.1965496239187219
24.86955,121.02467,72069 韋華-竹北,RT202500008110,1.0,8.0,1,0,新竹縣湖口鄉蘭州四街48-1號,5A-平鎮倉,1x,N_0424,1,國1-湖口,N1,3.0415041113563603
24.86956,121.03653,67759 港洲-湖口營區,"RT20220000014500,RT202400005873",1.0,216.0,1,1,新竹縣湖口鄉勝利路2段350號(湖口營區),5A-平鎮倉,2x,N_0425,27,國1-湖口,N1,1.8916774234787337
24.87086,121.23502,75548 永曜營造-石園三村,RT20250000013251,1.0,8.0,1,0,桃園市龍潭區武漢路85巷(石園三村)-附座標,5A-平鎮倉,1x,N_0426,1,國3-龍潭,N3,4.409844344192643
24.871,120.98929,73885 湯沛婕-金世紀,RT20250000010944,1.0,8.0,1,0,新竹縣新豐鄉康泰路52號旁,5A-平鎮倉,1x,N_0427,1,台61-新豐,TH61,1.0021037950731653
24.87124,121.19465,77904 名騰建設-梅龍三街,RT20250000011789,1.0,16.0,1,0,桃園市龍潭區梅龍三街130號旁工地,5A-平鎮倉,1x,N_0428,2,台66-平鎮,TH66,3.247124911687223
24.87132,121.02849,75537 啟洋科技-湖口,RT20250000013153,1.0,16.0,1,0,新竹縣湖口鄉光復路12號,5A-平鎮倉,1x,N_0429,2,國1-湖口,N1,2.574679634924598
24.87151,121.00055,77247 富泰營造-和淞科技,RT202500009216,1.0,8.0,1,0,新竹縣湖口鄉大同路21號,5A-平鎮倉,1x,N_0430,1,台61-新豐,TH61,1.5031490327316295
24.87191,121.03753,73606 暐順營造-光復路,"RT20240000015159,RT2025000240",1.0,16.0,1,0,新竹縣湖口鄉光復路15號-旺矽科技,5A-平鎮倉,1x,N_0431,2,國1-湖口,N1,1.649943219931462
24.8724,121.0372,73606 暐順營造-光復路,RT202400007974,1.0,16.0,1,0,新竹縣湖口鄉光復路15號,5A-平鎮倉,1x,N_0432,2,國1-湖口,N1,1.6523721130543099
24.87315,121.20251,76244 鼎運營造-,RT202500004163,1.0,8.0,1,0,桃園市龍潭區聖亭路八德段10號,5A-平鎮倉,1x,N_0433,1,台66-平鎮,TH66,2.9933442258784386
24.87357,121.20088,75636 筑睎建設-龍潭,RT202500001610,1.0,8.0,1,0,桃園市龍潭區聖亭路11巷37號,5A-平鎮倉,1x,N_0434,1,台66-平鎮,TH66,2.935355701665203
24.87366,121.20844,77115 伯皇營造-龍祥段,RT202500008428,1.0,8.0,1,0,桃園市龍潭區聖亭路300巷208號旁,5A-平鎮倉,1x,N_0435,1,台66-平鎮,TH66,3.070166896635589
24.87388,121.26535,77459 三星-國防大學,RT20250000012052,1.0,8.0,1,0,桃園市大溪區石園路75號-國防大學,5A-平鎮倉,1x,N_0436,1,國3-大溪,N3,2.81921841738183
24.87396,121.0103,76466 豐達營造-士電重電廠,RT202500005320,1.0,8.0,1,0,新竹縣湖口鄉中華路23號,5A-平鎮倉,1x,N_0437,1,台61-新豐,TH61,2.350925495119486
24.87414,121.26393,77459 三星-國防大學,RT20250000012736,1.0,8.0,1,0,桃園市大溪區石園路75號-國防大學,5A-平鎮倉,1x,N_0438,1,國3-大溪,N3,2.9659742117055745
24.87427,121.26224,77825 晴邑建設-大溪瑞源段,RT20250000011536,1.0,8.0,1,0,桃園市大溪區石園路276巷7號旁-自行定位,5A-平鎮倉,1x,N_0439,1,國3-大溪,N3,3.1463174681682125
24.8744,121.02154,69707 富邦公寓-大三鴻貨櫃場,RT20250000012601,1.0,8.0,1,0,新竹縣湖口鄉大三鴻貨櫃場,5A-平鎮倉,1x,N_0440,1,國1-湖口,N1,3.2196345512490243
24.87444,121.28656,75922 三易建設-大溪,RT202500002789,1.0,8.0,1,0,桃園市大溪區康莊路405巷,5A-平鎮倉,1x,N_0441,1,國3-大溪,N3,0.7257329062409162
24.87452,121.03035,74899 富泰營造-富士電子,RT20240000013411,1.0,16.0,1,0,新竹縣湖口鄉光復北路22號,5A-平鎮倉,1x,N_0442,2,國1-湖口,N1,2.2643806837409515
24.87464,121.26473,77459 三星-國防大學,RT20250000010007,1.0,8.0,1,0,桃園市大溪區石園路75號-國防大學,5A-平鎮倉,1x,N_0443,1,國3-大溪,N3,2.867374077880972
24.87485,121.03086,74899 富泰營造-富士電子,RT202500002098,1.0,8.0,1,0,新竹縣湖口鄉光復北路22號,5A-平鎮倉,1x,N_0444,1,國1-湖口,N1,2.2001031644213365
24.87485,121.19016,76014 首善營造-梅龍路,RT202500007408,1.0,16.0,1,0,桃園市龍潭區梅龍路515巷進去大約200公尺有帆布,5A-平鎮倉,1x,N_0445,2,台66-平鎮,TH66,2.997715453491086
24.87512,121.19058,76014 首善營造-梅龍路,RT202500009229,1.0,8.0,1,0,桃園市龍潭區梅龍路515巷進去大約200公尺有帆布-附定位圖,5A-平鎮倉,1x,N_0446,1,台66-平鎮,TH66,2.9529980709104895
24.87524,121.26518,77459 三星-國防大學,RT20250000012512,1.0,16.0,1,0,桃園市大溪區石園路327號旁工地-原地址大溪區石園路75號-國防大學,5A-平鎮倉,1x,N_0447,2,國3-大溪,N3,2.805227172619536
24.87533,121.03698,77926 建越科技工程-接#72676暐順,RT20250000011933,1.0,32.0,1,0,新竹縣湖口鄉光復北路11號,5A-平鎮倉,1x,N_0448,4,國1-湖口,N1,1.535372366984258
24.87544,121.23356,77526 寬和營造-奉慈段,RT20250000010271,1.0,8.0,1,0,桃園市龍潭區中興路240巷7弄14號,5A-平鎮倉,1x,N_0449,1,台66-平鎮,TH66,4.616141827456531
24.87583,121.19073,76014 首善營造-梅龍路,RT20250000013585,1.0,8.0,1,0,桃園市龍潭區梅龍路515巷進去大約200公尺有帆布-追加,5A-平鎮倉,1x,N_0450,1,台66-平鎮,TH66,2.873424907283815
24.87587,121.04573,76992 宏平工程-湖口營區,RT202500007690,1.0,16.0,1,0,新竹縣湖口鄉湖口營區忠誠門-附座標,5A-平鎮倉,1x,N_0451,2,國1-湖口,N1,0.6593979267476215
24.87647,121.31004,71680 菁宣營造工程有限公司,RT202500009949,1.0,8.0,1,0,桃園市大溪區金山路215號,5A-平鎮倉,1x,N_0452,1,國3-大溪,N3,2.2586863577081915
24.87658,121.1892,78064 日鼎營造-龍潭區,RT20250000012734,1.0,8.0,1,0,桃園市龍潭區梅龍路583號,5A-平鎮倉,1x,N_0453,1,台66-平鎮,TH66,2.8627164694394223
24.87695,121.03376,73117 順鼎營造-新竹J050,RT202400006017,1.0,24.0,1,0,新竹縣湖口鄉軍功路1號-584旅湖南營區,5A-平鎮倉,1x,N_0454,3,國1-湖口,N1,1.8341556837134543
24.87796,121.2507,75568 泰貿豐-員林路三段,RT20250000012307,1.0,8.0,1,0,桃園市大溪區(龍潭區)員林路三段380巷口,5A-平鎮倉,1x,N_0455,1,國3-大溪,N3,4.368173115114709
24.87936,121.29205,72934 壬申-大溪圖書館,RT202400005438,1.0,16.0,1,0,桃園市大溪區復興路119號,5A-平鎮倉,1x,N_0456,2,國3-大溪,N3,0.23838138371076395
24.87978,120.98155,75401 實大建設-集合住宅新建工程,RT2025000515,1.0,8.0,1,0,"新竹縣新豐鄉上坑村坑子口162號-24°52'47.2""N 120°58'53.1""E",5A-平鎮倉,1x,N_0457,1,台61-新豐,TH61,0.9382678396381395
24.88048,121.24901,75941 睦陞建設-龍潭,RT20250000013707,1.0,8.0,1,0,桃園市龍潭區中興路九龍段80號,5A-平鎮倉,1x,N_0458,1,國3-大溪,N3,4.550201948321408
24.88183,121.03751,69531 中鹿營造-工廠棟,RT20250000012283,1.0,40.0,1,0,新竹縣湖口鄉八德路一段&中山路一段交叉口,5A-平鎮倉,1x,N_0459,5,國1-湖口,N1,1.4011920029032343
24.8825,121.29199,78020 旭發建設-和二路,RT20250000012634,1.0,8.0,1,0,桃園市大溪區和二路29巷14號旁,5A-平鎮倉,1x,N_0460,1,國3-大溪,N3,0.354681042768985
24.88253,121.07253,77980 東泰營造-湖口鄉農會,RT20250000012313,1.0,32.0,1,0,新竹縣湖口鄉八德路二段550號-湖口鄉農會,5A-平鎮倉,1x,N_0461,4,國1-湖口,N1,2.5165484652201364
24.88327,121.21281,77106 盛北營造-新鳥樹林,RT202500008348,1.0,8.0,1,0,桃園市龍潭區中豐路504巷9號旁,5A-平鎮倉,1x,N_0462,1,台66-平鎮,TH66,2.338886159906068
24.8833,121.21304,77612 萬昱建設-中豐路,RT20250000010701,1.0,8.0,1,0,桃園市龍潭區中豐路504巷,5A-平鎮倉,1x,N_0463,1,台66-平鎮,TH66,2.351868670568418
24.88372,121.26534,75508 遠東營造-員樹林國小,RT202500001186,1.0,16.0,1,0,桃園市大溪區員林路二段450號-員樹林國小,5A-平鎮倉,1x,N_0464,2,國3-大溪,N3,2.768229620896192
24.88377,121.28982,76061 鉑洋工程-大溪,RT202500003285,1.0,8.0,1,0,桃園市大溪區忠孝路27號,5A-平鎮倉,1x,N_0465,1,國3-大溪,N3,0.4189467046056624
24.88385,121.05948,77905 熊阪建設有限公司,RT20250000011794,1.0,8.0,1,0,新竹縣湖口鄉湖中路&長富路二段,5A-平鎮倉,1x,N_0466,1,國1-湖口,N1,1.1357469880651878
24.88406,121.23814,69510 達龍營造-慈禪宮,RT20250000012194,1.0,8.0,1,0,桃園市龍潭區龍平路105之2號(1065巷口),5A-平鎮倉,1x,N_0467,1,台66-平鎮,TH66,4.588401134076815
24.88475,121.20186,77100 遠城營造-龍潭區,RT202500008341,1.0,8.0,1,0,桃園市龍潭區聖亭路八德段408巷102號,5A-平鎮倉,1x,N_0468,1,台66-平鎮,TH66,1.705294195761843
24.88528,121.00242,74236 ?國煥,RT202500009852,1.0,8.0,1,0,"新竹縣新豐鄉24°53'09.1""N 121°00'12.7""E-新豐鄉綠景莊園",5A-平鎮倉,1x,N_0469,1,台61-新豐,TH61,1.4980263251365569
24.88556,121.19276,76693 泰貿豐-湧光路一段,RT20250000013308,1.0,8.0,1,0,桃園市龍潭區湧光路一段169巷,5A-平鎮倉,1x,N_0470,1,台66-平鎮,TH66,1.793023512171039
24.88566,121.27034,74450 三六八-大溪,RT20240000011523,1.0,8.0,1,0,桃園市大溪區齋明街24號對面工地,5A-平鎮倉,1x,N_0471,1,國3-大溪,N3,2.2708961524475764
24.88581,121.06034,67694 永融-翔華,RT20250000011997,1.0,8.0,1,0,新竹縣湖口鄉長富路１段225巷89號,5A-平鎮倉,1x,N_0472,1,國1-湖口,N1,1.316516621885147
24.88581,121.2954,77691 中鹿營造-松下電材,RT20250000011110,1.0,16.0,1,0,桃園市大溪區信義路228號,5A-平鎮倉,1x,N_0473,2,國3-大溪,N3,0.8804483335774541
24.88599,121.04838,77628 全日通-湖口鄉美城路,RT20250000012530,1.0,8.0,1,0,新竹縣湖口鄉湖鏡村美城路188巷17號-附定位圖,5A-平鎮倉,1x,N_0474,1,國1-湖口,N1,0.6887771370335938
24.88619,121.00846,78148 景文營造工程-欣興生物中心,RT20250000013008,1.0,16.0,1,0,新竹縣新豐鄉中崙村290號-欣興電子新豐廠,5A-平鎮倉,1x,N_0475,2,台61-新豐,TH61,2.161189383580742
24.88686,121.2689,77387 璟富-員林段119地號,RT20250000011231,1.0,16.0,1,0,桃園市大溪區員林路二段230巷12弄23號旁,5A-平鎮倉,1x,N_0476,2,國3-大溪,N3,2.462773587157796
24.88707,121.26949,77387 璟富-員林段119地號,RT202500009647,1.0,16.0,1,0,桃園市大溪區員林路二段230巷12弄23號旁,5A-平鎮倉,1x,N_0477,2,國3-大溪,N3,2.408073305570495
24.88799,121.27906,75414 珈祥營造-黃惠程,RT2025000552,1.0,8.0,1,0,桃園市大溪區瑞安路一段188號旁,5A-平鎮倉,1x,N_0478,1,國3-大溪,N3,1.5037272052141852
24.88815,121.1465,73461 家義營造-楊梅,RT20250000011700,1.0,8.0,1,0,桃園市楊梅區校前路411號(新江路山上),5A-平鎮倉,1x,N_0479,1,國1-楊梅,N1,2.4562684854267323
24.88824,121.27028,77914 東陞鼎營造-員林路二段,RT20250000011834,1.0,8.0,1,0,桃園市大溪區員林路二段173巷,5A-平鎮倉,1x,N_0480,1,國3-大溪,N3,2.3723273585244002
24.88954,121.3004,75413 廣安營造-大溪,RT20250000010143,1.0,8.0,1,0,桃園市大溪區信義路328巷內近信義路口,5A-平鎮倉,1x,N_0481,1,國3-大溪,N3,1.5665226725450594
24.8903,121.08811,77813 泰億營造-長安段,RT20250000011514,1.0,16.0,1,0,新竹縣湖口鄉八德路三段19號旁,5A-平鎮倉,1x,N_0482,2,國1-湖口,N1,4.381987167268205
24.89039,121.23285,74202 大穎建設-龍潭,RT20250000013305,1.0,16.0,1,0,桃園市平鎮區金龍路491巷54號,5A-平鎮倉,1x,N_0483,2,台66-平鎮,TH66,3.7991760352208797
24.8904,121.32332,75769 鼎絢室內-大溪,RT20250000013246,1.0,16.0,1,0,桃園市大溪區向榮街1巷17號,5A-平鎮倉,1x,N_0484,2,國3-大溪,N3,3.8744921667737624
24.89044,121.05078,77486 天竹-中義段,RT20250000010085,1.0,8.0,1,0,新竹縣湖口鄉中正路二段218號旁工地,5A-平鎮倉,1x,N_0485,1,國1-湖口,N1,1.162069809435217
24.89058,121.12591,72380 御楓-印象天青,RT202400002683,1.0,8.0,1,0,桃園市楊梅區甡甡路693巷62號,5A-平鎮倉,1x,N_0486,1,國1-楊梅,N1,3.4346644820856564
24.89062,121.12529,72380 御楓-印象天青,RT202400009900,1.0,8.0,1,0,桃園市楊梅區甡甡路693巷62號,5A-平鎮倉,1x,N_0487,1,國1-楊梅,N1,3.485768507589131
24.89069,121.16871,77829 天晴空間營造有限公司,RT20250000011543,1.0,8.0,1,0,桃園市楊梅區裕成路3巷-土地公廟旁-電聯定位(愛買山上小路),5A-平鎮倉,1x,N_0488,1,國1-楊梅,N1,2.9845177506926945
24.89088,120.98872,74605 凱築建設-宜克拉,RT20240000012197,1.0,8.0,1,0,新竹縣新豐鄉建興路二段452巷,5A-平鎮倉,1x,N_0489,1,台61-新豐,TH61,1.216008926282976
24.89171,121.24612,75538 宜坤營造-林口,RT202500003772,1.0,16.0,1,0,桃園市平鎮區東龍街579巷-往前340公尺,5A-平鎮倉,1x,N_0490,2,國3-大溪,N3,5.041133771137384
24.89176,121.12676,64803 潤弘-機料部楊梅四廠,RT202400008067,1.0,8.0,1,0,桃園市楊梅區甡甡路625號,5A-平鎮倉,1x,N_0491,1,國1-楊梅,N1,3.279284931078746
24.89189,121.24628,75538 宜坤營造-林口,RT202500001264,1.0,8.0,1,0,桃園市平鎮區東龍街579巷-往前340公尺,5A-平鎮倉,1x,N_0492,1,國3-大溪,N3,5.02918265431953
24.89254,121.0424,76092 簡志杰住宅新建工程,RT202500003592,1.0,8.0,1,0,新竹縣湖口鄉達生八街567號隔壁,5A-平鎮倉,1x,N_0493,1,國1-湖口,N1,1.6276233973495695
24.89257,121.27424,76616 雙晟營造-同#75297,RT202500006025,1.0,8.0,1,0,"桃園市大溪區員林路一段435號24°53'33.1""N121°16'27.3""E",5A-平鎮倉,1x,N_0494,1,國3-大溪,N3,2.237641343580366
24.89302,121.16826,77831 永融-葉佳銘,RT20250000012145,1.0,8.0,1,0,桃園市楊梅區迎旭三街39號(陽光山林),5A-平鎮倉,1x,N_0495,1,國1-楊梅,N1,2.7677711444408053
24.89333,121.23755,77707 富泉營造-先磊科技,RT20250000011176,1.0,8.0,1,0,桃園市平鎮區金陵路七段406巷對面空地,5A-平鎮倉,1x,N_0496,1,台66-平鎮,TH66,4.233295234140448
24.89339,121.15245,75385 祥固-楊梅,RT202500001441,1.0,8.0,1,0,桃園市楊梅區福人路75巷11號,5A-平鎮倉,1x,N_0497,1,國1-楊梅,N1,1.8636585971147632
24.8934,121.25508,73006 泉亮有限公司,RT20250000011885,1.0,8.0,1,0,桃園市大溪區興昌路二段210巷120號,5A-平鎮倉,1x,N_0498,1,國3-大溪,N3,4.15170627747194
24.89352,121.20261,77579 工展營造-祥安國小,RT20250000010538,1.0,8.0,1,0,桃園市平鎮區湧安路45號-祥安國小,5A-平鎮倉,1x,N_0499,1,台66-平鎮,TH66,0.7754325260783446
24.8937,121.13964,77421 永泉工程-新江路,RT202500009828,1.0,8.0,1,0,桃園市楊梅區新江路155巷92弄附近,5A-平鎮倉,1x,N_0500,1,國1-楊梅,N1,2.1438224020664336
24.89392,121.04374,74495 富第營造-湖口,RT20250000011157,1.0,8.0,1,0,新竹縣湖口鄉中正六街253號,5A-平鎮倉,1x,N_0501,1,國1-湖口,N1,1.6941742041479757
24.89399,121.0397,70794 京耀建設-湖口,RT20250000013565,1.0,8.0,1,0,新竹縣湖口鄉中山二街168號對面,5A-平鎮倉,1x,N_0502,1,國1-湖口,N1,1.9283677662987744
24.89435,121.03978,70794 京耀建設-湖口,RT20250000012662,1.0,8.0,1,0,新竹縣湖口鄉中山二街168號對面,5A-平鎮倉,1x,N_0503,1,國1-湖口,N1,1.9555254687426316
24.89497,121.23114,75416 東鐿營造-金龍路,"RT2025000569,RT2025000571",1.0,16.0,1,0,桃園市平鎮區金龍路271號,5A-平鎮倉,1x,N_0504,2,台66-平鎮,TH66,3.5013427653537086
24.89529,121.04342,78161 仁隆建設-京漾,RT20250000013043,1.0,8.0,1,0,新竹縣湖口鄉達生二街&中正七街-全家便利商店旁,5A-平鎮倉,1x,N_0505,1,國1-湖口,N1,1.8476766060379795
24.89541,121.2312,75416 東鐿營造-金龍路,RT202500004962,1.0,16.0,1,0,桃園市平鎮區金龍路271號,5A-平鎮倉,1x,N_0506,2,台66-平鎮,TH66,3.500476296177244
24.89636,121.2792,71542 瑞敬營造-大溪,RT20250000012818,1.0,8.0,1,0,桃園市大溪區仁和二街146號,5A-平鎮倉,1x,N_0507,1,國3-大溪,N3,2.1759669486464683
24.89665,121.17028,54617 太平洋-頭重溪,RT202500006170,1.0,8.0,1,0,桃園市楊梅區三民路一直走 會看到陽光四季,5A-平鎮倉,1x,N_0508,1,國1-楊梅,N1,2.69503999764373
24.89665,121.17046,54617 太平洋-頭重溪,RT202500006171,1.0,16.0,1,0,桃園市楊梅區三民路一直走 看到陽光山林 警衛室大門前100公尺,5A-平鎮倉,1x,N_0509,2,國1-楊梅,N1,2.7117509004515257
24.8967,121.24899,77895 森永營造股份有限公司,RT20250000011764,1.0,8.0,1,0,桃園市平鎮區快速路一段77巷67號工地,5A-平鎮倉,1x,N_0510,1,國3-大溪,N3,4.915069596872464
24.89708,121.27443,75774 永碁營造-銜接#74519勤瞻,RT20250000013580,1.0,8.0,1,0,桃園市大溪區士香街172號對面,5A-平鎮倉,1x,N_0511,1,國3-大溪,N3,2.565400196324971
24.89737,121.27439,77246 瑞境建設-士香街,RT202500009029,1.0,8.0,1,0,桃園市大溪區士香街129號旁,5A-平鎮倉,1x,N_0512,1,國3-大溪,N3,2.5922457192564696
24.89756,121.28696,74909 合偉-鶯歌,RT20240000013425,1.0,8.0,1,0,桃園市大溪區瑞仁路92巷1號旁邊工地,5A-平鎮倉,1x,N_0513,1,國3-大溪,N3,1.978153295172236
24.89758,121.03515,76276 福田開發-湖口鄉,RT202500004235,1.0,8.0,1,0,新竹縣湖口鄉成功路454巷45弄17號對面,5A-平鎮倉,1x,N_0514,1,國1-湖口,N1,2.5543965289084256
24.89783,121.07946,77594 健泰營造有限公司,"RT20250000010593,RT20250000010692",1.0,16.0,1,0,新竹縣湖口鄉長泰路566巷126號工地-附地標,5A-平鎮倉,1x,N_0515,2,國1-湖口,N1,3.8223354065937483
24.89791,121.02634,75206 百毅營造-百麗禾禾,RT20240000014744,1.0,8.0,1,0,新竹縣湖口鄉成功路614巷275號,5A-平鎮倉,1x,N_0516,1,國1-湖口,N1,3.293846588366836
24.898,121.05412,75195 昱珅建設-中愛路,RT20250000013715,1.0,16.0,1,0,新竹縣湖口鄉中愛路151巷,5A-平鎮倉,1x,N_0517,2,國1-湖口,N1,2.049669627623032
24.898,121.21343,77529 友騰景觀-山豐國小,RT20250000010278,1.0,8.0,1,0,桃園市平鎮區東豐路100巷巷底右轉-山豐國小旁,5A-平鎮倉,1x,N_0518,1,台66-平鎮,TH66,1.5071695103404315
24.89826,121.1495,74375 郡鼎建設-郡鼎御璽,RT20240000011113,1.0,8.0,1,0,桃園市楊梅區校前路324巷41號,5A-平鎮倉,1x,N_0519,1,國1-楊梅,N1,1.3043213214541596
24.89829,121.14953,74375 郡鼎建設-郡鼎御璽,RT20240000013125,1.0,8.0,1,0,桃園市楊梅區校前路324巷41號,5A-平鎮倉,1x,N_0520,1,國1-楊梅,N1,1.300856542821039
24.89836,121.19524,48291 東翊電股份有限公司,RT202500006733,1.0,8.0,1,0,桃園市平鎮區南豐路550號,5A-平鎮倉,1x,N_0521,1,台66-平鎮,TH66,0.5588406313077674
24.89845,121.27924,77449 中裕營造-大溪員林路,RT202500009968,1.0,8.0,1,0,桃園市大溪區員林路一段129號斜對面工地,5A-平鎮倉,1x,N_0522,1,國3-大溪,N3,2.370779410257712
24.89862,121.27932,77449 中裕營造-大溪員林路,RT20250000012440,1.0,8.0,1,0,桃園市大溪區員林路一段129號斜對面工地,5A-平鎮倉,1x,N_0523,1,國3-大溪,N3,2.3826681982187545
24.89889,121.27785,72733 建揚營造-埔頂營區,RT202500003514,1.0,8.0,1,0,桃園市大溪區仁和路1段12號-埔頂營區,5A-平鎮倉,1x,N_0524,1,國3-大溪,N3,2.4930674131685246
24.89895,121.15076,73525 侑甫營造-楊梅,RT202500006731,1.0,8.0,1,0,桃園市楊梅區校前路324巷5號,5A-平鎮倉,1x,N_0525,1,國1-楊梅,N1,1.2294476451237104
24.89913,121.04846,74824 竹玥建設-湖口,RT20240000013567,1.0,8.0,1,0,新竹縣湖口鄉健康街17號,5A-平鎮倉,1x,N_0526,1,國1-湖口,N1,2.1302993800167918
24.89922,121.19369,75379 峰裕營造-平鎮段,RT2025000416,1.0,8.0,1,0,桃園市平鎮區中興路平鎮段475號,5A-平鎮倉,1x,N_0527,1,台66-平鎮,TH66,0.7057409329915946
24.8996,121.20447,78079 三木營造有限公司,RT20250000012793,1.0,8.0,1,0,桃園市平鎮區南豐路261號,5A-平鎮倉,1x,N_0528,1,台66-平鎮,TH66,0.4981526160723672
24.89961,121.14976,75348 晉通營造-安心學住宅新建工程,RT2025000795,1.0,16.0,1,0,桃園市楊梅區校前路298巷口(全家旁),5A-平鎮倉,1x,N_0529,2,國1-楊梅,N1,1.153597639430789
24.89978,121.24282,64564 承銘企業社,RT202500009806,1.0,8.0,1,0,桃園市平鎮區快速路與洪圳路口斜對面-電聯帶定位(303檳榔攤),5A-平鎮倉,1x,N_0530,1,台66-平鎮,TH66,4.753082731953169
24.89983,121.20421,78079 三木營造有限公司,RT20250000013051,1.0,8.0,1,0,桃園市平鎮區南豐路261號-追加,5A-平鎮倉,1x,N_0531,1,台66-平鎮,TH66,0.46769083057083644
24.90039,120.98634,76150 凱豐廣告-凱豐廣告重興段五樓華夏,RT202500003828,1.0,8.0,1,0,新竹縣新豐鄉新市路50號旁進去(市場),5A-平鎮倉,1x,N_0532,1,台61-新豐,TH61,2.2994627223986415
24.90048,121.27513,73956 瑞星工程-大溪陳榮達,RT20250000013447,1.0,8.0,1,0,桃園市大溪區隆德街42號(旁轉角基地),5A-平鎮倉,1x,N_0533,1,國3-大溪,N3,2.809302988875013
24.90068,121.10809,71529 華陽-楊梅,RT20250000012811,1.0,8.0,1,0,桃園市楊梅區中山南路800巷98弄12號(小路山上),5A-平鎮倉,1x,N_0534,1,國1-楊梅,N1,4.765650917818178
24.90095,121.17315,75085 櫻花建設-頭重溪段三期,RT20240000014246,1.0,24.0,1,0,桃園市楊梅區金溪路209巷前100公尺,5A-平鎮倉,1x,N_0535,3,國1-楊梅,N1,2.759025520904127
24.90096,120.9869,71251 森祐建設-森祐本善,RT20250000012221,1.0,8.0,1,0,新竹縣新豐鄉建興路二段790號對面(警消隔壁),5A-平鎮倉,1x,N_0536,1,台61-新豐,TH61,2.351868670568229
24.9014,121.04416,72339 天冠營造-湖口,RT20250000013059,1.0,8.0,1,0,新竹縣湖口鄉忠孝路7號,5A-平鎮倉,1x,N_0537,1,國1-湖口,N1,2.462263238891973
24.90181,121.20009,69133 達龍營造-平鎮工業區,RT20250000010781,1.0,8.0,1,0,桃園市平鎮區工業三路6號,5A-平鎮倉,1x,N_0538,1,台66-平鎮,TH66,0.2011582168346927
24.90191,121.17663,61496 百傑建設股份有限公司,RT20250000010247,1.0,8.0,1,0,桃園市楊梅區三民東路344號旁工地,5A-平鎮倉,1x,N_0539,1,台66-平鎮,TH66,2.6027192328409234
24.90192,121.20008,69133 達龍營造-平鎮工業區,RT20250000010780,1.0,8.0,1,0,桃園市平鎮區工業三路6號,5A-平鎮倉,1x,N_0540,1,台66-平鎮,TH66,0.21330491977468516
24.90208,121.08236,72589 新藯-楊梅四湖段,RT20250000010830,1.0,16.0,1,0,桃園市楊梅區高鐵南路十段502巷8號旁,5A-平鎮倉,1x,N_0541,2,國1-湖口,N1,4.34844678201298
24.90209,121.05206,73545 興建東-雅生居,RT20250000013721,1.0,8.0,1,0,新竹縣湖口鄉中平路一段101巷3號旁,5A-平鎮倉,1x,N_0542,1,國1-湖口,N1,2.4626287490608867
24.90254,121.1842,78334 威臺營造-蘋果路,RT20250000013796,1.0,8.0,1,0,桃園市楊梅區蘋果路5號,5A-平鎮倉,1x,N_0543,1,台66-平鎮,TH66,1.7763177090823252
24.90276,121.28356,74263 宜富建設-太武段,RT20240000010709,1.0,16.0,1,0,桃園市大溪區忠泰街6巷,5A-平鎮倉,1x,N_0544,2,國3-大溪,N3,2.6255458623308865
24.9028,121.18583,75053 旭源營造-蘋果路,RT20240000014130,1.0,8.0,1,0,桃園市楊梅區蘋果路9號旁,5A-平鎮倉,1x,N_0545,1,台66-平鎮,TH66,1.6032830931880142
24.90283,121.19042,77126 官宏檳營造-平鎮區,RT202500008551,1.0,8.0,1,0,桃園市平鎮區興隆路118號,5A-平鎮倉,1x,N_0546,1,台66-平鎮,TH66,1.1088077747292981
24.90287,121.20546,75544 泰貿豐營造-平鎮,RT202500001276,1.0,8.0,1,0,桃園市平鎮區工業一路8號,5A-平鎮倉,1x,N_0547,1,台66-平鎮,TH66,0.6846864745998843
24.90302,120.98926,76157 東鐿營造-新豐,RT20250000010263,1.0,8.0,1,0,新竹縣新豐鄉自立街9號對面,5A-平鎮倉,1x,N_0548,1,台61-新豐,TH61,2.556539893684682
24.90318,121.14446,74155 寶台建設-楊梅,RT202500006679,1.0,8.0,1,0,桃園市楊梅區環南路263號,5A-平鎮倉,1x,N_0549,1,國1-楊梅,N1,0.9753104551893377
24.90327,121.14441,74155 寶台建設-楊梅,RT20240000010322,1.0,8.0,1,0,桃園市楊梅區環南路263巷,5A-平鎮倉,1x,N_0550,1,國1-楊梅,N1,0.9711136189972047
24.90328,121.18523,75053 旭源營造-蘋果路,RT202500006503,1.0,8.0,1,0,桃園市楊梅區蘋果路9號旁,5A-平鎮倉,1x,N_0551,1,台66-平鎮,TH66,1.6794094579046261
24.90328,121.2821,75177 展揚-太武安居,RT202500003861,1.0,8.0,1,0,桃園市大溪區慈光一街&埔頂七街交叉口,5A-平鎮倉,1x,N_0552,1,國3-大溪,N3,2.7288134887531452
24.90334,120.98449,73622 森祐建設-傳承店鋪,RT202400008026,1.0,8.0,1,0,新竹縣新豐鄉新市路141號(億客來對面),5A-平鎮倉,1x,N_0553,1,台61-新豐,TH61,2.6619542707756514
24.90338,120.98972,76157 東鐿營造-新豐,RT202500003833,1.0,8.0,1,0,新竹縣新豐鄉自立街9號對面,5A-平鎮倉,1x,N_0554,1,台61-新豐,TH61,2.5953661011116806
24.90342,121.15378,78293 亞翔工程-華映廠,RT20250000013588,1.0,16.0,1,0,桃園市楊梅區行善路80號-華映1廠,5A-平鎮倉,1x,N_0555,2,國1-楊梅,N1,0.8423196072745657
24.90356,121.04145,77798 群浩建設-湖口鄉龍江路,RT20250000011454,1.0,8.0,1,0,新竹縣湖口鄉龍江街38號-附地標-前半小時電聯,5A-平鎮倉,1x,N_0556,1,國1-湖口,N1,2.782042006889868
24.90357,121.18561,75053 旭源營造-蘋果路,RT20250000011174,1.0,8.0,1,0,桃園市楊梅區蘋果路9號旁-追加,5A-平鎮倉,1x,N_0557,1,台66-平鎮,TH66,1.6457111705892011
24.90357,121.28174,75177 展揚-大溪,RT20240000015154,1.0,8.0,1,0,桃園市大溪區慈光一街&埔頂七街交叉口-太武安居社會住宅,5A-平鎮倉,1x,N_0558,1,國3-大溪,N3,2.7722736106851174
24.90364,121.28142,77178 原春室內-埔頂七街,RT202500008749,1.0,8.0,1,0,桃園市大溪區埔頂七街78號旁,5A-平鎮倉,1x,N_0559,1,國3-大溪,N3,2.7915253153074078
24.90398,121.15348,77793 昌久金屬科技有限公司,RT20250000012161,1.0,16.0,1,0,桃園市楊梅區行善路80號-華映楊梅廠,5A-平鎮倉,1x,N_0560,2,國1-楊梅,N1,0.7718356086626164
24.90408,121.18543,75053 旭源營造-蘋果路,RT20250000013795,1.0,8.0,1,0,桃園市楊梅區蘋果路9號旁-追加,5A-平鎮倉,1x,N_0561,1,台66-平鎮,TH66,1.6794828213775836
24.90412,121.18686,77307 大東遠程-蘋果路,RT20250000012441,1.0,8.0,1,0,桃園市楊梅區蘋果路11號(金鍏電子廠內),5A-平鎮倉,1x,N_0562,1,台66-平鎮,TH66,1.5285550412079745
24.90446,121.15294,77793 昌久金屬科技有限公司,RT20250000013702,1.0,24.0,1,0,桃園市楊梅區行善路80號-華映楊梅廠-出入口從環東路過去,5A-平鎮倉,1x,N_0563,3,國1-楊梅,N1,0.6961673643597791
24.9045,121.15511,78125 郡鼎建設-環東路,RT20250000012944,1.0,8.0,1,0,桃園市楊梅區環東路170號附近,5A-平鎮倉,1x,N_0564,1,國1-楊梅,N1,0.8333291271152379
24.90458,121.15287,78293 亞翔工程-華映廠,RT20250000013590,1.0,16.0,1,0,桃園市楊梅區行善路80號-華映2廠,5A-平鎮倉,1x,N_0565,2,國1-楊梅,N1,0.6807594797718324
24.90498,120.98394,76723 佑家營造-明曦泱泱,RT202500006672,1.0,8.0,1,0,新竹縣新豐鄉新庄路353巷內工地,5A-平鎮倉,1x,N_0566,1,台61-新豐,TH61,2.853205285989465
24.9056,121.17541,74905 盛北營造-頭重溪,RT20240000013703,1.0,8.0,1,0,桃園市楊梅區瑞坪路18巷38號旁,5A-平鎮倉,1x,N_0567,1,台66-平鎮,TH66,2.799375326765285
24.90565,121.0863,74071 文暉營造-楊梅,RT202500009002,1.0,8.0,1,0,桃園市楊梅區高鐵南路10段11巷220號旁邊,5A-平鎮倉,1x,N_0568,1,國1-湖口,N1,4.93371276145044
24.90584,121.16947,75131 瑞星工程-楊梅楊光國小,RT2025000484,1.0,8.0,1,0,桃園市楊梅區瑞溪路一段88號-楊光國小,5A-平鎮倉,1x,N_0569,1,國1-楊梅,N1,2.2099497882302837
24.90586,121.17011,75131 瑞星工程-楊梅楊光國小,RT20240000014459,1.0,8.0,1,0,桃園市楊梅區瑞溪路一段88號-楊光國小,5A-平鎮倉,1x,N_0570,1,國1-楊梅,N1,2.2790213899158913
24.90593,121.20771,76591 峻鴻營造-中豐路,RT202500005847,1.0,16.0,1,0,桃園市平鎮區中豐路山頂段2號,5A-平鎮倉,1x,N_0571,2,台66-平鎮,TH66,1.0796654523513238
24.90664,121.36653,78385 隆準營造股份有限公司,RT20250000014033,1.0,8.0,1,0,新北市三峽區大埔路106號,5A-平鎮倉,1x,N_0572,1,國3-三鶯,N3,6.3551067410788855
24.90673,121.04882,76874 耀寬-#71380轉來,RT20250000013701,9.0,16.0,1,0,新竹縣湖口鄉信義街98號旁工地-工務所-9F,5A-平鎮倉,1x,N_0573,1,國1-湖口,N1,2.9699196590648915
24.90683,121.04882,71380 耀寬-新湖好室 | 76874 耀寬-#71380轉來,"RT20250000010314,RT20250000010317,RT20250000010320","1.0,3.0,6.0",48.0,1,0,新竹縣湖口鄉信義街98號旁工地-工務所,5A-平鎮倉,1x,N_0574,4,國1-湖口,N1,2.981008899231931
24.90686,121.28251,77342 憶泰營造-埔仁路,RT202500009404,1.0,8.0,1,0,桃園市大溪區埔仁路518號旁工地,5A-平鎮倉,1x,N_0575,1,國3-大溪,N3,3.0952080808408686
24.90764,121.20511,66810 匯發-平鎮,RT20250000013313,1.0,16.0,1,0,桃園市平鎮區中豐路南勢２段460巷136號對面工地,5A-平鎮倉,1x,N_0576,2,台66-平鎮,TH66,1.0202445911156002
24.90771,121.11554,78307 恆輝開發-楊梅區,RT20250000013630,1.0,16.0,1,0,桃園市楊梅區泰圳路與雅典路口(楊湖區),5A-平鎮倉,1x,N_0577,2,國1-楊梅,N1,3.8334966492366145
24.90828,121.22791,75260 天帝新德宮,RT20250000011990,1.0,8.0,1,0,桃園市平鎮區快速路二段125巷18之5號-熊熊可麗餅旁宮廟,5A-平鎮倉,1x,N_0578,1,台66-平鎮,TH66,3.2314662316810105
24.90847,121.10605,74831 豐合建設-楊梅,RT20250000012838,1.0,8.0,1,0,"桃園市楊梅區楊湖路二段615巷-24°54'30.1""N 121°06'22.0""E",5A-平鎮倉,1x,N_0579,1,國1-楊梅,N1,4.881405190251084
24.90849,121.208,75627 麒田營造-碩聯,RT202500001585,1.0,8.0,1,0,桃園市平鎮區天津街151巷口,5A-平鎮倉,1x,N_0580,1,台66-平鎮,TH66,1.2948524673102804
24.90861,121.27822,76632 中裕-仁善國小,RT202500006128,1.0,8.0,1,0,桃園市大溪區埔頂路二段109號,5A-平鎮倉,1x,N_0581,1,國3-大溪,N3,3.434370314992374
24.90874,121.27783,76632 中裕-仁善國小,RT20250000012184,1.0,8.0,1,0,桃園市大溪區埔頂路二段109號對面子母車旁,5A-平鎮倉,1x,N_0582,1,國3-大溪,N3,3.464367615670342
24.9089,121.28627,73285 舜欣昌-大溪,RT20250000012718,1.0,8.0,1,0,桃園市大溪區介壽路566巷25弄170號對面工地,5A-平鎮倉,1x,N_0583,1,國3-大溪,N3,3.2345081930489084
24.90891,121.16575,77877 合盛營造-楊梅交流道,RT20250000011701,1.0,16.0,1,0,桃園市楊梅區楊梅交流道附近-電聯定位,5A-平鎮倉,1x,N_0584,2,國1-楊梅,N1,1.7524316370685875
24.90892,120.97426,75783 興建東-雅生居2,RT202500002233,1.0,8.0,1,0,新竹縣新豐鄉池府路175巷8號之1旁工地,5A-平鎮倉,1x,N_0585,1,台61-新豐,TH61,3.6547733984471855
24.9091,121.09108,76637 立?建設-楊湖路,RT202500006140,1.0,16.0,1,0,桃園市楊梅區楊湖路３段連255巷92弄工地,5A-平鎮倉,1x,N_0586,2,國1-湖口,N1,5.5880275253803
24.9091,121.15291,75979 羅大為營造-玩具圖書館,RT202500002982,1.0,8.0,1,0,桃園市楊梅區自立街326號-臺灣玩具圖書館,5A-平鎮倉,1x,N_0587,1,國1-楊梅,N1,0.33810570847004345
24.90919,121.15317,65228 台灣玩具-楊梅,RT202500003988,1.0,16.0,1,0,桃園市楊梅區自立街326號(賜福宮土地公旁),5A-平鎮倉,1x,N_0588,2,國1-楊梅,N1,0.3631753089071582
24.90931,121.13415,77710 王明忠,RT20250000013314,1.0,8.0,1,0,桃園市楊梅區楊湖路一段239巷56號,5A-平鎮倉,1x,N_0589,1,國1-楊梅,N1,1.7610163118495297
24.90948,121.16676,70730 駿晟企業社,RT20250000010768,1.0,8.0,1,0,桃園市楊梅區元化街6號,5A-平鎮倉,1x,N_0590,1,國1-楊梅,N1,1.8612552022751243
24.90963,121.14916,67032 寶欣建設-楊梅,RT202500003984,1.0,16.0,1,0,桃園市楊梅區新農街85號對面工地,5A-平鎮倉,1x,N_0591,2,國1-楊梅,N1,0.10188445661741576
24.90969,121.10574,74831 豐合建設-楊梅,RT202500001683,1.0,8.0,1,0,桃園市楊梅區泰圳路200巷221號旁組合屋旁,5A-平鎮倉,1x,N_0592,1,國1-楊梅,N1,4.912980503493695
24.90974,121.12872,77814 虹橋營造-資家科技,RT20250000011515,1.0,8.0,1,0,桃園市楊梅區楊湖路一段425巷211號,5A-平鎮倉,1x,N_0593,1,國1-楊梅,N1,2.3622562998121763
24.90983,121.2748,67192 捷翔開發建設有限公司,RT20250000013687,1.0,8.0,1,0,桃園市大溪區埔頂路１段357巷250-2號旁工地,5A-平鎮倉,1x,N_0594,1,國3-大溪,N3,3.716211204560774
24.91003,121.2044,78396 羅傑土木包-平鎮段1068-6地號,RT20250000014062,1.0,8.0,1,0,桃園市平鎮區開封街58號旁工地,5A-平鎮倉,1x,N_0595,1,台66-平鎮,TH66,1.2157459639663766
24.9104,121.12806,77814 虹橋營造-資家科技,RT20250000013832,1.0,8.0,1,0,桃園市楊梅區楊湖路一段425巷211號-追加,5A-平鎮倉,1x,N_0596,1,國1-楊梅,N1,2.43574470657341
24.91055,121.20415,77519 富羿營造-開封街68號,RT20250000010231,1.0,8.0,1,0,桃園市平鎮區開封街68號工地,5A-平鎮倉,1x,N_0597,1,台66-平鎮,TH66,1.2583944234619329
24.91066,121.12858,78206 金宏軒-淞譽二廠,RT20250000013248,1.0,8.0,1,0,桃園市楊梅區楊湖路一段425巷156號-淞譽二廠,5A-平鎮倉,1x,N_0598,1,國1-楊梅,N1,2.3787483877037685
24.91066,121.21196,74086 揚碩建設-三興段,RT20250000012593,1.0,8.0,1,0,桃園市平鎮區中豐路南勢二段355巷7弄17號對面,5A-平鎮倉,1x,N_0599,1,台66-平鎮,TH66,1.7783474860670399
24.91099,121.18746,75760 固聖營造-消防埔心分隊,RT20250000013060,1.0,8.0,1,0,桃園市楊梅區金龍三路1號-消防埔心分隊,5A-平鎮倉,1x,N_0600,1,台66-平鎮,TH66,1.850845367852557
24.91119,121.15854,77048 廣昱建設-中山北路,RT202500007942,1.0,8.0,1,0,桃園市楊梅區中山北路一段390巷50號-陽明國小校門口對面,5A-平鎮倉,1x,N_0601,1,國1-楊梅,N1,0.9570987470994223
24.91124,121.36984,76812 文傑建設-嘉添門市,RT202500007007,1.0,8.0,1,0,新北市三峽區嘉添路109-2號1樓-7-ELEVEN嘉添門市附近,5A-平鎮倉,1x,N_0602,1,國3-三鶯,N3,6.387240545588157
24.91126,121.15845,77048 廣昱建設-中山北路,RT20250000013423,1.0,8.0,1,0,桃園市楊梅區中山北路一段390巷50號-陽明國小校門口對面,5A-平鎮倉,1x,N_0603,1,國1-楊梅,N1,0.9483201052910252
24.9115,121.2369,73722 萬耀建設-宜家,RT202400008405,1.0,8.0,1,0,桃園市平鎮區平東路一段40號,5A-平鎮倉,1x,N_0604,1,台66-平鎮,TH66,4.290203848304067
24.91154,121.13001,76441 鈜基營造-楷翔廠房,RT202500005266,1.0,8.0,1,0,桃園市楊梅區楊湖路一段425巷156號旁,5A-平鎮倉,1x,N_0605,1,國1-楊梅,N1,2.225464741509832
24.91184,121.16886,75124 李雅琦,RT20240000014434,1.0,8.0,1,0,桃園市楊梅區三元街272巷15弄26號旁,5A-平鎮倉,1x,N_0606,1,國1-楊梅,N1,2.1033993318424242
24.9119,121.38652,77816 長友營造-三峽農場,RT20250000011518,1.0,8.0,1,0,新北市三峽區白雞路62號-三峽農場,5A-平鎮倉,1x,N_0607,1,國3-三鶯,N3,8.015491616140572
24.91212,121.23487,76406 旭晟建設-東勢廟,RT202500005119,1.0,8.0,1,0,桃園市平鎮區平東路一段98號-東勢廟後面,5A-平鎮倉,1x,N_0608,1,台66-平鎮,TH66,4.097706434982763
24.91214,121.07623,70495 宏?開發建設有限公司,RT20230000010809,1.0,8.0,1,0,桃園市楊梅區楊湖路三段195號旁,5A-平鎮倉,1x,N_0609,1,國1-湖口,N1,4.604817976044253
24.91222,121.23468,76406 旭晟建設-東勢廟,RT202500009140,1.0,16.0,1,0,桃園市平鎮區平東路一段98號-東勢廟後面,5A-平鎮倉,1x,N_0610,2,台66-平鎮,TH66,4.081466830294732
24.91227,121.1281,78292 能九營造-楊梅區,RT20250000013587,1.0,8.0,1,0,桃園市楊梅區楊湖路一段585巷68號斜對面,5A-平鎮倉,1x,N_0611,1,國1-楊梅,N1,2.44392383083049
24.9126,121.16998,70841 合悅建設股份有限公司,RT20250000011806,1.0,8.0,1,0,桃園市楊梅區新農街二段&三民北路交叉口,5A-平鎮倉,1x,N_0612,1,國1-楊梅,N1,2.2364789487931653
24.91298,121.12668,77708 日陽包裝實業-楊湖路一段,RT20250000011190,1.0,32.0,0,1,桃園市楊梅區楊湖路一段639號工地-電聯定位,5A-平鎮倉,2x,N_0613,4,國1-楊梅,N1,2.6095691596137502
24.91379,121.14998,78348 聯詠立工程-楊梅透天魏宅,RT20250000013893,1.0,8.0,1,0,桃園市楊梅區楊新北路21巷3弄29號-魏宅,5A-平鎮倉,1x,N_0614,1,國1-楊梅,N1,0.420695857478862
24.91388,121.04281,76966 英城營造-湖口鄉,RT202500007579,1.0,16.0,1,0,新竹縣湖口鄉德興路275號(中科帝苑內),5A-平鎮倉,1x,N_0615,2,國1-湖口,N1,3.844432560274521
24.91434,121.2806,77741 饗饗餐食吧-大溪區,RT20250000011280,1.0,8.0,1,0,桃園市大溪區埔頂路二段335號之一,5A-平鎮倉,1x,N_0616,1,國3-大溪,N3,3.951967280684404
24.9144,121.17006,72384 樹盛-光鈦國際,RT202400002693,1.0,16.0,1,0,桃園市楊梅區新農街二段209巷63號對面,5A-平鎮倉,1x,N_0617,2,國1-楊梅,N1,2.279594112029698
24.91516,121.05794,72149 遠揚開發-湖口,RT202400001619,1.0,8.0,1,0,新竹縣湖口鄉東楊路196巷12號-電聯帶定位,5A-平鎮倉,1x,N_0618,1,國1-湖口,N1,4.001036842270013
24.91536,121.25559,77896 688KTV-龍南路,RT20250000011763,1.0,8.0,1,0,桃園市平鎮區龍南路688號,5A-平鎮倉,1x,N_0619,1,國3-大溪,N3,5.476674870914618
24.916,121.17032,77302 景文-變電站,RT202500009227,1.0,16.0,1,0,桃園市楊梅區梅獅路一段426巷-變電站(欣興電子後段),5A-平鎮倉,1x,N_0620,2,國1-楊梅,N1,2.3517921826554082
24.91618,121.23564,77060 禾溢建設有限公司,RT202500007991,1.0,8.0,1,0,桃園市平鎮區建安路112巷95號對面,5A-平鎮倉,1x,N_0621,1,國1-平鎮系統,N1,3.884686015884244
24.91631,121.23539,77060 禾溢建設有限公司,RT20250000012833,1.0,8.0,1,0,桃園市平鎮區建安路112巷95號對面,5A-平鎮倉,1x,N_0622,1,國1-平鎮系統,N1,3.8545430458359324
24.91684,121.50256,70284 帷圓室內-康橋旭,RT20250000012797,1.0,8.0,1,0,新北市新店區秀岡二街16巷21號-康橋旭,5A-平鎮倉,1x,N_0623,1,台64-板橋,TH64,11.368773244427544
24.91707,121.00545,76772 政發工程有限公司,RT20250000013573,1.0,8.0,1,0,新竹縣新豐鄉青埔村57之1號旁附座標,5A-平鎮倉,1x,N_0624,1,台61-新豐,TH61,4.457845405058416
24.91817,121.2898,76629 冠銘開發-亞士美實,RT202500006101,1.0,8.0,1,0,桃園市大溪區新光東路20巷18號旁,5A-平鎮倉,1x,N_0625,1,國3-三鶯,N3,4.136278984412915
24.91866,121.25201,74171 合誠營造-平東段,RT20250000010831,1.0,8.0,1,0,桃園市平鎮區平東路68巷17弄1號旁,5A-平鎮倉,1x,N_0626,1,國1-平鎮系統,N1,5.230250860112358
24.91886,121.21023,77500 鄭自紅,RT20250000010121,1.0,8.0,1,0,桃園市平鎮區南京路12巷75號,5A-平鎮倉,1x,N_0627,1,國1-平鎮系統,N1,2.346678877158391
24.91901,121.1779,76361 森峰營造-朋達廠房,RT202500004816,1.0,8.0,1,0,桃園市楊梅區梅獅路一段226巷9弄188號旁,5A-平鎮倉,1x,N_0628,1,台66-平鎮,TH66,3.2357787041306696
24.91934,121.23404,76355 合創工程-曾宅工程,RT20250000011922,1.0,8.0,1,0,桃園市平鎮區建安路239巷187號,5A-平鎮倉,1x,N_0629,1,國1-平鎮系統,N1,3.5184674875862036
24.9196,121.13446,78266 邑華有限公司-楊梅區,RT20250000013480,1.0,8.0,1,0,桃園市楊梅區民富路一段136巷8號,5A-平鎮倉,1x,N_0630,1,國1-楊梅,N1,2.0275407181115503
24.9196,121.22986,73674 上溢營造-平鎮,RT202400008229,1.0,16.0,1,0,桃園市平鎮區金陵路四段-電聯帶定位,5A-平鎮倉,1x,N_0631,2,國1-平鎮系統,N1,3.1602454416714574
24.92013,121.17674,65930 鎮揚建設-永平路,RT202500006644,1.0,8.0,1,0,桃園市楊梅區永平路415號對面,5A-平鎮倉,1x,N_0632,1,國1-楊梅,N1,3.173987694445768
24.92038,120.98504,72709 聚樘營造-埔和國小附近,"RT202500003506,RT202500003507",1.0,24.0,1,0,新竹縣新豐鄉埔頂516號對面工地-埔和國小附近,5A-平鎮倉,1x,N_0633,3,台61-新豐,TH61,4.515866900828914
24.92057,121.17931,73957 麒田營造-金總源,RT202500009005,1.0,8.0,1,0,桃園市楊梅區永平路235號旁,5A-平鎮倉,1x,N_0634,1,台66-平鎮,TH66,3.2384637594085266
24.92068,121.1744,77513 立本營造-青山二街,RT20250000010220,1.0,8.0,1,0,桃園市楊梅區青山二街308號,5A-平鎮倉,1x,N_0635,1,國1-楊梅,N1,2.95648328092688
24.92081,121.17984,76827 麒田-家立好,RT202500007033,1.0,8.0,1,0,桃園市楊梅區永平路237號隔壁,5A-平鎮倉,1x,N_0636,1,台66-平鎮,TH66,3.216092975288887
24.92083,120.98943,75224 凱築建設-晴空墅語2,RT20240000014796,1.0,8.0,1,0,新竹縣新豐鄉埔頂110號-附座標,5A-平鎮倉,1x,N_0637,1,台61-新豐,TH61,4.532571613311768
24.92091,120.99113,77832 凱築建設-晴空墅語3,RT20250000011547,1.0,8.0,1,0,新竹縣新豐鄉埔頂118號-晴空墅語3-附座標,5A-平鎮倉,1x,N_0638,1,台61-新豐,TH61,4.542741958883458
24.92256,121.27114,69952 寶台建設-大溪,RT202500007199,1.0,8.0,1,0,桃園市大溪區埔頂路一段357巷928弄,5A-平鎮倉,1x,N_0639,1,國3-大溪,N3,5.167229671420024
24.92258,120.98782,77101 程鈞營造股份有限公司,RT202500008343,1.0,8.0,1,0,新竹縣新豐鄉396之五號-附地標(洗衣店後面),5A-平鎮倉,1x,N_0640,1,台61-新豐,TH61,4.732570361315378
24.9229,121.18549,78312 美亞鋼管廠-楊梅區,RT20250000013677,1.0,32.0,1,0,桃園市楊梅區永平路6號,5A-平鎮倉,1x,N_0641,4,台66-平鎮,TH66,3.0092059055671876
24.92295,121.11936,76405 慶源營造-翔聯M棟,RT202500005120,1.0,8.0,1,0,桃園市楊梅區民富路一段782號旁(翔聯M棟),5A-平鎮倉,1x,N_0642,1,國1-楊梅,N1,3.6923347064024448
24.9233,121.16751,74589 宜佳營造-楊梅宏棋,RT20240000012104,1.0,8.0,1,0,桃園市楊梅區高獅路822巷1-1號旁,5A-平鎮倉,1x,N_0643,1,國1-楊梅,N1,2.4407133223905717
24.92428,121.16432,75559 旭源-高獅路,RT20250000012568,1.0,8.0,1,0,桃園市楊梅區高獅路776號對面工地,5A-平鎮倉,1x,N_0644,1,國1-楊梅,N1,2.2447833830459114
24.92436,121.05511,74022 寶鑫營造-耀時代J區,RT202500009240,1.0,16.0,1,0,新竹縣湖口鄉嘉興路一段-耀時代J區-電聯定位,5A-平鎮倉,1x,N_0645,2,國1-湖口,N1,4.9565218919824625
24.92436,121.16479,75871 建智營造-楊梅,RT202500002610,1.0,8.0,1,0,桃園市楊梅區高獅路759號,5A-平鎮倉,1x,N_0646,1,國1-楊梅,N1,2.2881989724883205
24.92442,121.36413,67388 中鼎營造-三峽,RT20250000013968,1.0,8.0,1,0,新北市三峽區大同路295號-追加,5A-平鎮倉,1x,N_0647,1,國3-三鶯,N3,5.194744618295552
24.92469,121.16128,78145 豐達營造-K6C廠結構,RT20250000013000,1.0,32.0,1,0,桃園市楊梅區幼獅工業區高獅路580號-K6C廠(景碩廠內,5A-平鎮倉,1x,N_0648,4,國1-楊梅,N1,2.0558521528794604
24.92489,121.05558,72710 寶鑫營造-鈺時代M區,RT20250000010825,1.0,8.0,1,0,新竹縣湖口鄉嘉興路一段77號-鈺時代-M區,5A-平鎮倉,1x,N_0649,1,國1-湖口,N1,5.021138094944591
24.92494,121.05511,64614 寶鑫營造-L區,RT202500003570,1.0,16.0,1,0,新竹縣湖口鄉嘉興路1段88巷-工務所,5A-平鎮倉,1x,N_0650,2,國1-湖口,N1,5.0204843530978875
24.92545,121.23754,62328 東昇營造-龍山營區,RT20250000013061,1.0,8.0,1,0,桃園市平鎮區營德路54號對面,5A-平鎮倉,1x,N_0651,1,國1-平鎮系統,N1,3.457349948457811
24.92545,121.50997,78111 三盛營造-大台北華城,RT20250000012897,1.0,16.0,1,0,新北市新店區華城六街102號對面工地-大台北華城,5A-平鎮倉,1x,N_0652,2,台64-板橋,TH64,10.901592158552004
24.92576,121.17087,77668 合盛營造股-楊梅區,RT20250000011002,1.0,16.0,1,0,桃園市楊梅區青年路2號旁工地-附地標(金錩旁),5A-平鎮倉,1x,N_0653,2,國1-楊梅,N1,2.9028876958115153
24.92592,121.15786,73210 東泰營造-信昌,RT20250000012829,1.0,8.0,1,0,桃園市楊梅區高獅路566-1號(華新門口),5A-平鎮倉,1x,N_0654,1,國1-楊梅,N1,1.9707611590447198
24.92639,121.10024,77489 鍾傳雄,RT20250000010089,1.0,8.0,1,0,桃園市楊梅區民安路2巷100弄100號,5A-平鎮倉,1x,N_0655,1,國1-楊梅,N1,5.815266270232874
24.92644,121.05629,73906 寶鑫營造-耀時代O區,RT202400009199,1.0,24.0,1,0,新竹縣湖口鄉嘉興路一段-O區-電聯定位,5A-平鎮倉,1x,N_0656,3,國1-湖口,N1,5.201907794425199
24.92644,121.24333,76904 泓賀營造-龍岡路,RT202500007362,1.0,8.0,1,0,桃園市中壢區龍岡路３段742號,5A-平鎮倉,1x,N_0657,1,國1-平鎮系統,N1,3.9940917318591906
24.92667,121.2966,78416 泰貿豐營造-介壽路二段,RT20250000014138,1.0,8.0,1,0,桃園市八德區介壽路二段1360號,5A-平鎮倉,1x,N_0658,1,國3-三鶯,N3,2.9892794611573508
24.9273,121.25945,77297 日鼎營造-八德區,RT202500009213,1.0,8.0,1,0,桃園市八德區新生路300號旁工地,5A-平鎮倉,1x,N_0659,1,國1-平鎮系統,N1,5.667082687989444
24.9276,121.15033,77614 友新營造股份有限公司,RT20250000010720,1.0,8.0,1,0,桃園市楊梅區梅高路210巷238弄-附地標(幼獅三路區),5A-平鎮倉,1x,N_0660,1,國1-楊梅,N1,1.953943376073275
24.92776,121.26073,73588 富峰建設-新霄裡,RT202400007910,1.0,8.0,1,0,桃園市八德區霄裡路412號旁,5A-平鎮倉,1x,N_0661,1,國1-平鎮系統,N1,5.792616119725394
24.92776,121.26092,73588 富峰建設-新霄裡,RT20250000012331,1.0,8.0,1,0,桃園市八德區霄裡路412號旁,5A-平鎮倉,1x,N_0662,1,國1-平鎮系統,N1,5.813119914813974
24.92845,121.28572,77986 尚冠建設-玖登春樹醴,RT20250000012370,1.0,8.0,1,0,桃園市八德區豐田三路&豐德二路交叉口,5A-平鎮倉,1x,N_0663,1,國3-三鶯,N3,4.015256655420181
24.92865,121.16752,72311 原生生活-郭元益充電站,RT202500001767,1.0,8.0,1,0,桃園市楊梅區青年路9巷3號--郭元益充電站,5A-平鎮倉,1x,N_0664,1,國1-楊梅,N1,2.8403269003578275
24.92871,121.31623,73220 泰貿豐營造-大鶯路,RT20250000012823,1.0,8.0,1,0,桃園市大溪區大鶯路1426巷工地,5A-平鎮倉,1x,N_0665,1,國3-三鶯,N3,1.3212124420393712
24.92879,121.23543,76814 壬申-?恩市民中心,RT202500007010,1.0,16.0,1,0,桃園市平鎮區游泳路&龍慈路口-陸軍體育館,5A-平鎮倉,1x,N_0666,2,國1-平鎮系統,N1,3.0848196104473558
24.92883,121.44767,76624 安信營造-三峽陳振良,RT202500006082,1.0,8.0,1,0,新北市三峽區安坑路27號,5A-平鎮倉,1x,N_0667,1,國3-樹林,N3,8.608189768690716
24.92908,121.2704,75797 宇崧工程-八德,RT202500002261,1.0,16.0,1,0,桃園市八德區長興路493巷150號旁,5A-平鎮倉,1x,N_0668,2,國3-三鶯,N3,5.6374521066168075
24.92917,121.28078,53574 大陸工程-八德區,RT20240000014496,1.0,16.0,0,1,桃園市八德區建德路興豐路路口-電聯定位,5A-平鎮倉,2x,N_0669,2,國3-三鶯,N3,4.516346115312777
24.92923,121.14755,77385 威臺營造-梅高路,RT202500009812,1.0,16.0,1,0,桃園市楊梅區梅高路與幼獅路三段交叉口-附地標,5A-平鎮倉,1x,N_0670,2,國1-楊梅,N1,2.151784172123395
24.92942,121.26943,75797 宇崧工程-八德,RT202500005797,1.0,8.0,1,0,桃園市八德區長興路493巷150號旁,5A-平鎮倉,1x,N_0671,1,國3-三鶯,N3,5.734803264044194
24.92975,121.22384,75829 勇泉建設-龍潭,RT202500002409,1.0,8.0,1,0,桃園市平鎮區大勇街孝順巷36號,5A-平鎮倉,1x,N_0672,1,國1-平鎮系統,N1,1.9116768555645927
24.92989,121.28003,57347 大陸工程,RT20240000014523,1.0,16.0,0,1,桃園市八德區廣興路316巷2號附近(捷運工程工地)-電聯定位,5A-平鎮倉,2x,N_0673,2,國3-三鶯,N3,4.576395521914274
24.93036,121.21656,77005 農騰土木-平鎮區,RT20250000013010,1.0,8.0,1,0,桃園市平鎮區關爺西路38巷18弄17號,5A-平鎮倉,1x,N_0674,1,國1-平鎮系統,N1,1.294296174452137
24.93041,121.25811,77043 吉富-霄裡段741地號,RT202500007911,1.0,24.0,1,0,桃園市平鎮區龍江路66號對面,5A-平鎮倉,1x,N_0675,3,國1-平鎮系統,N1,5.445271508768918
24.93041,121.39584,77453 政鼎營造-介壽路二段,RT202500009984,1.0,16.0,1,0,新北市三峽區介壽路二段138巷169號,5A-平鎮倉,1x,N_0676,2,國3-樹林,N3,6.630588228634012
24.931,121.28725,76756 呈豐營造-八德,RT202500006832,1.0,8.0,1,0,桃園市八德區建興街58巷,5A-平鎮倉,1x,N_0677,1,國3-三鶯,N3,3.770019040070539
24.9315,121.15129,75684 晟雅營造-幼獅路,RT202500001741,1.0,8.0,1,0,桃園市楊梅區幼獅路三段370巷5號旁,5A-平鎮倉,1x,N_0678,1,國1-楊梅,N1,2.390791840813357
24.93154,121.09894,78340 虹橋營造工程有限公司,RT20250000013836,1.0,8.0,1,0,桃園市楊梅區民富路三段268號旁,5A-平鎮倉,1x,N_0679,1,國1-楊梅,N1,6.151338387636264
24.93155,121.23164,75471 峻崴營造-游泳路,RT2025000906,1.0,8.0,1,0,桃園市平鎮區游泳路120巷123號對面,5A-平鎮倉,1x,N_0680,1,國1-平鎮系統,N1,2.5786714339175956
24.93191,121.28704,73061 森峰營造-興豐段,RT20250000012826,1.0,8.0,1,0,桃園市八德區建興街89號,5A-平鎮倉,1x,N_0681,1,國3-三鶯,N3,3.7671537417115415
24.93194,121.28108,53574 大陸工程-八德區,RT20240000014497,1.0,16.0,0,1,桃園市八德區建德路興豐路路口-電聯定位,5A-平鎮倉,2x,N_0682,2,國3-三鶯,N3,4.411785730290034
24.93211,121.29219,72340 年順工程-八德,RT20250000013243,1.0,16.0,1,0,桃園市八德區豐成街22號,5A-平鎮倉,1x,N_0683,2,國3-三鶯,N3,3.208741415600797
24.93226,121.28546,78086 順業營造-福興段524地號,RT20250000012817,1.0,8.0,1,0,桃園市八德區建國路65號對面-福興段524地號,5A-平鎮倉,1x,N_0684,1,國3-三鶯,N3,3.929022456438004
24.93228,121.50447,73365 映玥室內-逸品琚D02戶,RT20250000013288,1.0,8.0,1,0,新北市新店區禾豐七路113巷36號(逸品琚社區D02戶),5A-平鎮倉,1x,N_0685,1,台64-板橋,TH64,9.939291873936993
24.93264,121.2809,77739 福鄉營造-八德區建德路,RT20250000011278,1.0,8.0,1,0,桃園市八德區建德路277號旁工地,5A-平鎮倉,1x,N_0686,1,國3-三鶯,N3,4.416321053953313
24.93288,121.15366,63934 世和金屬,RT20250000013711,1.0,8.0,1,0,桃園市楊梅區幼獅路３段202巷27號-電聯,5A-平鎮倉,1x,N_0687,1,國1-楊梅,N1,2.571968446540521
24.93298,121.29658,68678 廣德-興豐段1792地號,RT202500001385,1.0,8.0,1,0,桃園市八德區介壽路2段1022巷16號旁,5A-平鎮倉,1x,N_0688,1,國3-三鶯,N3,2.7138916619483564
24.93299,121.29661,68678 廣德-興豐段1792地號,RT202500001386,1.0,8.0,1,0,桃園市八德區介壽路2段1022巷16號旁,5A-平鎮倉,1x,N_0689,1,國3-三鶯,N3,2.7103831714714417
24.93318,121.1283,72608 宥騰-和平路,RT20250000010656,1.0,8.0,1,0,桃園市楊梅區和平路87巷3弄230號,5A-平鎮倉,1x,N_0690,1,國1-楊梅,N1,3.5244945411229165
24.93364,121.28547,68171 又廣-八德,RT202500004822,1.0,8.0,1,0,桃園市八德區廣興路132巷30弄15號,5A-平鎮倉,1x,N_0691,1,國3-三鶯,N3,3.897302314485137
24.93373,121.28475,68171 又廣-八德,RT202500004824,1.0,16.0,1,0,桃園市八德區廣興路132巷30弄15號,5A-平鎮倉,1x,N_0692,2,國3-三鶯,N3,3.9741649189977006
24.93378,121.20462,76577 世久營造-CJ18標,RT202500005813,1.0,8.0,1,0,"桃園市平鎮區新光路24°56'01.0""N 121°12'16.2""E-CJ18標",5A-平鎮倉,1x,N_0693,1,國1-平鎮系統,N1,0.9128547139599072
24.93402,121.26529,76272 信益建築-八德竹園段,RT202500004228,1.0,8.0,1,0,桃園市八德區新興路1472巷旁,5A-平鎮倉,1x,N_0694,1,國3-三鶯,N3,6.108979062372058
24.93412,121.28709,76066 匯發營造-八德區建國路,RT202500003327,1.0,24.0,1,0,桃園市八德區建國路165號旁,5A-平鎮倉,1x,N_0695,3,國3-三鶯,N3,3.710858828154145
24.93435,121.07968,70187 正緯建設股份有限公司,RT20250000011865,1.0,8.0,1,0,桃園市楊梅區新明街149號對面,5A-平鎮倉,1x,N_0696,1,國1-湖口,N1,6.873781898845683
24.9345,121.0926,71840 富堯-新富三街,RT202400008512,1.0,8.0,1,0,桃園市楊梅區新富三街85號,5A-平鎮倉,1x,N_0697,1,國1-楊梅,N1,6.927511689632979
24.93456,121.11966,70439 勁緯營造-悅四季,RT202500009395,1.0,8.0,1,0,桃園市楊梅區民有路一段87號,5A-平鎮倉,1x,N_0698,1,國1-楊梅,N1,4.332853684721858
24.93461,121.19302,75999 尚錡營造-彭素櫻停車場,RT20250000013717,1.0,8.0,1,0,桃園市平鎮區賦梅北路493號-停車場,5A-平鎮倉,1x,N_0699,1,國1-平鎮系統,N1,1.9774596260090616
24.93476,121.27528,66302 長宏貨運-八德,RT202500007921,1.0,8.0,1,0,桃園市八德區長興路忠孝巷32號,5A-平鎮倉,1x,N_0700,1,國3-三鶯,N3,4.997880236259967
24.93487,121.0899,75249 惟昌營造-楊梅,RT20240000014932,1.0,8.0,1,0,桃園市楊梅區民富路三段726號,5A-平鎮倉,1x,N_0701,1,國1-楊梅,N1,7.219717579996344
24.93491,121.26529,77483 海喬建設-八德區山下街,RT20250000010079,1.0,8.0,1,0,桃園市八德區山下街50巷內,5A-平鎮倉,1x,N_0702,1,國3-三鶯,N3,6.099035579187941
24.93512,121.28895,76908 寬和營造-呂學彰,RT202500007372,1.0,8.0,1,0,桃園市八德區仁德五路27號,5A-平鎮倉,1x,N_0703,1,國3-三鶯,N3,3.488857137358152
24.93514,121.12508,58034 東升纖維,RT20250000012436,1.0,8.0,1,0,桃園市楊梅區上田里9鄰25之12號,5A-平鎮倉,1x,N_0704,1,國1-楊梅,N1,3.9291899096385747
24.93516,121.21829,75998 睿騏營造-平鎮,RT202500003065,1.0,8.0,1,0,桃園市平鎮區興埔路275號,5A-平鎮倉,1x,N_0705,1,國1-平鎮系統,N1,1.0655404514614453
24.93527,121.09461,73454 嶄邑建設-員富段,RT20250000013560,1.0,8.0,1,0,桃園市楊梅區員本路53號旁,5A-平鎮倉,1x,N_0706,1,國1-楊梅,N1,6.757908450475124
24.9353,121.28408,70688 福鄉-福興段,RT202500002999,1.0,8.0,1,0,桃園市八德區廣興五街15號,5A-平鎮倉,1x,N_0707,1,國3-三鶯,N3,4.021106412965376
24.93551,121.20809,73657 世久營造-CJ18標,RT202400008169,1.0,8.0,1,0,桃園市平鎮區新光路二段9巷72弄-附座標CJ18,5A-平鎮倉,1x,N_0708,1,國1-平鎮系統,N1,0.5416094831147573
24.93558,121.17992,73591 阡佑堅建設-幼平街,RT20250000013224,1.0,24.0,1,0,桃園市楊梅區幼平街383巷185弄,5A-平鎮倉,1x,N_0709,3,國1-平鎮系統,N1,3.3747337137615108
24.93608,121.28106,61452 大陸工程,RT20240000014508,1.0,16.0,0,1,桃園市八德區建德路&中正一路交叉街口,5A-平鎮倉,2x,N_0710,2,國3-三鶯,N3,4.3441860560980645
24.93609,121.28102,76240 皇林工程-溪濱公園,RT202500004146,1.0,16.0,0,1,桃園市八德區仁德路95巷89弄42號附近-溪濱公園,5A-平鎮倉,2x,N_0711,2,國3-三鶯,N3,4.3484928249331904
24.93609,121.36991,75147 靖敲敲室內裝修-三峽,RT20250000013570,1.0,8.0,1,0,新北市三峽區文化路129號,5A-平鎮倉,1x,N_0712,1,國3-三鶯,N3,5.556984387256628
24.93647,121.24715,76145 東騏營造-悠境,RT202500003814,1.0,8.0,1,0,桃園市中壢區後寮一路321巷50號旁,5A-平鎮倉,1x,N_0713,1,國1-平鎮系統,N1,4.142224048915063
24.9365,121.24735,74157 宇惠建設-中壢,RT202500009558,1.0,8.0,1,0,桃園市中壢區龍昌路226巷70號旁,5A-平鎮倉,1x,N_0714,1,國1-平鎮系統,N1,4.16401302501607
24.93664,121.39443,73537 鈞安營造-還運,RT202500009014,1.0,8.0,1,0,新北市三峽區佳福路18號旁工地,5A-平鎮倉,1x,N_0715,1,國3-樹林,N3,5.9551417241320115
24.9372,121.28936,60765 大陸工程-G02,RT20240000014510,1.0,16.0,0,1,桃園市八德區豐田路(附座標+照片定位),5A-平鎮倉,2x,N_0716,2,國3-三鶯,N3,3.415211519304966
24.93729,121.22426,71813 智原有限公司,RT20250000013058,1.0,8.0,1,0,桃園市平鎮區金陵路二段268號,5A-平鎮倉,1x,N_0717,1,國1-平鎮系統,N1,1.6111897578195382
24.93734,121.28833,56955 大陸工程,RT20240000014522,1.0,16.0,0,1,桃園市八德區建國路270號(捷運工程工地)-電聯定位,5A-平鎮倉,2x,N_0718,2,國3-三鶯,N3,3.5277478232568282
24.93775,121.08179,78357 利基企業-富岡集義祠,RT20250000013941,1.0,16.0,1,0,桃園市楊梅區新明街59號-富岡集義祠,5A-平鎮倉,1x,N_0719,2,國1-湖口,N1,7.317305390552167
24.93799,121.08894,65987 弘峻-新富七街,RT202400007426,1.0,16.0,1,0,桃園市楊梅區新富七街(運動公園對面),5A-平鎮倉,1x,N_0720,2,國1-楊梅,N1,7.455832652877695
24.93849,121.21029,71327 世久營造-CJ18標,RT20230000013906,1.0,8.0,1,0,桃園市平鎮區新光路3段150-3號-CJ18,5A-平鎮倉,1x,N_0721,1,國1-平鎮系統,N1,0.170673103329249
24.93861,121.21008,76576 世久營造-CJ18標,RT202500005811,1.0,8.0,1,0,桃園市平鎮區新富橋619號-附路線圖-CJ18標,5A-平鎮倉,1x,N_0722,1,國1-平鎮系統,N1,0.1545453283022329
24.93867,121.19462,76060 巨穎建設-賦梅北路,RT202500003546,1.0,8.0,1,0,桃園市平鎮區賦梅北路255之1號,5A-平鎮倉,1x,N_0723,1,國1-平鎮系統,N1,1.7135513325539893
24.93884,121.24962,52290 旭富資訊-許揚,RT202500007451,1.0,8.0,1,0,桃園市中壢區至善里龍昌路128號,5A-平鎮倉,1x,N_0724,1,國1-平鎮系統,N1,4.399704523033268
24.93907,121.07174,73660 大勇工程-楊梅,RT20250000010878,1.0,8.0,1,0,桃園市楊梅區富聯路352號對面,5A-平鎮倉,1x,N_0725,1,國1-湖口,N1,6.98673582529834
24.93918,121.13295,73821 謙昌建設-和平段,RT202400008790,1.0,16.0,1,0,桃園市楊梅區高平路475巷59號,5A-平鎮倉,1x,N_0726,2,國1-楊梅,N1,3.7513646774080893
24.9392,121.23418,72998 日富-龍興小學,RT20250000011880,1.0,32.0,1,0,桃園市中壢區龍勇路141號旁工地,5A-平鎮倉,1x,N_0727,4,國1-平鎮系統,N1,2.685448580852136
24.93933,121.23553,76808 坤宥營造-龍岡路,RT202500006995,1.0,8.0,1,0,桃園市中壢區龍岡路三段37巷92弄102號,5A-平鎮倉,1x,N_0728,1,國1-平鎮系統,N1,2.834805701596164
24.93966,121.07184,76118 鈜基營造-侑昇,RT202500003688,1.0,8.0,1,0,桃園市楊梅區富聯路275號隔壁,5A-平鎮倉,1x,N_0729,1,國1-湖口,N1,7.052039923681656
24.93979,121.21127,69924 世久營造-CJ18標,RT2024000655,1.0,8.0,1,0,桃園市平鎮區大昌路57巷1號附近工地,5A-平鎮倉,1x,N_0730,1,國1-平鎮系統,N1,0.14288420836529525
24.94023,121.21721,77699 佳晟-環南路,RT20250000011136,1.0,8.0,1,0,桃園市平鎮區環南路三段35號,5A-平鎮倉,1x,N_0731,1,國1-平鎮系統,N1,0.800717101728256
24.94036,121.21199,71326 世久營造-CJ18標,RT20230000013905,1.0,8.0,1,0,桃園市平鎮區新富街198號對面-CJ18,5A-平鎮倉,1x,N_0732,1,國1-平鎮系統,N1,0.22447537437386378
24.94044,121.21208,69924 世久營造-CJ18標,RT20230000010604,1.0,8.0,1,0,桃園市平鎮區(中壢區)環南路二段191巷6弄-CJ18,5A-平鎮倉,1x,N_0733,1,國1-平鎮系統,N1,0.2359892370433612
24.9408,121.25913,76893 金世營造-埤塘公園,"RT20250000010395,RT20250000013176",1.0,32.0,0,1,桃園市中壢區榮民南路800號-士校生態埤塘公園-自行定位-附圖,5A-平鎮倉,2x,N_0734,4,國1-中壢,N1,5.421071020093482
24.941,121.15344,48590 泰立交通有限公司,RT20250000012309,1.0,8.0,1,0,桃園市楊梅區高上路１段389巷進入,5A-平鎮倉,1x,N_0735,1,國1-楊梅,N1,3.4621211396481915
24.94151,121.34158,66276 協泰營造-鶯歌,RT20240000014918,1.0,24.0,1,0,新北市鶯歌區國中街103號對面工地,5A-平鎮倉,1x,N_0736,3,國3-三鶯,N3,2.4012368597246025
24.94167,121.38753,75725 亞億營造-三峽倉庫,RT202500001922,1.0,8.0,1,0,新北市三峽區三樹路98巷156弄76號,5A-平鎮倉,1x,N_0737,1,國3-樹林,N3,5.540323241996111
24.94198,121.21382,69924 世久營造-CJ18標,RT20230000015611,1.0,8.0,1,0,桃園市平鎮區新富四街&新富一街交叉口,5A-平鎮倉,1x,N_0738,1,國1-平鎮系統,N1,0.47759418840728746
24.94206,121.20552,74957 基利興營造-平鎮浸信會,RT20240000013722,1.0,8.0,1,0,桃園市平鎮區廣泰路303號,5A-平鎮倉,1x,N_0739,1,國1-平鎮系統,N1,0.5473324346304925
24.94214,121.37275,76687 家豪建設-大學段,RT202500006370,1.0,8.0,1,0,新北市三峽區國際一街66號旁工地,5A-平鎮倉,1x,N_0740,1,國3-三鶯,N3,5.860066366015319
24.94229,121.12888,73968 祥瀛營造-楊梅,RT202400009493,1.0,8.0,1,0,桃園市楊梅區和平路236巷30弄29號,5A-平鎮倉,1x,N_0741,1,國1-楊梅,N1,4.282785801146867
24.9423,121.27491,74730 鼎賦建設-八德,RT20240000012920,1.0,8.0,1,0,桃園市八德區新興路1038巷30號旁,5A-平鎮倉,1x,N_0742,1,國3-三鶯,N3,5.011497080722103
24.94257,121.27516,74730 鼎賦建設-八德,RT202500006318,1.0,16.0,1,0,桃園市八德區新興路1038巷30號旁,5A-平鎮倉,1x,N_0743,2,國3-三鶯,N3,4.985408407592379
24.94262,121.13816,74039 首善營造-楊梅,RT20250000013332,1.0,8.0,1,0,桃園市楊梅區高平路438巷160號,5A-平鎮倉,1x,N_0744,1,國1-楊梅,N1,3.8519558992806555
24.94271,121.20374,71181 川佑盛建設有限公司,"RT20250000010350,RT20250000012192",1.0,16.0,1,0,桃園市平鎮區廣泰路266號旁工地,5A-平鎮倉,1x,N_0745,2,國1-平鎮系統,N1,0.7571770438276914
24.94272,121.13722,74039 首善營造-楊梅,"RT20250000012782,RT20250000012785",5.0,28.0,1,0,桃園市楊梅區高平路438巷160號-2棟5F,5A-平鎮倉,1x,N_0746,2,國1-楊梅,N1,3.899129659655215
24.94301,121.37422,76611 大將營造-文澄苑,RT202500005955,1.0,8.0,1,0,新北市三峽區國際一街15號旁,5A-平鎮倉,1x,N_0747,1,國3-樹林,N3,5.949298159321352
24.94328,121.23269,77663 大竣工程-品聚,RT20250000010961,1.0,8.0,1,0,桃園市中壢區龍岡路二段321巷102弄20衖65號,5A-平鎮倉,1x,N_0748,1,國1-平鎮系統,N1,2.544769112219496
24.94339,121.17395,77727 寬和營造-快速路五段,RT20250000011266,1.0,8.0,1,0,桃園市楊梅區快速路五段266之1號旁工地,5A-平鎮倉,1x,N_0749,1,國1-平鎮系統,N1,4.019203474146343
24.9438,121.27958,73402 睿澤事業-八德,RT20240000011022,1.0,8.0,1,0,桃園市八德區新興路881巷20號,5A-平鎮倉,1x,N_0750,1,國3-三鶯,N3,4.506403695231631
24.9438,121.27972,73402 睿澤事業-八德,RT202400007152,1.0,8.0,1,0,桃園市八德區新興路881巷20號,5A-平鎮倉,1x,N_0751,1,國3-三鶯,N3,4.490932153394829
24.94424,121.12605,78356 官宏檳營造-楊梅區,RT20250000013939,1.0,8.0,1,0,桃園市楊梅區和平路398巷21弄25號,5A-平鎮倉,1x,N_0752,1,國1-楊梅,N1,4.6381268645973845
24.94434,121.35989,73528 中鼎營造-德欣冷凍,RT202500006756,1.0,8.0,1,0,新北市鶯歌區三鶯路130號-德欣冷凍,5A-平鎮倉,1x,N_0753,1,國3-三鶯,N3,4.453919365199562
24.94435,121.15147,70732 瑞成物流,RT20250000013576,1.0,16.0,1,0,桃園市楊梅區高上路１段587號對面,5A-平鎮倉,1x,N_0754,2,國1-楊梅,N1,3.816339813407582
24.9444,121.08884,73503 羅傑土木-楊梅(晁?),RT202500007379,1.0,8.0,1,0,桃園市楊梅區民生街375巷23號,5A-平鎮倉,1x,N_0755,1,國1-楊梅,N1,7.788930664577956
24.94461,121.36182,74963 政鼎營造-萬鋒,RT20250000013287,1.0,8.0,1,0,新北市三峽區隆恩街178巷(從三鶯路128號對面進),5A-平鎮倉,1x,N_0756,1,國3-三鶯,N3,4.670138842101088
24.94466,121.10778,75170 金禾營造-民有路,RT20250000013703,1.0,8.0,1,0,桃園市楊梅區民有路一段683巷(清潔隊對面),5A-平鎮倉,1x,N_0757,1,國1-楊梅,N1,6.063327627961345
24.94467,121.23087,78224 晉煌營造-後興路二段,RT20250000013310,1.0,8.0,1,0,桃園市中壢區後興路二段525號,5A-平鎮倉,1x,N_0758,1,國1-平鎮系統,N1,2.3738584670954586
24.94475,121.08876,74364 晁?建設-楊梅,RT202500007269,1.0,8.0,1,0,桃園市楊梅區民生街375巷23號,5A-平鎮倉,1x,N_0759,1,國1-楊梅,N1,7.815771691401782
24.94479,121.10789,75170 金禾營造-民有路,RT20250000010752,1.0,8.0,1,0,桃園市楊梅區民有路一段683巷(清潔隊對面),5A-平鎮倉,1x,N_0760,1,國1-楊梅,N1,6.063075851431289
24.94482,121.04227,77450 豐琦營造-新屋區,RT202500009974,1.0,8.0,1,0,桃園市新屋區新湖路12號-附地標-電聯定位(望間里8鄰),5A-平鎮倉,1x,N_0761,1,國1-湖口,N1,7.246000847453764
24.94496,121.32595,74815 達龍營造-隆玥國際,RT20250000012265,1.0,8.0,1,0,桃園市八德區興豐路2350巷501號,5A-平鎮倉,1x,N_0762,1,國3-三鶯,N3,0.8598316789357687
24.94521,121.19857,77811 日全股份有限公司,RT20250000011507,1.0,24.0,1,0,桃園市平鎮區復旦路三段45號旁,5A-平鎮倉,1x,N_0763,3,國1-平鎮系統,N1,1.3943164163836572
24.94536,121.0471,76260 相宇工程-新屋15間段,RT202500004204,1.0,8.0,1,0,桃園市新屋區新湖路105巷20號-隔壁,5A-平鎮倉,1x,N_0764,1,國1-湖口,N1,7.262097783120436
24.94549,121.20041,69924 世久營造-CJ18標,RT202400001856,1.0,8.0,1,0,桃園市平鎮區新富一街11號對面-CJ18,5A-平鎮倉,1x,N_0765,1,國1-平鎮系統,N1,1.2265786286239784
24.94617,121.09461,76973 基揚建設-民有路,RT202500007607,1.0,8.0,1,0,桃園市楊梅區民有路二段445巷60號對面,5A-平鎮倉,1x,N_0766,1,國1-楊梅,N1,7.343068230719524
24.94659,121.37384,77414 大將營造-三峽區,RT202500009813,1.0,8.0,1,0,新北市三峽區大觀路90號旁工地,5A-平鎮倉,1x,N_0767,1,國3-樹林,N3,5.62582089634043
24.94673,121.23112,75662 泰貿豐-林口,RT202500001681,1.0,8.0,1,0,桃園市中壢區吉長街53號旁,5A-平鎮倉,1x,N_0768,1,國1-平鎮系統,N1,2.460465420058779
24.94728,121.21811,73632 世久營造-CJ18標,RT202400008056,1.0,8.0,1,0,桃園市平鎮區新富里近平鎮棒球場-附座標CJ18,5A-平鎮倉,1x,N_0769,1,國1-平鎮系統,N1,1.2096988594274383
24.94813,121.2984,73460 閤勝營造-八德,RT20250000012844,1.0,8.0,1,0,桃園市八德區介壽路二段361巷19弄18號,5A-平鎮倉,1x,N_0770,1,國3-三鶯,N3,2.5618090609753583
24.94854,121.20853,77851 張昱翔,RT20250000013853,1.0,8.0,1,0,桃園市平鎮區新興路179巷29弄17號,5A-平鎮倉,1x,N_0771,1,國1-平鎮系統,N1,0.9618808099239285
24.94859,121.38244,76330 明秀營造-排水工程,RT202500004574,1.0,8.0,1,0,新北市樹林區(三峽區)學勤路宇大成路路口,5A-平鎮倉,1x,N_0772,1,國3-樹林,N3,4.9927075706174096
24.94869,121.21952,69924 世久營造-CJ18標 | 76609 世久營造-CJ18標,"RT2024000653,RT202500005946",1.0,16.0,1,0,桃園市平鎮區中豐路79巷16號附近,5A-平鎮倉,1x,N_0773,2,國1-平鎮系統,N1,1.4307658880829082
24.94877,121.0794,77004 大為營造-楊梅區,RT202500007926,1.0,16.0,1,0,桃園市楊梅區民有一路267號對面工地,5A-平鎮倉,1x,N_0774,2,國1-湖口,N1,8.301785579073222
24.94909,121.23113,75324 東陞鼎營造-桂林街,RT2025000145,1.0,8.0,1,0,桃園市中壢區桂林街5號旁-健行大學旁,5A-平鎮倉,1x,N_0775,1,國1-平鎮系統,N1,2.5532533569937415
24.94909,121.29087,75762 元臺-八德,RT202500005837,1.0,16.0,1,0,桃園市八德區建國路700號,5A-平鎮倉,1x,N_0776,2,國3-三鶯,N3,3.3872009661365703
24.94927,121.26155,76444 建睿工程-華祥三街,RT20250000012076,1.0,8.0,1,0,桃園市中壢區華祥三街19號旁工地,5A-平鎮倉,1x,N_0777,1,國1-中壢,N1,4.888709427179954
24.9494,121.16779,75087 大瀚營造-楊梅,RT20240000014247,1.0,8.0,1,0,桃園市楊梅區電研路10巷約400公尺處橋邊,5A-平鎮倉,1x,N_0778,1,國1-楊梅,N1,4.798544378881634
24.94949,121.29011,75762 元臺-八德,RT202500002102,1.0,8.0,1,0,桃園市八德區建國路700號,5A-平鎮倉,1x,N_0779,1,國3-三鶯,N3,3.4809999965808607
24.94958,121.24148,76786 建智營造-69KV松樹~普仁線電纜管理工程(第二期),RT202500006906,1.0,8.0,1,0,桃園市中壢區中山東路2段328號附近,5A-平鎮倉,1x,N_0780,1,國1-中壢,N1,3.609065272726062
24.94982,121.34331,73168 捷信營造-鶯歌,RT202500005355,1.0,8.0,1,0,新北市鶯歌區永昌街18號旁,5A-平鎮倉,1x,N_0781,1,國3-三鶯,N3,2.807638528818261
24.94997,121.29536,73665 慶源營造-極霖鐳射,RT202400008186,1.0,8.0,1,0,桃園市八德區介壽路二段252巷71弄,5A-平鎮倉,1x,N_0782,1,國3-三鶯,N3,2.9504512011714854
24.94998,121.23716,76713 富鏵建設-國泰街,RT202500006571,1.0,8.0,1,0,桃園市中壢區國泰街141號對面工地,5A-平鎮倉,1x,N_0783,1,國1-平鎮系統,N1,3.211845946804709
24.95017,121.21402,74295 松幸建設-平鎮,RT20240000010806,1.0,8.0,1,0,桃園市平鎮區延平路二段21巷旁,5A-平鎮倉,1x,N_0784,1,國1-平鎮系統,N1,1.213861509934631
24.95029,121.49952,70759 新月建設-小城段,RT20250000010670,1.0,8.0,1,0,新北市新店區僑信路41巷,5A-平鎮倉,1x,N_0785,1,台64-板橋,TH64,7.9480298033231955
24.95033,121.26373,77490 廣安營造-華祥三街,RT20250000010090,1.0,8.0,1,0,桃園市中壢區華祥三街50巷1弄55號,5A-平鎮倉,1x,N_0786,1,國1-中壢,N1,4.986386126022774
24.95066,121.24353,77398 建智營造-中山東路,RT202500009721,1.0,8.0,1,0,桃園市中壢區中山東路二段323巷59號,5A-平鎮倉,1x,N_0787,1,國1-中壢,N1,3.5863419770710494
24.95106,121.31718,76999 丞洋營造-八德區,RT202500007724,1.0,8.0,1,0,桃園市八德區長安街306號旁工地,5A-平鎮倉,1x,N_0788,1,國3-三鶯,N3,1.2669374870131358
24.95177,121.25311,77631 廣安營造-普忠路,RT20250000010845,1.0,8.0,1,0,桃園市中壢區普忠路737號,5A-平鎮倉,1x,N_0789,1,國1-中壢,N1,4.04960647532596
24.95192,121.21353,77789 雋益開發-廣東段,RT20250000011440,1.0,8.0,1,0,桃園市平鎮區育達路10號,5A-平鎮倉,1x,N_0790,1,國1-平鎮系統,N1,1.3799193031844381
24.95203,121.21231,77756 興億營造-忠孝路,RT20250000011335,1.0,8.0,1,0,桃園市平鎮區忠孝路195巷3號旁,5A-平鎮倉,1x,N_0791,1,國1-平鎮系統,N1,1.3597250814044288
24.95214,121.22642,62690 大陸工程-C006 標,RT20240000014515,1.0,16.0,0,1,桃園市中壢區健行路&中北路交叉口南側-被扣錢,5A-平鎮倉,2x,N_0792,2,國1-平鎮系統,N1,2.266673270677529
24.95253,121.22343,71325 世久營造-CJ18標,RT20230000013904,1.0,8.0,1,0,桃園市中壢區永樂路35巷18號對面-CJ18,5A-平鎮倉,1x,N_0793,1,國1-平鎮系統,N1,2.038794747344445
24.95269,121.22539,37999 大陸工程-CM01標,RT20240000014495,1.0,16.0,0,1,桃園市中壢區新興路123號-後火車站鐵路警察辦公室,5A-平鎮倉,2x,N_0794,2,國1-平鎮系統,N1,2.2141319997244517
24.95274,121.34732,76563 鼎璿營造-停車場,RT202500005774,1.0,8.0,1,0,新北市鶯歌區育英街67號對面-鶯歌國小停車場育英街入口),5A-平鎮倉,1x,N_0795,1,國3-三鶯,N3,3.3460378793434566
24.95284,121.22579,69535 大陸工程-CM01標,RT20240000014505,1.0,16.0,0,1,桃園市中壢區健行路底(後車站前)CM01標-1131231,5A-平鎮倉,2x,N_0796,2,國1-平鎮系統,N1,2.2590332652935556
24.95297,121.38015,74853 慶源營造-敏昌機械,RT20240000013228,1.0,8.0,1,0,新北市樹林區(鶯歌區)柑園街二段177號,5A-平鎮倉,1x,N_0797,1,國3-樹林,N3,4.663642774848932
24.95326,121.31041,77252 朝陽營造-好食在,RT202500009041,1.0,8.0,1,0,桃園市八德區榮興路130號,5A-平鎮倉,1x,N_0798,1,國3-三鶯,N3,1.8164555650213343
24.95344,121.20925,77475 光合建設-銜接#75183 合誠營造,RT20250000010060,1.0,8.0,1,0,桃園市平鎮區廣達街32號旁,5A-平鎮倉,1x,N_0799,1,國1-平鎮系統,N1,1.4941610181301344
24.95359,121.09567,75845 聯太建設-楊梅,RT202500002490,1.0,8.0,1,0,桃園市楊梅區民有路二段206巷257號,5A-平鎮倉,1x,N_0800,1,國1-楊梅,N1,7.731719322182351
24.9536,121.147,73323 祥瑞營造-歐樂麗,RT202400006880,1.0,8.0,1,0,桃園市新屋區梅高路三段97號(老K),5A-平鎮倉,1x,N_0801,1,國1-楊梅,N1,4.851042894059125
24.95361,121.243,77439 天瀚營造-環中東路,RT202500009893,1.0,16.0,1,0,桃園市中壢區環中東路&實踐路交叉口,5A-平鎮倉,1x,N_0802,2,國1-中壢,N1,3.2654232350641217
24.95382,121.24555,65460 順鼎-中壢慈濟,RT202500008709,1.0,8.0,1,0,桃園市中壢區環中東路701號旁工地-電聯定位,5A-平鎮倉,1x,N_0803,1,國1-中壢,N1,3.3799361477543304
24.95384,121.21612,76875 泓賀營造-中壢區,RT202500007217,1.0,8.0,1,0,桃園市中壢區義民路70號,5A-平鎮倉,1x,N_0804,1,國1-平鎮系統,N1,1.6797348004970643
24.95385,121.22069,60180 遠碩-中壢國小,RT20250000010812,1.0,16.0,1,0,桃園市中壢區延平路622號,5A-平鎮倉,1x,N_0805,2,國1-平鎮系統,N1,1.9420197863570234
24.95393,121.2563,76437 鴻秉建設-榮南段,RT20250000011992,1.0,8.0,1,0,桃園市中壢區功學路109號對面,5A-平鎮倉,1x,N_0806,1,國1-中壢,N1,4.110500857911997
24.95416,121.50928,75782 逸圻企業-新店,RT202500002224,1.0,8.0,1,0,新北市新店區安忠路99號-附近停車場,5A-平鎮倉,1x,N_0807,1,台64-板橋,TH64,8.2667983103504
24.95437,121.05841,74719 宸?開發-新屋,RT20250000012064,1.0,8.0,1,0,桃園市新屋區福隆路一段-附座標,5A-平鎮倉,1x,N_0808,1,國1-湖口,N1,8.307684492384318
24.95457,121.10534,76920 德尊建設-埔頂二路,RT202500007410,1.0,8.0,1,0,桃園市新屋區埔頂二路298巷33弄(活力農場),5A-平鎮倉,1x,N_0809,1,國1-楊梅,N1,7.003563889942639
24.95467,121.214,53576 日月亭-中壢,RT2025000283,1.0,8.0,1,0,桃園市中壢區廣明路128號旁停車場-廣明停車場,5A-平鎮倉,1x,N_0810,1,國1-平鎮系統,N1,1.6878165945682804
24.9547,121.30649,73809 威臺營造-八德泰昌國聖,RT202500008047,1.0,8.0,1,0,桃園市八德區指玄街288巷30號旁工地,5A-平鎮倉,1x,N_0811,1,國3-三鶯,N3,2.2161396711620034
24.9547,121.3065,73809 威臺營造-八德泰昌國聖,RT202500008027,1.0,8.0,1,0,桃園市八德區指玄街288巷30號旁工地,5A-平鎮倉,1x,N_0812,1,國3-三鶯,N3,2.21538871081284
24.9548,121.54094,65256 郡安營造股份有限公司,RT202500004422,1.0,16.0,1,0,新北市新店區能仁街115巷旁工地,5A-平鎮倉,1x,N_0813,2,國3-深坑,N3,10.108635134161197
24.95488,121.20768,77580 工展營造-復旦國小,RT20250000010539,1.0,8.0,1,0,桃園市平鎮區廣平街1號-復旦國小,5A-平鎮倉,1x,N_0814,1,國1-平鎮系統,N1,1.6716349400509436
24.955,121.30306,76778 睿騏營造-八德重慶街,RT202500006893,1.0,8.0,1,0,"桃園市八德區重慶街150巷34號, 附圖",5A-平鎮倉,1x,N_0815,1,國3-三鶯,N3,2.5115540041168076
24.95516,121.5545,58451 安生營造,RT202400003350,1.0,16.0,1,0,新北市新店區秀水路31號旁工地,5A-平鎮倉,1x,N_0816,2,國3-深坑,N3,8.810964094104623
24.95519,121.22516,63773 世久-中壢郵局,"RT20250000012482,RT20250000012483,RT202500005278","1.0,4.0,6.0",42.0,1,0,桃園市中壢區建國路36號(中壢郵局)-電聯定位,5A-平鎮倉,1x,N_0817,3,國1-平鎮系統,N1,2.3821378435563796
24.95525,121.16069,76899 禾新營造-裕榮路,RT202500007346,1.0,8.0,1,0,桃園市楊梅區裕榮路325巷,5A-平鎮倉,1x,N_0818,1,國1-楊梅,N1,5.161008950834945
24.95528,121.21167,70148 桃園市平鎮區廣興里辦公處,RT202500002008,1.0,8.0,1,0,桃園市平鎮區廣東路13號,5A-平鎮倉,1x,N_0819,1,國1-平鎮系統,N1,1.7061797687521305
24.95528,121.55475,58451 安生營造,RT202400003345,1.0,8.0,1,0,新北市新店區秀水路31號旁工地,5A-平鎮倉,1x,N_0820,1,國3-深坑,N3,8.780542655719604
24.95539,121.06005,75279 帝發工程-新屋,RT20240000015137,1.0,8.0,1,0,桃園市新屋區福隆路一段-附座標,5A-平鎮倉,1x,N_0821,1,國1-湖口,N1,8.442317769819253
24.95541,121.43597,75728 基億營造-土城,RT202500001953,1.0,8.0,1,0,新北市土城區永和街85號附近40公尺圍籬,5A-平鎮倉,1x,N_0822,1,國3-樹林,N3,5.539232545126715
24.95552,121.30719,75019 嘉源營造-八德,RT20250000013296,1.0,8.0,1,0,桃園市八德區和平路276巷39弄,5A-平鎮倉,1x,N_0823,1,國3-三鶯,N3,2.233739520735476
24.95568,121.25841,76769 連江有限公司,RT202500006870,1.0,8.0,1,0,桃園市中壢區榮民南路70號對面,5A-平鎮倉,1x,N_0824,1,國1-中壢,N1,4.151148461630269
24.95579,121.20501,69806 建睿-平鎮,RT20250000012077,1.0,8.0,1,0,桃園市平鎮區廣德街45號,5A-平鎮倉,1x,N_0825,1,國1-平鎮系統,N1,1.8381284961064865
24.95589,121.30528,75776 永倡營造-保全倉儲,RT202500002195,1.0,8.0,1,0,桃園市八德區重慶街&重慶街198巷交叉,5A-平鎮倉,1x,N_0826,1,國3-三鶯,N3,2.404298178366911
24.95598,121.32541,75362 利好企業社-名超公司,RT2025000321,1.0,8.0,1,0,桃園市八德區後庄街51號-名超公司,5A-平鎮倉,1x,N_0827,1,國3-三鶯,N3,1.8726739568064676
24.95599,121.31951,62569 海喬建設-八德,RT202500008056,1.0,16.0,1,0,桃園市八德區和平路772巷底工地-電聯定位,5A-平鎮倉,1x,N_0828,2,國3-三鶯,N3,1.7757231721750562
24.95613,121.23319,77630 名賞工程-中山東路,RT20250000010844,1.0,8.0,1,0,桃園市中壢區中山東路一段276巷51號旁工地,5A-平鎮倉,1x,N_0829,1,國1-中壢,N1,2.6731256822301517
24.95622,121.20775,78390 將泰營造-平鎮,RT20250000014049,1.0,8.0,1,0,桃園市平鎮區環南路35巷23-31號,5A-平鎮倉,1x,N_0830,1,國1-平鎮系統,N1,1.8176598248567362
24.95627,121.21035,76352 陳柏升-國鼎鵝肉,RT202500004793,1.0,8.0,1,0,桃園市中壢區民族路196號-國鼎鵝肉(宋俊宏婦產科對面),5A-平鎮倉,1x,N_0831,1,國1-平鎮系統,N1,1.8063878219805316
24.95631,121.04684,76371 嘉垣建設-大坡段,RT202500004881,1.0,8.0,1,0,桃園市新屋區新湖路485巷16弄208號旁(河川、池塘),5A-平鎮倉,1x,N_0832,1,國1-湖口,N1,8.477669381716797
24.95649,121.13618,78172 和創建設有限公司,RT20250000013120,1.0,8.0,1,0,桃園市新屋區青田路199巷323號-對面工地,5A-平鎮倉,1x,N_0833,1,國1-楊梅,N1,5.383571520143639
24.95655,121.21787,73047 閤勝營造-義民路,RT20250000013177,1.0,8.0,1,0,桃園市中壢區義民路一段23號,5A-平鎮倉,1x,N_0834,1,國1-平鎮系統,N1,2.0341772900614252
24.95666,121.23452,70727 森業營造股份有限公司,RT202500002384,1.0,16.0,0,1,桃園市中壢區中山東路一段232號232之2號,5A-平鎮倉,2x,N_0835,2,國1-中壢,N1,2.638874136066464
24.95687,121.21409,72039 定峰工程-中正路,RT202400001055,1.0,8.0,1,0,桃園市中壢區中正路455號對面,5A-平鎮倉,1x,N_0836,1,國1-平鎮系統,N1,1.9268174083185399
24.9569,121.31356,75527 家那大建設-家那大18期,RT202500001231,1.0,8.0,1,0,桃園市八德區和平路566巷口,5A-平鎮倉,1x,N_0837,1,國3-三鶯,N3,2.0074852516518074
24.95693,121.14245,73303 新築家-青田段,RT202500004253,1.0,16.0,1,0,桃園市新屋區青田路319號,5A-平鎮倉,1x,N_0838,2,國1-楊梅,N1,5.276211234911027
24.95694,121.14245,78276 新築家建設-青田路銷售中心,RT20250000013502,1.0,8.0,1,0,桃園市新屋區青田路313號旁工地銷售中心,5A-平鎮倉,1x,N_0839,1,國1-楊梅,N1,5.277307146462189
24.957,121.29699,77968 呈豐營造-大成段,RT20250000012247,1.0,8.0,1,0,桃園市八德區建國路1165號旁工地,5A-平鎮倉,1x,N_0840,1,國3-三鶯,N3,3.1755703254847596
24.95706,121.14437,76836 金宏軒-同#73133,RT20250000012444,1.0,8.0,1,0,桃園市新屋區青田路376巷39之20號-面對東鉑企業的左邊,5A-平鎮倉,1x,N_0841,1,國1-楊梅,N1,5.260908790361181
24.95708,121.35642,75502 鑫俋建設-鶯歌,RT202500001149,1.0,8.0,1,0,新北市鶯歌區中正一路305號,5A-平鎮倉,1x,N_0842,1,國3-三鶯,N3,4.465102175628916
24.95711,121.44622,76857 鴻燊營造-南天母路,RT202500007145,1.0,8.0,1,0,新北市土城區南天母路67號對面工地,5A-平鎮倉,1x,N_0843,1,台64-板橋,TH64,6.066777579613485
24.95762,121.30024,75651 椿城工程-鉦麒八德案,RT202500001645,1.0,8.0,1,0,桃園市八德區和平路31號,5A-平鎮倉,1x,N_0844,1,國3-三鶯,N3,2.9387174008390797
24.95778,121.19216,76777 ?盈建設-千江墨,RT202500006892,1.0,8.0,1,0,桃園市平鎮區(中壢區)民族路三段275號旁,5A-平鎮倉,1x,N_0845,1,國1-平鎮系統,N1,2.7957768998966985
24.95804,121.27962,73583 晴邑建設八德廣興段,RT202400007905,1.0,8.0,1,0,桃園市八德區永豐南路28號旁工地,5A-平鎮倉,1x,N_0846,1,國3-三鶯,N3,4.90914488541524
24.95834,121.19267,76777 ?盈建設-千江墨,RT202500008109,1.0,8.0,1,0,桃園市平鎮區(中壢區)民族路三段275號旁-補送,5A-平鎮倉,1x,N_0847,1,國1-平鎮系統,N1,2.800819473742237
24.95837,121.41306,70911 仁基建設,"RT20250000010513,RT20250000011007","1.0,7.0",35.0,1,0,新北市土城區中州路30巷1號-7F,5A-平鎮倉,1x,N_0848,2,國3-樹林,N3,3.7984396244377145
24.95839,121.27967,73583 晴邑建設-八德廣興段,RT202500003151,6.0,26.0,1,0,桃園市八德區永豐南路28號旁工地,5A-平鎮倉,1x,N_0849,1,國3-三鶯,N3,4.920069208964178
24.95862,121.27986,73583 晴邑建設八德廣興段,RT20240000010416,1.0,8.0,1,0,桃園市八德區永豐南路28號旁工地,5A-平鎮倉,1x,N_0850,1,國3-三鶯,N3,4.911576285062998
24.95871,121.17352,75456 梁祐嘉,RT2025000801,1.0,24.0,1,0,桃園市中壢區民族路五段168號,5A-平鎮倉,1x,N_0851,1,國1-平鎮系統,N1,4.550803038420478
24.95874,121.22199,74965 威騰營造-新生路,RT20240000013742,1.0,8.0,1,0,桃園市中壢區新生路53號,5A-平鎮倉,1x,N_0852,1,國1-平鎮系統,N1,2.46946362834164
24.95886,121.07443,76046 欣亞營造-方元雙星,RT202500005647,1.0,8.0,1,0,桃園市新屋區社福路501巷,5A-平鎮倉,1x,N_0853,1,台61-觀音,TH61,9.027736181595827
24.95887,121.41284,70911 仁基建設,RT20250000011006,1.0,8.0,1,0,新北市土城區中州路30巷1號,5A-平鎮倉,1x,N_0854,1,國3-樹林,N3,3.7378209618034286
24.95896,121.0741,76046 欣亞營造-方元雙星,RT202500004773,1.0,8.0,1,0,桃園市新屋區社福路501巷,5A-平鎮倉,1x,N_0855,1,台61-觀音,TH61,9.01924801763404
24.95898,121.0744,76046 欣亞營造-方元雙星,RT202500003226,1.0,16.0,1,0,"桃園市新屋區社福路501巷24°57'32.1""N 121°04'27.7""E",5A-平鎮倉,1x,N_0856,2,台61-觀音,TH61,9.014676507140878
24.95911,121.16941,77771 鼎運營造工程-松義三街,RT20250000011362,1.0,8.0,1,0,桃園市中壢區松義三街11號,5A-平鎮倉,1x,N_0857,1,國1-平鎮系統,N1,4.979856624863161
24.95912,121.31833,78359 忠謀營造-八德區,RT20250000013945,1.0,8.0,1,0,桃園市八德區和平路825巷4弄13號旁-中華段1971.1983地號,5A-平鎮倉,1x,N_0858,1,國3-三鶯,N3,2.1304000139171864
24.95926,121.25442,70496 小茉莉華德福幼兒共學園,RT202500008166,1.0,8.0,1,0,桃園市中壢區環中東路399巷附近農地,5A-平鎮倉,1x,N_0859,1,國1-中壢,N1,3.5563055779833155
24.95964,121.29058,75059 宏福-八德,RT20240000014138,1.0,8.0,1,0,桃園市八德區廣福路356號,5A-平鎮倉,1x,N_0860,1,國3-三鶯,N3,3.926429470395527
24.95965,121.22995,75624 新豪營造-中壢,RT20250000013915,1.0,8.0,1,0,桃園市中壢區八德路20號,5A-平鎮倉,1x,N_0861,1,國1-中壢,N1,2.258856818171588
24.95987,121.22206,74515 華陽營造-中壢,RT20250000011861,1.0,8.0,1,0,桃園市中壢區中美路二段84號,5A-平鎮倉,1x,N_0862,1,國1-中壢,N1,2.4019653662161407
24.96044,121.16101,75704 寶台建設-新屋,RT202500001811,1.0,8.0,1,0,桃園市新屋區高鐵南路6段45巷23號(31最右慢車道),5A-平鎮倉,1x,N_0863,1,國1-楊梅,N1,5.730668564635153
24.96053,121.20469,77575 華鑑營造股份有限公司,RT20250000011113,1.0,16.0,1,0,桃園市中壢區正光街177號旁大華工地,5A-平鎮倉,1x,N_0864,2,國1-平鎮系統,N1,2.3538203663401935
24.96059,121.08809,75197 匯發營造-社子路,RT202500001219,1.0,16.0,1,0,桃園市新屋區社子路136號對面,5A-平鎮倉,1x,N_0865,2,台61-觀音,TH61,8.860133891776004
24.96071,121.08767,75197 匯發營造-社子路,RT20240000014729,1.0,16.0,1,0,桃園市新屋區社子路136號對面,5A-平鎮倉,1x,N_0866,2,台61-觀音,TH61,8.842272122763552
24.96082,121.161,75704 寶台建設-新屋,RT20250000012774,4.0,13.0,1,0,桃園市新屋區高鐵南路6段45巷23號-4F,5A-平鎮倉,1x,N_0867,1,國1-楊梅,N1,5.771650339408689
24.96118,121.24123,75332 榮工工程-CJ16標,RT202500002117,1.0,8.0,1,0,桃園市中壢區忠仁路33號-中原文創園區,5A-平鎮倉,1x,N_0868,1,國1-中壢,N1,2.4326614234825388
24.96118,121.24154,75332 榮工工程-CJ16標,RT202500003211,1.0,8.0,1,0,桃園市中壢區忠仁路33號-中原文創園區,5A-平鎮倉,1x,N_0869,1,國1-中壢,N1,2.450471759478115
24.96122,121.08684,73851 虹橋營造-億凱企業,RT20250000010841,1.0,8.0,1,0,桃園市新屋區社子路&社子路252巷交叉口,5A-平鎮倉,1x,N_0870,1,台61-觀音,TH61,8.777478268500364
24.96145,121.2364,76156 良記-泰豐自辦市地,RT202500003827,1.0,16.0,1,0,桃園市中壢區忠信路5號,5A-平鎮倉,1x,N_0871,2,國1-中壢,N1,2.178154049304233
24.96154,121.11531,75235 朝陽營造-新屋,RT20250000011553,1.0,8.0,1,0,桃園市新屋區長祥路837號,5A-平鎮倉,1x,N_0872,1,國1-楊梅,N1,6.896100190086365
24.96156,121.16006,70340 華璟建設有限公司,RT20250000013316,1.0,16.0,1,0,桃園市新屋區高洲二街25號旁,5A-平鎮倉,1x,N_0873,2,國1-楊梅,N1,5.831079654849265
24.96158,121.23524,77303 玉逢-泰豐公園,RT202500009228,1.0,8.0,1,0,桃園市中壢區中華路二段369-1號,5A-平鎮倉,1x,N_0874,1,國1-中壢,N1,2.125741290467779
24.96182,121.44082,70064 晉達營造-土城,RT202500006734,1.0,8.0,1,0,新北市土城區承天路62巷8號,5A-平鎮倉,1x,N_0875,1,國3-樹林,N3,5.505851534576264
24.96188,121.21989,77391 陳俊廷,RT202500009656,1.0,8.0,1,0,桃園市中壢區中豐路160號對面工地,5A-平鎮倉,1x,N_0876,1,國1-中壢,N1,2.3032072044215246
24.96191,121.24257,75332 榮工工程-CJ16標,RT2025000174,1.0,8.0,1,0,桃園市中壢區忠仁路33號-中原文創園區,5A-平鎮倉,1x,N_0877,1,國1-中壢,N1,2.4451589340980124
24.96206,121.06774,77806 得皇企業社,RT20250000011539,1.0,8.0,1,0,桃園市新屋區社福路713巷-電聯定位,5A-平鎮倉,1x,N_0878,1,台61-觀音,TH61,8.757717952480299
24.96208,121.03769,67009 宸樂工程行,RT20250000010336,1.0,8.0,1,0,桃園市新屋區民有二路2段-附座標,5A-平鎮倉,1x,N_0879,1,國1-湖口,N1,9.212774319525165
24.96217,121.1481,75063 耀荃建設-新洲路,RT20250000013349,1.0,16.0,1,0,桃園市新屋區新洲路82號對面,5A-平鎮倉,1x,N_0880,2,國1-楊梅,N1,5.794709152917051
24.96219,121.44407,75149 壯源工程-土城,RT20250000013577,1.0,8.0,1,0,新北市土城區忠義路88號對面,5A-平鎮倉,1x,N_0881,1,台64-板橋,TH64,5.593740348014126
24.96232,121.20809,77903 合誠營造-環西路,RT20250000011788,1.0,8.0,1,0,桃園市中壢區環西路二段25巷11號旁工地,5A-平鎮倉,1x,N_0882,1,國1-平鎮系統,N1,2.4865746702035976
24.96238,121.16658,55420 金煌-中壢,RT20250000011058,1.0,8.0,1,0,桃園市中壢區松信路192號-追加,5A-平鎮倉,1x,N_0883,1,國1-平鎮系統,N1,5.422166284502575
24.96246,121.16352,76638 宏民營造-過嶺安居,RT202500006139,1.0,16.0,1,0,桃園市中壢區高鐵南路五段&松勇路,5A-平鎮倉,1x,N_0884,2,國1-平鎮系統,N1,5.730053951053685
24.96248,121.44154,76250 順業營造-土城,RT202500004178,1.0,8.0,1,0,新北市土城區承天路66號對面,5A-平鎮倉,1x,N_0885,1,國3-樹林,N3,5.531010934901235
24.96249,121.16661,75098 大載建設-雙嶺1364,"RT20240000014301,RT202500004176","12.0,6.0",48.0,1,0,桃園市中壢區松仁路229號,5A-平鎮倉,1x,N_0886,2,國1-平鎮系統,N1,5.42481450338958
24.96261,121.23097,74476 萬鴻營造-中壢,RT20250000013340,1.0,8.0,1,0,桃園市中壢區中華路二段560號旁,5A-平鎮倉,1x,N_0887,1,國1-中壢,N1,1.9332905402446416
24.96279,121.28582,74191 伯皇營造-葉碧玲,RT20250000013561,1.0,8.0,1,0,桃園市八德區成功街346巷15號(黃碧珍),5A-平鎮倉,1x,N_0888,1,國3-三鶯,N3,4.560001725492179
24.96291,121.24588,77134 友新營造股份有限公司,RT202500008560,1.0,8.0,1,0,桃園市中壢區普忠路211巷186-1號附近,5A-平鎮倉,1x,N_0889,1,國1-中壢,N1,2.589519616163998
24.96306,121.16608,55420 金煌-中壢,RT202500009517,1.0,8.0,1,0,桃園市中壢區松信路192號附近-電聯帶定位,5A-平鎮倉,1x,N_0890,1,國1-平鎮系統,N1,5.506237765480028
24.96346,121.16553,76574 沐榕商行,RT202500005802,1.0,8.0,1,0,桃園市中壢區松仁路跟高鐵南路交叉口,5A-平鎮倉,1x,N_0891,1,國1-平鎮系統,N1,5.580941027505024
24.96354,121.43836,70652 旭?建設有限公司,RT202500009926,1.0,16.0,1,0,新北市土城區承天路16號(旭?),5A-平鎮倉,1x,N_0892,2,國3-樹林,N3,5.172672887898241
24.96357,121.4376,70652 旭?建設有限公司,"RT20250000013393,RT202500008606","11.0,13.0",39.0,1,0,新北市土城區承天路16號,5A-平鎮倉,1x,N_0893,2,國3-樹林,N3,5.101539833510695
24.96371,121.27261,75868 皇林工程-茄苳埤塘,RT202500002599,1.0,16.0,0,1,桃園市八德區東泰街283號283-15號前廣場,5A-平鎮倉,2x,N_0894,2,國1-中壢,N1,5.0635667034410305
24.96373,121.43858,70652 旭?建設有限公司,RT202500004183,"3.0,5.0,7.0",51.0,1,0,新北市土城區承天路16號,5A-平鎮倉,1x,N_0895,3,國3-樹林,N3,5.180893697548147
24.9639,121.43861,70652 旭?建設有限公司,RT202500009927,1.0,8.0,1,0,新北市土城區承天路16號,5A-平鎮倉,1x,N_0896,1,國3-樹林,N3,5.1730550561628
24.96394,121.06376,78205 茂琳營造-,RT20250000013245,1.0,8.0,1,0,桃園市新屋區社福路915號旁圍籬工地,5A-平鎮倉,1x,N_0897,1,台61-觀音,TH61,8.632961186359823
24.96398,121.26176,77485 高上營造-榮民路,RT20250000010083,1.0,8.0,1,0,桃園市中壢區榮民路285巷13號,5A-平鎮倉,1x,N_0898,1,國1-中壢,N1,3.94844646639582
24.96401,121.24561,69225 森業-內壢守衛室,RT202500002381,1.0,16.0,0,1,桃園市中壢區普忠路230號-原遠東路(內壢火車站附近)守衛室,5A-平鎮倉,2x,N_0899,2,國1-中壢,N1,2.48042707133248
24.96472,121.15095,77714 鴻成環保-外勞使用,RT20250000011230,3.0,22.0,1,0,桃園市新屋區民族路六段649號,5A-平鎮倉,1x,N_0900,2,國1-楊梅,N1,6.074835295619074
24.96474,121.43847,70652 旭?建設有限公司,RT20250000013689,9.0,19.5,1,0,新北市土城區承天路16號-9F,5A-平鎮倉,1x,N_0901,1,國3-樹林,N3,5.1084227241380225
24.96491,121.13462,75672 泰賀營造-新屋,RT202500001702,1.0,16.0,1,0,桃園市新屋區快速路六段旁-附座標,5A-平鎮倉,1x,N_0902,2,國1-楊梅,N1,6.329582170451874
24.96498,121.25232,72721 泰貿豐營造-永福路,RT20250000012822,1.0,8.0,1,0,桃園市中壢區永福路1043號隔壁,5A-平鎮倉,1x,N_0903,1,國1-中壢,N1,2.9862564991635145
24.96508,121.39964,78254 福旺營造-柑園橋過溪段,RT20250000013467,1.0,8.0,1,0,新北市樹林區西圳街一段118巷3號-附地標,5A-平鎮倉,1x,N_0904,1,國3-樹林,N3,2.7664086205762897
24.96514,121.41796,71629 展榮工程行,RT202500007134,1.0,8.0,1,0,新北市土城區福安街70巷底,5A-平鎮倉,1x,N_0905,1,國3-樹林,N3,3.4042474888281413
24.96539,121.24221,77434 晃茂-普忠路,RT202500009885,1.0,16.0,1,0,桃園市中壢區普忠路&中華路二段交叉口,5A-平鎮倉,1x,N_0906,2,國1-中壢,N1,2.1134825573444456
24.96559,121.30614,78127 波佳營造,RT20250000012947,1.0,8.0,1,0,桃園市八德區忠勇六街-兒童公園,5A-平鎮倉,1x,N_0907,1,國3-三鶯,N3,3.2303626130353247
24.96577,121.23118,78200 廣安營造-中壢,RT20250000013200,1.0,8.0,1,0,桃園市中壢區福星五街58號,5A-平鎮倉,1x,N_0908,1,國1-中壢,N1,1.5849513498212457
24.96582,121.20693,74267 晉通營造-三民段748地號,RT20250000010458,1.0,8.0,1,0,桃園市中壢區中正路1062巷186號,5A-平鎮倉,1x,N_0909,1,國1-平鎮系統,N1,2.886207690603576
24.96598,121.18741,78160 許建宗,RT20250000013041,1.0,8.0,1,0,桃園市平鎮區(中壢區)中央路257號,5A-平鎮倉,1x,N_0910,1,國1-平鎮系統,N1,3.8214778801524787
24.96619,121.33444,62961 寬和-鶯歌區,RT20250000013336,1.0,8.0,1,0,新北市鶯歌區鳳鳴路130號旁,5A-平鎮倉,1x,N_0911,1,國3-三鶯,N3,3.3196789503960327
24.96626,121.28954,75293 友宬工程-護國宮,RT202504,1.0,8.0,1,0,桃園市桃園區(八德區))國際路一段401巷123號-護國宮,5A-平鎮倉,1x,N_0912,1,國3-三鶯,N3,4.4640761130598134
24.96627,121.21716,66145 開源營造-機場捷運A21區段工程,RT202500005083,1.0,8.0,1,0,桃園市中壢區環北路71號-電聯定位,5A-平鎮倉,1x,N_0913,1,國1-中壢,N1,2.0866184362500744
24.96629,121.23893,72093 麗明-台達一廠,RT202400006012,1.0,16.0,1,0,桃園市中壢區東園路3號-台達電一廠,5A-平鎮倉,1x,N_0914,2,國1-中壢,N1,1.8161614986003312
24.9665,121.54135,78316 隆豪營造-新店區,RT20250000013683,1.0,8.0,1,0,新北市新店區北新路一段64巷口,5A-平鎮倉,1x,N_0915,1,國3-深坑,N3,9.489086429816101
24.9667,121.30464,77713 穩曜營造-忠勇五街,RT20250000011226,1.0,16.0,1,0,桃園市八德區忠勇五街130號旁,5A-平鎮倉,1x,N_0916,2,國3-三鶯,N3,3.4191236145529826
24.96683,121.27286,72224 灣比岱環境工程有限公司,RT2025000191,1.0,16.0,0,1,桃園市八德區東泰街(茄苳里埤塘公園)寶豐街,5A-平鎮倉,2x,N_0917,2,國1-中壢,N1,4.9769960366158035
24.96712,121.46222,70244 徐坤山-青雲路,RT202500007967,1.0,8.0,1,0,新北市土城區青雲路649號,5A-平鎮倉,1x,N_0918,1,台64-板橋,TH64,4.76605460719878
24.9672,121.24941,72186 森業-內壢守衛室,RT202500002385,1.0,16.0,0,1,桃園市中壢區中華路1段743巷40號(靠六和汽車),5A-平鎮倉,2x,N_0919,2,國1-中壢,N1,2.580811108953455
24.96742,121.2398,72093 麗明-台達一廠,RT2025000709,1.0,16.0,1,0,桃園市中壢區東園路3號-台達電一廠,5A-平鎮倉,1x,N_0920,2,國1-中壢,N1,1.7700807734110822
24.96785,121.21531,67754 佳全有限公司,RT20250000013732,1.0,16.0,1,0,桃園市中壢區民權路２段125號,5A-平鎮倉,1x,N_0921,2,國1-中壢,N1,2.1160530642214908
24.96816,121.31098,75800 澄駒國際車業,RT202500002299,1.0,8.0,1,0,桃園市八德區東勇街490巷36號,5A-平鎮倉,1x,N_0922,1,國3-三鶯,N3,3.2821969876895185
24.96825,121.25092,70234 森業-中北路,RT202500002383,1.0,16.0,0,1,桃園市中壢區永福路1200號附近工地,5A-平鎮倉,2x,N_0923,2,國1-中壢,N1,2.663326746175623
24.96834,121.19801,74027 鼎巨建設-中央大學,RT202500008890,1.0,8.0,1,0,桃園市中壢區中大路215之7號對面,5A-平鎮倉,1x,N_0924,1,國1-平鎮系統,N1,3.415691487780947
24.96844,121.20651,73063 千代營造-?盈花靜院,RT20250000010824,1.0,8.0,1,0,桃園市中壢區三民一路158號,5A-平鎮倉,1x,N_0925,1,國1-中壢,N1,2.9060251543483497
24.96844,121.20664,73063 千代營造-?盈花靜院,RT20240000011965,1.0,8.0,1,0,桃園市中壢區三民一路158號,5A-平鎮倉,1x,N_0926,1,國1-中壢,N1,2.8930850570292788
24.96848,121.22696,73569 呈豐營造-環北國中,"RT20240000013697,RT202500004752","1.0,4.0",21.0,1,0,桃園市中壢區中福路349巷67弄15號附近(工務所),5A-平鎮倉,1x,N_0927,2,國1-中壢,N1,1.3224940801380323
24.96866,121.20078,76960 六大營造-中壢五權,RT202500007545,1.0,8.0,1,0,桃園市中壢區中大路與中大路1307巷口工地,5A-平鎮倉,1x,N_0928,1,國1-平鎮系統,N1,3.3418263994407003
24.96881,121.26441,76357 遠揚營造-元智大學,RT202500004806,1.0,8.0,1,0,桃園市中壢區遠東路135號旁-元智大學旁,5A-平鎮倉,1x,N_0929,1,國1-中壢,N1,4.016396918656661
24.96883,121.05004,74424 慶源營造-昊司大坡段,RT20240000011374,1.0,8.0,1,0,桃園市新屋區保安路333巷21弄58號隔壁,5A-平鎮倉,1x,N_0930,1,台61-觀音,TH61,8.571306512457687
24.96891,121.22738,73569 呈豐營造-環北國中,RT20240000010314,1.0,16.0,1,0,桃園市中壢區中福路349巷67弄15號附近,5A-平鎮倉,1x,N_0931,2,國1-中壢,N1,1.2648765364652423
24.969,121.11719,76660 憶泰營造-清華一街,RT202500006238,1.0,8.0,1,0,桃園市新屋區清華一街299號,5A-平鎮倉,1x,N_0932,1,國1-楊梅,N1,7.493524501068322
24.9693,121.22956,67131 開源營造-機場捷運A21區段工程,RT202500005085,1.0,8.0,1,0,桃園市中壢區新生路548巷工地大門-帶到中福路5號洗車台,5A-平鎮倉,1x,N_0933,1,國1-中壢,N1,1.188703762760073
24.96995,121.43202,78295 吉宗營造-土城區,RT20250000013595,1.0,16.0,1,0,新北市土城區中山路91號,5A-平鎮倉,1x,N_0934,2,國3-樹林,N3,4.1935131585449765
24.97034,121.29769,67988 立穩營造-八德區正福一街,RT20250000011613,1.0,8.0,1,0,桃園市八德區正福一街52號旁-從後門工務所進入,5A-平鎮倉,1x,N_0935,1,國3-三鶯,N3,4.180224778130221
24.97056,121.21694,66144 開源營造-機場捷運A21區段工程,RT202500005082,1.0,8.0,1,0,桃園市中壢區新生路552號巷口附近-電聯定位,5A-平鎮倉,1x,N_0936,1,國1-中壢,N1,1.788709809109229
24.97092,121.33509,78208 永鴻營造-一期,RT20250000013261,1.0,8.0,1,0,新北市鶯歌區鳳七路280號旁-一期,5A-平鎮倉,1x,N_0937,1,國3-三鶯,N3,3.819036422253519
24.971,121.09908,75165 煜承營造-新屋,RT20250000013693,1.0,8.0,1,0,桃園市新屋區三民路529號旁巷子,5A-平鎮倉,1x,N_0938,1,台61-觀音,TH61,7.946426661990881
24.97135,121.33005,71352 澄果建設-鳳嗚186地號,RT20250000012816,1.0,16.0,1,0,新北市鶯歌區龍三路&鳳七路交叉口,5A-平鎮倉,1x,N_0939,2,國3-三鶯,N3,3.654286226474535
24.97141,121.23146,67130 開源營造-機場捷運A21區段工程,RT202500005084,1.0,8.0,1,0,桃園市中壢區新生路548巷工地大門-帶到中福路舊停車場,5A-平鎮倉,1x,N_0940,1,國1-中壢,N1,0.9671642175453714
24.97154,121.23906,76230 富泰-中壢,RT202500004110,1.0,16.0,1,0,桃園市中壢區南園二路1號,5A-平鎮倉,1x,N_0941,2,國1-中壢,N1,1.3759308555294019
24.97161,121.23902,77951 旭誼工程股份有限公司,RT20250000013422,1.0,8.0,1,0,桃園市中壢區南園二路1號,5A-平鎮倉,1x,N_0942,1,國1-中壢,N1,1.3673852977485044
24.97172,121.23917,76230 富泰-中壢,RT20250000012871,1.0,8.0,1,0,桃園市中壢區南園二路1號,5A-平鎮倉,1x,N_0943,1,國1-中壢,N1,1.3714107274260536
24.97194,121.26291,75439 天南營造-元智大學,RT2025000758,1.0,16.0,1,0,桃園市中壢區遠東路81巷1~3號,5A-平鎮倉,1x,N_0944,2,國1-中壢,N1,3.7609704300487357
24.97201,121.09796,78277 鍍克營造-新屋區,RT20250000013523,1.0,8.0,1,0,桃園市新屋區三民路605巷89號旁,5A-平鎮倉,1x,N_0945,1,台61-觀音,TH61,7.805756218695148
24.97208,121.41534,77794 江林營造-八德街,RT20250000011451,1.0,8.0,1,0,新北市樹林區八德街224-1號-前2小時電聯,5A-平鎮倉,1x,N_0946,1,國3-樹林,N3,2.6183815386604956
24.9721,121.32962,70160 京澄建設-鳳鳴段186地號,"RT20250000011952,RT20250000011953",1.0,16.0,1,0,新北市鶯歌區龍三路&鳳七路交叉口,5A-平鎮倉,1x,N_0947,2,國3-三鶯,N3,3.7196668079819695
24.97213,121.10442,75437 峰裕營造-新屋,RT2025000742,1.0,8.0,1,0,桃園市新屋區福德街109號旁,5A-平鎮倉,1x,N_0948,1,台61-觀音,TH61,8.006381063208426
24.97246,121.41078,77129 明煜營造-統琳實業,RT202500008541,1.0,8.0,1,0,新北市樹林區味王街87-1號,5A-平鎮倉,1x,N_0949,1,國3-樹林,N3,2.285252515587235
24.97263,121.11927,74282 大丞土木-新屋啟文段,RT202500009860,1.0,8.0,1,0,桃園市新屋區清文路50巷,5A-平鎮倉,1x,N_0950,1,國1-楊梅,N1,7.743672022096625
24.97268,121.2882,73744 銘陽營造-建新教會,RT202500009414,1.0,8.0,1,0,桃園市桃園區(近八德)國際路一段485巷31號附近工地,5A-平鎮倉,1x,N_0951,1,國3-三鶯,N3,5.061432523544234
24.97268,121.41071,71684 陳順良,RT20250000013545,1.0,8.0,1,0,新北市樹林區東豐街50-6號對面-報廢場,5A-平鎮倉,1x,N_0952,1,國3-樹林,N3,2.2603876584551195
24.97272,121.24,78062 中國精密壓鑄股份有限公司,RT20250000012724,1.0,8.0,1,0,桃園市中壢區自強四路8號,5A-平鎮倉,1x,N_0953,1,國1-中壢,N1,1.3729869942566935
24.97281,121.32388,71893 新月建設-僑信路,RT202500006042,1.0,16.0,1,0,桃園市桃園區(鶯歌區)桃鶯路2段58號,5A-平鎮倉,1x,N_0954,2,國3-三鶯,N3,3.667286968659408
24.97287,121.32453,71893 新月建設-僑信路,RT2024000534,1.0,8.0,1,0,桃園市桃園區(鶯歌區)鶯桃路２段58號,5A-平鎮倉,1x,N_0955,1,國3-三鶯,N3,3.683055939542533
24.97288,121.3288,78209 永鴻營造-二期,RT20250000013264,1.0,8.0,1,0,新北市鶯歌區鳳七路280號旁-二期,5A-平鎮倉,1x,N_0956,1,國3-三鶯,N3,3.7781347702802575
24.97293,121.33491,71747 東騏營造-鳳鳴,RT20230000015454,1.0,8.0,1,0,新北市鶯歌區龍五路280號旁,5A-平鎮倉,1x,N_0957,1,國3-三鶯,N3,4.012451177646955
24.97304,121.25954,69226 森業-內壢守衛室,RT202500002382,1.0,16.0,0,1,桃園市中壢區興仁路二段(內壢火車站附近)守衛室,5A-平鎮倉,2x,N_0958,2,國1-中壢,N1,3.3687232710921635
24.97307,121.32492,71893 新月建設-僑信路,RT202500001500,1.0,8.0,1,0,桃園市桃園區(鶯歌區)鶯桃路２段58號,5A-平鎮倉,1x,N_0959,1,國3-三鶯,N3,3.7111722470535367
24.97318,121.41767,76818 鎮昇營造-八德街,RT202500007018,1.0,8.0,1,0,新北市樹林區八德街210號旁,5A-平鎮倉,1x,N_0960,1,國3-樹林,N3,2.707902501438643
24.97322,121.33461,73628 川祥營造-鶯歌工務所,RT202400008052,1.0,16.0,1,0,新北市鶯歌區鳳三路&龍三路交叉口-工務所,5A-平鎮倉,1x,N_0961,2,國3-三鶯,N3,4.028276254243458
24.9734,121.53478,77357 吉宗營造-銜接#73237,RT202500009494,1.0,8.0,1,0,新北市新店區三民路94巷14號旁,5A-平鎮倉,1x,N_0962,1,台64-板橋,TH64,9.241447240362705
24.97341,121.22473,76427 羅傑土木-培英路,RT202500005205,1.0,8.0,1,0,桃園市中壢區培英路102、104號,5A-平鎮倉,1x,N_0963,1,國1-中壢,N1,0.9366256034303051
24.97351,121.16265,73753 基甲建設-明日香,RT20250000013612,1.0,8.0,1,0,桃園市中壢區福田路525巷組合屋,5A-平鎮倉,1x,N_0964,1,國1-平鎮系統,N1,6.438901907514455
24.97358,121.22479,71025 恩興營造-中壢,RT20250000010936,1.0,8.0,1,0,桃園市中壢區培英路100號旁,5A-平鎮倉,1x,N_0965,1,國1-中壢,N1,0.9177525377251793
24.97359,121.09387,73907 堉霖建設-新屋中山西路,RT202500009006,1.0,8.0,1,0,桃園市新屋區中山西路一段173巷43弄88號(艾力豪幼兒園),5A-平鎮倉,1x,N_0966,1,台61-觀音,TH61,7.530566742616067
24.97378,121.32841,75215 森睦營造-鳳鳴段26地號,RT20240000014773,1.0,16.0,1,0,新北市鶯歌區鳳福路8號對面,5A-平鎮倉,1x,N_0967,2,國3-三鶯,N3,3.8640381851765664
24.97381,121.1326,75749 和悅建設有限公司,RT202500002056,1.0,8.0,1,0,"桃園市新屋區清華路50巷24.973982,121.1325892,39",5A-平鎮倉,1x,N_0968,1,國1-楊梅,N1,7.341520280439479
24.97384,121.13272,75749 和悅建設有限公司,RT202500007154,1.0,8.0,1,0,桃園市新屋區清華路50巷,5A-平鎮倉,1x,N_0969,1,國1-楊梅,N1,7.341241599620478
24.97391,121.01682,76682 鈞悠股份-銜接#74214,RT20250000010039,1.0,8.0,1,0,桃園市新屋區文學路580號(3號咖啡),5A-平鎮倉,1x,N_0970,1,台61-觀音,TH61,10.148824452147288
24.97392,121.52754,73542 勝麗科技-新店,RT202400007750,1.0,8.0,1,0,新北市新店區中央一街41號,5A-平鎮倉,1x,N_0971,1,台64-板橋,TH64,8.499598412749584
24.97392,121.53263,76153 華太開發-新店,RT202500003830,1.0,8.0,1,0,新北市新店區三民路159巷19弄1號,5A-平鎮倉,1x,N_0972,1,台64-板橋,TH64,9.001876423241345
24.97406,121.33142,73629 川祥營造-鶯歌堆置場,RT202400008053,1.0,8.0,1,0,新北市鶯歌區鳳福路&鳳鳴路交叉口-堆置場,5A-平鎮倉,1x,N_0973,1,國3-三鶯,N3,3.9875118181643647
24.97416,121.25606,77689 廣三石材-忠孝路,RT20250000011104,1.0,8.0,1,0,桃園市中壢區忠孝路66號,5A-平鎮倉,1x,N_0974,1,國1-中壢,N1,2.964404994800909
24.97426,121.45832,68491 寶佳建設-土城,RT2025000540,1.0,16.0,1,0,新北市土城區青雲路384號-(青和街1巷旁),5A-平鎮倉,1x,N_0975,2,台64-板橋,TH64,3.971520435551126
24.97471,121.10439,70626 展昇營造-新屋,RT20250000010765,1.0,8.0,1,0,桃園市新屋區新生二街11號,5A-平鎮倉,1x,N_0976,1,台61-觀音,TH61,7.73635457048046
24.97472,121.3258,67136 威騰營造-桃鶯,RT20250000011100,1.0,16.0,1,0,桃園市桃園區桃鶯路525巷23號旁,5A-平鎮倉,1x,N_0977,2,國3-三鶯,N3,3.907323611681171
24.97526,121.30421,75303 澄果建設-桃合段8-1地號新建工程,RT202500009350,1.0,8.0,1,0,桃園市桃園區介壽路523巷60號-桃合段8-1地號新建工程,5A-平鎮倉,1x,N_0978,1,國3-三鶯,N3,4.2883822515834575
24.97529,121.30422,77540 卡布里-同#75305,RT20250000010346,1.0,8.0,1,0,桃園市桃園區介壽路523巷60號-合作社,5A-平鎮倉,1x,N_0979,1,國3-三鶯,N3,4.290968421288704
24.97534,121.30424,75303 澄果建設-桃合段8-1地號新建工程,RT20250029,1.0,8.0,1,0,桃園市桃園區介壽路523巷60號旁-桃合段8-1地號新建工程,5A-平鎮倉,1x,N_0980,1,國3-三鶯,N3,4.29513090803974
24.9756,121.10487,76442 建睿工程-新生三街,RT20250000012075,1.0,8.0,1,0,桃園市新屋區新生三街88號旁工地,5A-平鎮倉,1x,N_0981,1,台61-觀音,TH61,7.662921719873101
24.97584,121.5259,69311 壢都營造-中央三街,RT202500004227,1.0,8.0,1,0,新北市新店區中央三街85號,5A-平鎮倉,1x,N_0982,1,台64-板橋,TH64,8.23924789696236
24.97585,121.53003,78278 富泰營造-新店錫瑋建設住宅,RT20250000013524,1.0,8.0,1,0,新北市新店區央北一路28號旁白色圍籬工地,5A-平鎮倉,1x,N_0983,1,台64-板橋,TH64,8.648334331615827
24.97586,121.15969,77069 陳亦建築-福恩路,RT202500008067,1.0,8.0,1,0,桃園市觀音區福恩路一段166號-岳鼎天翔,5A-平鎮倉,1x,N_0984,1,國1-平鎮系統,N1,6.857820124477948
24.97603,121.52621,69311 壢都營造-中央三街,RT202500004069,"10.0,5.0",40.0,1,0,新北市新店區中央三街85號,5A-平鎮倉,1x,N_0985,2,台64-板橋,TH64,8.260164025309676
24.97614,121.33077,78199 祥鼎營造-鶯歌區,RT20250000013240,1.0,8.0,1,0,新北市鶯歌區鳳福路177號旁工地,5A-平鎮倉,1x,N_0986,1,國3-三鶯,N3,4.185881232488778
24.97618,121.01785,77344 憶泰營造-台61縣,RT202500009405,1.0,8.0,1,0,桃園市新屋區台61縣301號附近-附地標,5A-平鎮倉,1x,N_0987,1,台61-觀音,TH61,9.888109585906882
24.97647,121.25313,70772 聚泰建設-元生二街,RT20240000014592,1.0,24.0,1,0,桃園市中壢區元生二街126號,5A-平鎮倉,1x,N_0988,3,國1-中壢,N1,2.5971575912518547
24.97647,121.25319,70772 聚泰建設-元生二街,RT20250000010663,1.0,16.0,1,0,桃園市中壢區元生二街126號,5A-平鎮倉,1x,N_0989,2,國1-中壢,N1,2.6037415534188275
24.97647,121.25394,70772 聚泰建設-元生二街,RT20250000010664,1.0,16.0,1,0,桃園市中壢區元生二街126號,5A-平鎮倉,1x,N_0990,2,國1-中壢,N1,2.6860727139260034
24.97656,121.53026,67088 鼎實建設-新店,RT202500008299,1.0,8.0,1,0,新北市新店區斯馨路與日月街交叉口工地,5A-平鎮倉,1x,N_0991,1,台64-板橋,TH64,8.637127617744802
24.97661,121.52742,77442 協之達-中央七街,RT202500009898,1.0,8.0,1,0,新北市新店區中央七街70號,5A-平鎮倉,1x,N_0992,1,台64-板橋,TH64,8.351116923413398
24.97662,121.30274,78049 日商奧村組-GC02標-介壽路一段,RT20250000012653,1.0,8.0,1,0,桃園市八德區(桃園區)介壽路一段82號附近,5A-平鎮倉,1x,N_0993,1,國3-三鶯,N3,4.493693488879319
24.97666,121.1141,70701 城喜建設有限公司,RT20250000010837,1.0,16.0,1,0,桃園市新屋區清文路277號,5A-平鎮倉,1x,N_0994,2,台61-觀音,TH61,7.984878643886592
24.97676,121.31273,77553 工展營造-福豐國中,RT20250000013810,1.0,8.0,1,0,桃園市桃園區延平路326號-福豐國中,5A-平鎮倉,1x,N_0995,1,國3-三鶯,N3,4.15939157936544
24.97676,121.5255,72072 鼎盛鑫-新店,RT20250000011959,1.0,8.0,1,0,新北市新店區中央五街111號,5A-平鎮倉,1x,N_0996,1,台64-板橋,TH64,8.15313519939431
24.97677,121.11373,74844 春越營造-新屋啟文段,RT20240000013212,1.0,8.0,1,0,桃園市新屋區新文路480號旁,5A-平鎮倉,1x,N_0997,1,台61-觀音,TH61,7.954717091248805
24.97691,121.52616,67881 英頓營造-美時製藥,RT20250000010668,1.0,8.0,1,0,新北市新店區中央六街93號,5A-平鎮倉,1x,N_0998,1,台64-板橋,TH64,8.21106975233547
24.97693,121.10472,77869 威揚建設-新屋區,RT20250000012200,1.0,8.0,1,0,桃園市新屋區中興北路207號旁工務所,5A-平鎮倉,1x,N_0999,1,台61-觀音,TH61,7.519300337085948
24.97694,121.10475,77869 威揚建設-新屋區,RT20250000014075,1.0,8.0,1,0,桃園市新屋區中興北路207號旁工務所-追加,5A-平鎮倉,1x,N_1000,1,台61-觀音,TH61,7.5194828730504195
24.97695,121.10477,77869 威揚建設-新屋區,RT20250000011678,1.0,8.0,1,0,桃園市新屋區中興北路207號旁工務所,5A-平鎮倉,1x,N_1001,1,台61-觀音,TH61,7.519261092913522
24.97702,121.25288,78069 聚泰建設-二期-元生二街,RT20250000012750,1.0,16.0,1,0,桃園市中壢區元生二街126號-二期,5A-平鎮倉,1x,N_1002,2,國1-中壢,N1,2.5611305922971686
24.9772,121.52643,76485 元洲營造-中央七街,RT202500005395,1.0,8.0,1,0,新北市新店區中央七街91號,5A-平鎮倉,1x,N_1003,1,台64-板橋,TH64,8.223583084818902
24.97742,121.53031,77306 忠泰建設-忠泰蘊基地,RT202500009232,1.0,16.0,1,0,新北市新店區央北二路與斯馨路口-忠泰蘊基地,5A-平鎮倉,1x,N_1004,2,台64-板橋,TH64,8.601570772394616
24.97767,121.22393,78114 宜佳營造-中壢永清街,RT20250000012907,1.0,8.0,1,0,桃園市中壢區永清街  靠近新生路二段48號7-11後面那條路,5A-平鎮倉,1x,N_1005,1,國1-中壢,N1,0.7217031867750529
24.97793,121.11382,73649 愷侖-新文路,RT202400008124,1.0,8.0,1,0,桃園市新屋區新文路560號,5A-平鎮倉,1x,N_1006,1,台61-觀音,TH61,7.8461198571843465
24.97808,121.53081,77523 桂裕營造-銜接#72164 騰飛營造,RT20250000010265,1.0,8.0,1,0,新北市新店區斯馨路71巷轉角,5A-平鎮倉,1x,N_1007,1,台64-板橋,TH64,8.62159408360876
24.97835,121.52535,76484 元洲營造-中央八街,RT202500005394,1.0,8.0,1,0,新北市新店區中央八街120號,5A-平鎮倉,1x,N_1008,1,台64-板橋,TH64,8.059811582476174
24.97844,121.22834,63412 復興-頤親園,RT20250000011963,1.0,24.0,1,0,桃園市中壢區培英路437號,5A-平鎮倉,1x,N_1009,3,國1-中壢,N1,0.2528559534598635
24.97857,121.21882,73080 厚陞建設-中壢,RT202500008620,1.0,8.0,1,0,桃園市中壢區中豐北路一段600號,5A-平鎮倉,1x,N_1010,1,國1-中壢,N1,1.2510901539468589
24.97866,121.21902,73080 厚陞建設-中壢,RT202400005922,1.0,8.0,1,0,桃園市中壢區中豐北路一段736巷28號,5A-平鎮倉,1x,N_1011,1,國1-中壢,N1,1.2278225751308394
24.97867,121.45731,71689 鴻信-一品學苑,RT20230000015308,1.0,16.0,1,0,新北市土城區青福街76號,5A-平鎮倉,1x,N_1012,2,台64-板橋,TH64,3.4904249605169198
24.9787,121.42633,76285 程峰營造-樹林服務所,RT202500004266,1.0,8.0,1,0,新北市樹林區水源街220號（浮洲加壓站）,5A-平鎮倉,1x,N_1013,1,國3-樹林,N3,3.1804142193889393
24.97882,121.252,77272 源雄建設股份有限公司,RT20250000011172,1.0,8.0,1,0,桃園市中壢區成章二街566號-工務所,5A-平鎮倉,1x,N_1014,1,國1-中壢,N1,2.4455101227341833
24.97894,121.45091,68208 百晟營造-富玉,"RT20250000010627,RT20250000010629,RT20250000012212,RT20250000012213,RT202500006809,RT202500006818","10.0,12.0,13.0,7.0",118.0,1,0,新北市土城區金城路2段&龍山二街口-B棟-10F,5A-平鎮倉,1x,N_1015,7,台64-板橋,TH64,3.5922723025544956
24.979,121.53357,77438 國隆營造工程股份有限公司,RT20250000012061,1.0,8.0,1,0,新北市新店區中央路16號,5A-平鎮倉,1x,N_1016,1,台64-板橋,TH64,8.861627768807969
24.97915,121.45146,68208 百晟營造-富玉,"RT202500001495,RT202500001496,RT202500004673,RT202500004674,RT202500004675,RT202500004677,RT202500006807","10.0,3.0,7.0",122.0,1,0,新北市土城區金城路2段&龍山二街口-B棟,5A-平鎮倉,1x,N_1017,7,台64-板橋,TH64,3.553134273581559
24.97916,121.45112,68208 百晟營造-富玉,RT20220000016123,1.0,32.0,1,0,新北市土城區金城路2段&龍山二街口,5A-平鎮倉,1x,N_1018,4,台64-板橋,TH64,3.562321877652124
24.9792,121.2204,76670 興億營造-A20,RT202500006312,1.0,8.0,1,0,桃園市中壢區新生路二段233巷26-1號,5A-平鎮倉,1x,N_1019,1,國1-中壢,N1,1.0692935985974406
24.9792,121.45085,68208 百晟營造-富玉,RT202500004664,1.0,16.0,1,0,新北市土城區金城路2段&龍山二街口,5A-平鎮倉,1x,N_1020,2,台64-板橋,TH64,3.566474220080687
24.97936,121.32522,78440 景文營造工程-太古可樂,RT20250000014209,1.0,8.0,1,0,桃園市桃園區大智路11號旁邊工地,5A-平鎮倉,1x,N_1021,1,國3-三鶯,N3,4.407214428411629
24.97951,121.24627,52951 集來環保中工地磅,RT202500008863,1.0,8.0,1,0,桃園市中壢區吉林路66-8號對面,5A-平鎮倉,1x,N_1022,1,國1-中壢,N1,1.8067888401793413
24.9802,121.22069,77056 睿騏營造有限公司,RT202500007978,1.0,8.0,1,0,桃園市中壢區新生路二段233巷24號,5A-平鎮倉,1x,N_1023,1,國1-中壢,N1,1.0336484257714655
24.98038,121.24985,77195 世聯營造-文化公園,RT20250000012727,1.0,8.0,1,0,桃園市中壢區文化路399號-文化公園-附定位圖,5A-平鎮倉,1x,N_1024,1,國1-中壢,N1,2.203753701050917
24.9805,121.19176,75804 三石營造-百吉樂活,RT202500009344,1.0,8.0,1,0,桃園市中壢區中正路二段424號,5A-平鎮倉,1x,N_1025,1,國1-中壢,N1,4.245002824451558
24.98053,121.19247,75804 三石營造-百吉樂活,RT20250000013380,1.0,8.0,1,0,桃園市中壢區中正路二段424號-追加,5A-平鎮倉,1x,N_1026,1,國1-中壢,N1,4.166245378971762
24.98054,121.19237,75804 三石營造-百吉樂活,RT202500005675,1.0,8.0,1,0,桃園市中壢區中正路二段424號,5A-平鎮倉,1x,N_1027,1,國1-中壢,N1,4.177360054927831
24.98096,121.31339,76552 宸康營造-金門一街,RT202500005733,1.0,8.0,1,0,桃園市桃園區金門一街29巷9號,5A-平鎮倉,1x,N_1028,1,國3-三鶯,N3,4.605381438892709
24.98114,121.30408,78195 伯皇營造-南豐街,RT20250000013215,1.0,8.0,1,0,桃園市桃園區南豐街294巷16號隔壁,5A-平鎮倉,1x,N_1029,1,國3-三鶯,N3,4.896529451151736
24.98121,121.22124,77706 李春敏,RT20250000011175,1.0,8.0,1,0,桃園市中壢區興北一路106號旁空地,5A-平鎮倉,1x,N_1030,1,國1-中壢,N1,0.9815921483498359
24.98123,121.2226,76162 將泰營造-中壢,RT202500003839,1.0,8.0,1,0,桃園市中壢區新生路二段273號,5A-平鎮倉,1x,N_1031,1,國1-中壢,N1,0.8326694427566864
24.98125,121.22271,76162 將泰營造-中壢,RT202500007059,1.0,8.0,1,0,桃園市中壢區新生路二段273號,5A-平鎮倉,1x,N_1032,1,國1-中壢,N1,0.8209994023137469
24.98125,121.30679,75633 日商奧村組-GC02標,RT202500001605,1.0,32.0,1,0,桃園市桃園區介壽路&三民路三段交叉口,5A-平鎮倉,1x,N_1033,4,國3-三鶯,N3,4.807807876630848
24.9815,121.2207,72622 櫻花-豐興段215地號,RT202400003688,1.0,16.0,1,0,桃園市中壢區興東路300巷36-5號,5A-平鎮倉,1x,N_1034,2,國1-中壢,N1,1.0456412099770946
24.98174,121.26153,76467 征昌-龍山街,RT202500005322,1.0,8.0,1,0,桃園市桃園區(近中壢)龍山街218巷2號,5A-平鎮倉,1x,N_1035,1,國1-中壢,N1,3.5051552160341886
24.98181,121.44632,66738 瑞助-土城(三期),"RT202500009523,RT202500009524",1.0,32.0,1,0,新北市土城區莊園街123之10地號-停車場旁-三期(警衛室後休息站旁),5A-平鎮倉,1x,N_1036,4,台64-板橋,TH64,3.4780721295711183
24.98226,121.13588,70401 余忠德,RT202500009393,1.0,16.0,1,0,桃園市觀音區新富路1326號,5A-平鎮倉,1x,N_1037,2,國1-楊梅,N1,8.172556951285312
24.9823,121.19898,75848 鑫建豪營-富甲三林,RT202500002492,1.0,8.0,1,0,桃園市中壢區啟文路2段250巷,5A-平鎮倉,1x,N_1038,1,國1-中壢,N1,3.452671727575387
24.98245,121.30379,77061 超揚營造-近玉山公園,RT202500008019,1.0,8.0,1,0,桃園市桃園區南豐二街63號-玉山公園附近,5A-平鎮倉,1x,N_1039,1,國3-三鶯,N3,5.043807022338722
24.98281,121.21568,78055 崧耀開發-中豐北路,RT20250000014102,1.0,8.0,1,0,桃園市中壢區中豐路與興北三路交叉口,5A-平鎮倉,1x,N_1040,1,國1-中壢,N1,1.6198338428676162
24.98291,121.22018,74669 聖?營造-昭揚大綻,RT20250000010969,1.0,8.0,1,0,桃園市中壢區新生路轉興北二路約500公尺,5A-平鎮倉,1x,N_1041,1,國1-中壢,N1,1.1368724908718502
24.98307,121.22259,73543 睿騏營造-黃國華,RT20250000010783,1.0,8.0,1,0,桃園市中壢區新生路二段323號旁,5A-平鎮倉,1x,N_1042,1,國1-中壢,N1,0.8903071902446928
24.98308,121.29269,70605 林祈聰,RT20250000011156,1.0,8.0,1,0,桃園市桃園區(近八德)國際路一段950巷-電聯帶定位,5A-平鎮倉,1x,N_1043,1,國3-三鶯,N3,5.661786195406864
24.98309,121.32627,77231 麒田-南僑油脂,RT202500008945,1.0,8.0,1,0,桃園市龜山區興邦路35號,5A-平鎮倉,1x,N_1044,1,國3-三鶯,N3,4.833359864628277
24.98312,121.2207,74669 聖?營造-昭揚大綻,RT20240000012661,1.0,8.0,1,0,桃園市中壢區新生路轉興北二路約500公尺,5A-平鎮倉,1x,N_1045,1,國1-中壢,N1,1.0888438053285205
24.98318,121.21708,76532 東鐿營造-A20興南站,RT202500005656,1.0,16.0,1,0,桃園市中壢區中豐北路一段685號-A20興南站,5A-平鎮倉,1x,N_1046,2,國1-中壢,N1,1.476920801804437
24.98321,121.11169,74193 康捷建設-新屋,RT20250000010771,1.0,8.0,1,0,桃園市新屋區清華里北勢41之22號旁,5A-平鎮倉,1x,N_1047,1,台61-觀音,TH61,7.2187219799766025
24.98326,121.22007,74669 聖?營造-昭揚大綻,RT20240000012560,1.0,8.0,1,0,桃園市中壢區新生路轉興北二路約500公尺,5A-平鎮倉,1x,N_1048,1,國1-中壢,N1,1.1601093192020169
24.98331,121.31176,75954 菁宣營造-桃園,RT202500002923,1.0,8.0,1,0,桃園市桃園區建華二街5巷1號,5A-平鎮倉,1x,N_1049,1,國3-三鶯,N3,4.8936445761513285
24.98332,121.21975,73335 昭林建設-中壢A20,RT20250000010826,1.0,8.0,1,0,桃園市中壢區興東路&興北二路交叉口,5A-平鎮倉,1x,N_1050,1,國1-中壢,N1,1.1959440007373627
24.98342,121.5425,62356 德府建設-新店,RT202500007461,1.0,8.0,1,0,新北市新店區中興路３段247巷工地-電聯定位,5A-平鎮倉,1x,N_1051,1,國3-深坑,N3,8.797158904691988
24.98369,121.11181,74193 康捷建設-新屋,RT20250000010820,1.0,24.0,1,0,桃園市新屋區清華里北勢41之22號旁,5A-平鎮倉,1x,N_1052,3,台61-觀音,TH61,7.1787847576177874
24.98381,121.21903,77174 誠宏建設-興東路,RT202500008745,1.0,16.0,1,0,桃園市中壢區興東路跟新生路二段373巷交叉路口,5A-平鎮倉,1x,N_1053,2,國1-中壢,N1,1.2890202081425641
24.98399,121.54176,75554 東鐿營造-新店,RT202500001317,1.0,16.0,1,0,新北市新店區寶安街56號,5A-平鎮倉,1x,N_1054,2,國3-深坑,N3,8.864597671734241
24.98406,121.31353,68966 展志建設-桃園,RT20250000011201,1.0,8.0,1,0,桃園市桃園區昆明路125號對面,5A-平鎮倉,1x,N_1055,1,國3-三鶯,N3,4.943108676177062
24.98435,121.28102,76471 德億營造-茄明二期,RT20250000012873,1.0,16.0,1,0,桃園市八德區茄苳路79號對面-追加,5A-平鎮倉,1x,N_1056,2,國1-桃園,N1,5.245455184338044
24.98439,121.41333,72562 僕人營造-樹林,RT20250000010782,1.0,8.0,1,0,新北市樹林區大安路537巷7弄3號,5A-平鎮倉,1x,N_1057,1,國3-樹林,N3,1.6053263471949866
24.98458,121.28087,76471 德億營造-茄明二期,RT202500005346,1.0,8.0,1,0,桃園市八德區茄苳路79號對面,5A-平鎮倉,1x,N_1058,1,國1-桃園,N1,5.2152677581590545
24.98473,121.0334,63445 永豐餘工業,RT20240000010493,1.0,8.0,1,0,桃園市新屋區永福路686號旁工地,5A-平鎮倉,1x,N_1059,1,台61-觀音,TH61,8.024565263046833
24.98481,121.33022,75787 長友營造-欣興電子,RT202500005436,1.0,16.0,0,1,桃園市龜山區山鶯路文華巷2號,5A-平鎮倉,2x,N_1060,2,國3-三鶯,N3,5.101635955700782
24.98488,121.58827,73887 亞福工程-文山,RT202500009329,1.0,8.0,1,0,臺北市文山區萬壽路75巷口,5A-平鎮倉,1x,N_1061,1,國3-深坑,N3,3.901468101024005
24.98489,121.32083,74768 富泰營造-友華生技,RT20250000011076,1.0,16.0,0,1,桃園市桃園區興隆路6-1號,5A-平鎮倉,2x,N_1062,2,國3-三鶯,N3,4.983641652546739
24.98493,121.31106,77386 憶泰營造-建國路,RT202500009648,1.0,8.0,1,0,桃園市桃園區建國路123巷22號對面工地,5A-平鎮倉,1x,N_1063,1,國3-三鶯,N3,5.084997713715903
24.98493,121.33045,75787 長友營造-欣興電子,RT202500005433,1.0,16.0,0,1,桃園市龜山區山鶯路文華巷2號,5A-平鎮倉,2x,N_1064,2,國3-三鶯,N3,5.120346382365011
24.98502,121.08212,76491 勤本建設-後湖路,"RT20250000010010,RT202500005633",1.0,18.0,1,0,"桃園市新屋區後湖路24°59'05.4""N 121°04'56.8""E(東興路區)",5A-平鎮倉,1x,N_1065,3,台61-觀音,TH61,6.107315222812795
24.98503,121.48911,73607 連霆環保-中和,RT202500007418,1.0,8.0,1,0,新北市中和區圓通路369巷30弄16號,5A-平鎮倉,1x,N_1066,1,台64-板橋,TH64,4.257096739916073
24.98521,121.16077,76559 祥瀛營造-崙坪五路,RT202500005763,1.0,8.0,1,0,桃園市觀音區崙坪五路208巷口,5A-平鎮倉,1x,N_1067,1,國1-平鎮系統,N1,7.41919964531149
24.98524,121.28114,73659 德億營造-億邸,RT202400008171,1.0,8.0,1,0,桃園市八德區中華路77號,5A-平鎮倉,1x,N_1068,1,國1-桃園,N1,5.180213379890233
24.98525,121.28136,73659 德億營造-億邸,RT202500005132,"12.0,6.0",48.0,1,0,桃園市八德區中華路77號,5A-平鎮倉,1x,N_1069,2,國1-桃園,N1,5.1957155507306325
24.98528,121.2811,73659 德億營造-億邸,RT20250000010586,18.0,24.0,1,0,桃園市八德區中華路77號-18F,5A-平鎮倉,1x,N_1070,1,國1-桃園,N1,5.17394373533345
24.98537,121.28132,73659 德億營造-億邸,RT202400008207,1.0,8.0,1,0,桃園市八德區中華路77號,5A-平鎮倉,1x,N_1071,1,國1-桃園,N1,5.182855309122102
24.98546,121.54151,77601 信昇昌營造-新店區,RT20250000010636,1.0,8.0,1,0,新北市新店區中興路三段206巷1弄17號旁,5A-平鎮倉,1x,N_1072,1,國1-台北,N1,8.778782004110706
24.98547,121.24434,75350 長友營造-中壢合江二路7號,RT2025000296,1.0,16.0,1,0,桃園市中壢區合江二路7號,5A-平鎮倉,1x,N_1073,2,國1-中壢,N1,1.7036113513640188
24.98548,121.46393,75763 鵬宇營造-土城,RT202500002133,1.0,8.0,1,0,新北市土城區延吉街296巷36號,5A-平鎮倉,1x,N_1074,1,台64-板橋,TH64,2.7564572137623697
24.9857,121.15444,76300 翔鈺營造-觀音,RT202500004327,1.0,8.0,1,0,桃園市觀音區忠富路上大段108巷口,5A-平鎮倉,1x,N_1075,1,國1-平鎮系統,N1,7.9853708589895716
24.986,121.04597,73625 駿踴建設-新屋永田,RT202500007440,1.0,8.0,1,0,桃園市新屋區永田路到底工地,5A-平鎮倉,1x,N_1076,1,台61-觀音,TH61,7.084931751887178
24.98625,121.32974,75321 麗明-星科技龜山工業區,RT20250000012903,1.0,16.0,1,0,桃園市龜山區中興路2號-微星科技,5A-平鎮倉,1x,N_1077,2,國3-三鶯,N3,5.2463561413707405
24.98637,121.10607,78306 中鼎營造事業-新屋區龍安工程,RT20250000013629,1.0,8.0,1,0,桃園市新屋區新華路一段37巷-附地標,5A-平鎮倉,1x,N_1078,1,台61-觀音,TH61,6.619009019317051
24.98653,121.50759,70653 欣洋營造-中和,RT202500009931,1.0,8.0,1,0,新北市中和區南山路320巷工地,5A-平鎮倉,1x,N_1079,1,台64-板橋,TH64,5.889958516747072
24.98673,121.32951,75321 麗明-星科技龜山工業區,RT202500008949,1.0,16.0,1,0,桃園市龜山區中興路2號-微星科技,5A-平鎮倉,1x,N_1080,2,國3-三鶯,N3,5.293353633850809
24.98674,121.43357,62607 立達企業社,RT2025000861,1.0,8.0,1,0,新北市板橋區環漢路四段668之1號,5D-五股倉,1x,N_1081,1,國3-樹林,N3,3.7437989759731582
24.98674,121.43384,74188 鼎盛環工,RT202500009807,1.0,8.0,1,0,新北市板橋區環漢路四段668之3號,5D-五股倉,1x,N_1082,1,國3-樹林,N3,3.7736297641922976
24.98677,121.44646,52749 文強-土城區,RT20250000011841,1.0,16.0,0,1,新北市土城區中央路一段189巷內-停車場,5A-平鎮倉,2x,N_1083,2,台64-板橋,TH64,2.9845679091785184
24.9868,121.52919,77438 國隆營造工程股份有限公司,RT20250000012058,1.0,8.0,1,0,新北市新店區溪園路87號,5A-平鎮倉,1x,N_1084,1,台64-板橋,TH64,8.100335637991302
24.98713,121.33321,77959 桃園市立幸福國中-籃球場,RT20250000012199,1.0,8.0,1,0,桃園市龜山區中興路100巷20號-幸福國中 後方籃球場,5A-平鎮倉,1x,N_1085,1,國3-三鶯,N3,5.4330401122207235
24.98719,121.56166,58587 新亞建設-I基地,RT20250000013578,1.0,48.0,0,1,臺北市文山區興隆路４段109巷工地-電聯定位,5A-平鎮倉,2x,N_1086,6,國3-深坑,N3,6.630010301327008
24.9882,121.31391,76394 旺邦營造-桃園火車站,RT202500005047,1.0,24.0,1,0,桃園市桃園區大林路&延平路口-桃園火車站旁,5A-平鎮倉,1x,N_1087,3,國3-三鶯,N3,5.3927360884893405
24.98839,121.56246,75400 忠明-木柵A1,RT202500001240,1.0,8.0,1,0,臺北市文山區木柵路2段200號旁-木柵A1,5A-平鎮倉,1x,N_1088,1,國3-深坑,N3,6.515656223873739
24.98842,121.07495,73494 勤本建設-新屋,RT202500007300,1.0,8.0,1,0,桃園市新屋區東興路一段752巷60號附近工地,5A-平鎮倉,1x,N_1089,1,台61-觀音,TH61,5.752755204847219
24.98848,121.56597,73401 永琪營造-象山,RT202400007151,1.0,8.0,1,0,臺北市文山區木柵路三段43號,5A-平鎮倉,1x,N_1090,1,國3-深坑,N3,6.132136003654489
24.98853,121.58425,69072 寬洋營造-文山,RT20250000013056,1.0,8.0,1,0,臺北市文山區政大二街129號旁小公園,5A-平鎮倉,1x,N_1091,1,國3-深坑,N3,4.16748964142758
24.98882,121.5624,75400 忠明-木柵A1,RT20250000011709,1.0,16.0,1,0,臺北市文山區木柵路2段200號旁-木柵A1,5A-平鎮倉,1x,N_1092,2,國3-深坑,N3,6.512921949510146
24.98889,121.37161,70979 北天真武玄財殿,RT202500003987,1.0,8.0,1,0,桃園市龜山區大同路1390號,5A-平鎮倉,1x,N_1093,1,國3-樹林,N3,3.1536977293648647
24.98891,121.56234,75400 忠明-木柵A1,RT202500008619,1.0,24.0,1,0,臺北市文山區木柵路2段200號旁,5A-平鎮倉,1x,N_1094,3,國3-深坑,N3,6.517565837618956
24.98922,121.56523,77828 大信營造-木柵段一小段919-1,RT20250000011540,1.0,8.0,1,0,臺北市文山區久康街45號,5A-平鎮倉,1x,N_1095,1,國3-深坑,N3,6.196108389731953
24.98939,121.19968,69718 大維-啟文段二期,RT20250000012779,1.0,16.0,1,0,桃園市中壢區五聖路26巷36號,5A-平鎮倉,1x,N_1096,2,國1-中壢,N1,3.523222007552514
24.99064,121.34672,76126 連莉建設-龜山,RT202500003724,1.0,8.0,1,0,桃園市龜山區明成街101巷與大同路281巷口,5A-平鎮倉,1x,N_1097,1,國3-樹林,N3,5.91450665127711
24.99079,121.57762,75108 大業工程-文山,RT20250000013546,"1.0,5.0,9.0",42.0,1,0,臺北市文山區秀明路二段163巷工地,5A-平鎮倉,1x,N_1098,3,國3-深坑,N3,4.813982468654076
24.99112,121.17306,77495 首善營造-銜接#70111 達笙建設,"RT20250000010108,RT20250000011276",1.0,16.0,1,0,桃園市中壢區內厝十一路工地,5A-平鎮倉,1x,N_1099,2,國1-中壢,N1,6.439739402956906
24.9915,121.37297,72505 順業-大棟山,RT202400003327,1.0,16.0,1,0,桃園市龜山區大棟山路111號,5A-平鎮倉,1x,N_1100,2,國3-樹林,N3,3.004946315478369
24.9916,121.47742,78328 連霆-中和區連城路,RT20250000013766,1.0,8.0,1,0,新北市中和區和城路一段612號(阿昆停車場旁),5A-平鎮倉,1x,N_1101,1,台64-板橋,TH64,2.8125227224685787
24.99161,121.34014,76193 旭源營造--大同段748地號,RT202500003899,1.0,16.0,1,0,桃園市龜山區明德路162巷-大同段748地號,5A-平鎮倉,1x,N_1102,2,國3-三鶯,N3,6.1494517931036885
24.99161,121.51608,70818 宏民營造-景平站,RT20250000010142,1.0,16.0,1,0,新北市中和區景平路121號,5A-平鎮倉,1x,N_1103,2,台64-板橋,TH64,6.551030138727183
24.99163,121.29366,77132 高鼎盛開發-延壽街,RT202500008554,1.0,8.0,1,0,桃園市桃園區延壽街7號旁工地,5A-平鎮倉,1x,N_1104,1,國1-桃園,N1,5.7795222858383495
24.99179,121.2902,77870 好記營造-中興北路,RT20250000011679,1.0,16.0,1,0,桃園市桃園區中山路812巷27弄11號-附圖定位,5A-平鎮倉,1x,N_1105,2,國1-桃園,N1,5.451268765718417
24.99207,121.04209,75068 成莊廣告-新屋,"RT20250000013359,RT20250000013361",1.0,16.0,1,0,桃園市新屋區保安路一段177巷(永安國小圍牆右轉巷內約500公尺),5A-平鎮倉,1x,N_1106,2,台61-觀音,TH61,6.783228981318401
24.99218,121.30771,69556 愷侖-南華街,RT20250000013398,1.0,8.0,1,0,桃園市桃園區南華街130號,5A-平鎮倉,1x,N_1107,1,國3-三鶯,N3,5.950466089013343
24.99228,121.13654,73709 壹錦瀨景園-觀音,RT20250000012840,1.0,8.0,1,0,桃園市觀音區大湖路10巷95號旁,5A-平鎮倉,1x,N_1108,1,台61-觀音,TH61,8.212477358872624
24.99272,121.27701,76131 昕和建設-國強十三街,RT202500003766,1.0,8.0,1,0,桃園市桃園區(近八德)國強十三街30號,5A-平鎮倉,1x,N_1109,1,國1-桃園,N1,4.261212510366447
24.99282,121.29266,68542 嘉順-延壽街,RT202500009848,1.0,8.0,1,0,桃園市桃園區延壽街60號,5A-平鎮倉,1x,N_1110,1,國1-桃園,N1,5.614699955295803
24.9929,121.30778,65184 築億-西廟,RT202500002467,1.0,16.0,1,0,桃園市桃園區中山路222號-西廟,5A-平鎮倉,1x,N_1111,2,國3-三鶯,N3,6.026531741092593
24.99315,121.54235,77611 怡富開發-怡富景?,RT20250000012825,1.0,8.0,1,0,臺北市文山區景美街5巷23號,5A-平鎮倉,1x,N_1112,1,國1-台北,N1,8.044280355942034
24.99406,121.14737,76934 閎景工程-嘉富路,RT202500007463,1.0,8.0,1,0,桃園市觀音區嘉富路768號-附圖自行定位,5A-平鎮倉,1x,N_1113,1,台61-觀音,TH61,9.05123192501952
24.99436,121.131,76809 順業營造-青林農場,RT20250000013926,1.0,8.0,1,0,桃園市觀音區大湖路二段131之1號-青林農場旁,5A-平鎮倉,1x,N_1114,1,台61-觀音,TH61,7.596820537672394
24.99444,121.3139,73022 忠謀營造-岑維旅館,RT202500004852,1.0,8.0,1,0,桃園市桃園區朝陽街一段92號,5A-平鎮倉,1x,N_1115,1,國3-三鶯,N3,6.0806561879124414
24.99525,121.11121,72672 清竹建設,"RT202500003503,RT202500003504",1.0,16.0,1,0,桃園市新屋區新華路1段511巷46號,5A-平鎮倉,1x,N_1116,2,台61-觀音,TH61,6.055990120418108
24.99535,121.17715,74339 盛鑫營造-劉邦禎,RT20250000012153,1.0,8.0,1,0,桃園市中壢區山錦路96號對面工地,5A-平鎮倉,1x,N_1117,1,國1-中壢,N1,6.108777876548443
24.9957,121.51794,73707 山華行營造-永和,RT202500005220,5.0,20.0,1,0,新北市永和區民有街100號,5A-平鎮倉,1x,N_1118,1,台64-板橋,TH64,6.624323020928537
24.9958,121.51781,73707 山華行營造-永和,RT202500005147,10.0,20.0,1,0,新北市永和區民有街100號,5A-平鎮倉,1x,N_1119,1,台64-板橋,TH64,6.607657708152398
24.99588,121.51762,73707 山華行營造-永和,RT202400008338,1.0,8.0,1,0,新北市永和區民有街100號,5A-平鎮倉,1x,N_1120,1,台64-板橋,TH64,6.585059259778964
24.99592,121.19405,76044 廣川建設-廣川市,RT202500003223,1.0,8.0,1,0,桃園市中壢區崇德二路43號旁,5A-平鎮倉,1x,N_1121,1,國1-中壢,N1,4.364218635322963
24.99598,121.51992,77452 泓鼎開發-泓鼎秀山,RT202500009983,1.0,8.0,1,0,新北市中和區自強路8巷3號,5A-平鎮倉,1x,N_1122,1,台64-板橋,TH64,6.8307552981210335
24.99623,121.42962,73858 新高山-樹林吳秉修,RT202500009499,1.0,8.0,1,0,新北市樹林區樹新路50巷巷底,5A-平鎮倉,1x,N_1123,1,國3-樹林,N3,3.359758040885698
24.99647,121.29316,74840 京澄建設-中路二段316地號 | 76106 京澄建設-文中一路,"RT202500003644,RT202500003645",1.0,16.0,1,0,桃園市桃園區文中一路與文中一路25巷交叉口,5A-平鎮倉,1x,N_1124,2,國1-桃園,N1,5.456467476903062
24.99649,121.19339,76044 廣川建設-廣川市,RT20250000013478,1.0,8.0,1,0,桃園市中壢區崇德二路43號旁-追加,5A-平鎮倉,1x,N_1125,1,國1-中壢,N1,4.456912217691712
24.99649,121.29325,74840 京澄建設-中路二段316地號,RT20240000013197,1.0,8.0,1,0,桃園市桃園區文中路 & 文中一路交叉口,5A-平鎮倉,1x,N_1126,1,國1-桃園,N1,5.4641801685705245
24.99662,121.15463,73811 友泉營造-忠愛莊,RT202400008773,1.0,16.0,1,0,桃園市觀音區崙坪八路-google牛津villa3,5A-平鎮倉,1x,N_1127,2,國1-中壢,N1,8.567058309438083
24.99673,121.30844,76883 達龍營造-宜暘青安,RT202500007244,1.0,8.0,1,0,桃園市桃園區新生路110號旁,5A-平鎮倉,1x,N_1128,1,國3-三鶯,N3,6.426436524738591
24.99692,121.10007,72307 發樂寶-石橋段,RT202500009379,1.0,8.0,1,0,桃園市觀音區(新屋區)成功路１段647號後面工地-電聯帶定位,5A-平鎮倉,1x,N_1129,1,台61-觀音,TH61,5.275351695129128
24.99708,121.30239,65988 嘉順-桃園,RT202500007263,1.0,8.0,1,0,桃園市桃園區孝一街96號旁工地,5A-平鎮倉,1x,N_1130,1,國1-桃園,N1,6.34745180040801
24.9972,121.14346,76604 元展開發-正大路,RT202500005897,1.0,8.0,1,0,桃園市觀音區正大路585巷15號,5A-平鎮倉,1x,N_1131,1,台61-觀音,TH61,8.496404058400799
24.99722,121.26242,72290 廣川建設-蘆竹,"RT20240000010149,RT202400005046,RT202500003563",1.0,24.0,1,0,桃園市蘆竹區龍安街二段476號對面,5A-平鎮倉,1x,N_1132,3,國1-桃園,N1,2.8799843612079403
24.99741,121.2943,77148 福鄉營造-333地號,RT202500008588,1.0,8.0,1,0,桃園市桃園區力行路469巷58號5號對面工地,5A-平鎮倉,1x,N_1133,1,國1-桃園,N1,5.51972330738671
24.99775,121.54783,68939 萬松-富品靜心,RT202500002856,1.0,8.0,1,0,臺北市文山區景華街171號,5A-平鎮倉,1x,N_1134,1,國1-台北,N1,7.896752042415888
24.9978,121.54786,68939 萬松-富品靜心,RT20250000010415,8.0,19.0,1,0,臺北市文山區景華街171號-8F,5A-平鎮倉,1x,N_1135,1,國1-台北,N1,7.893824604815631
24.99782,121.54786,68939 萬松-富品靜心,"RT202500005960,RT202500007113","1.0,4.0",27.0,1,0,臺北市文山區景美街171號,5A-平鎮倉,1x,N_1136,2,國1-台北,N1,7.891945441524148
24.99787,121.34683,69705 百川建設-萬壽路,RT20250000012629,1.0,16.0,0,1,桃園市龜山區萬壽路二段601巷旁,5A-平鎮倉,2x,N_1137,2,國3-樹林,N3,5.966170802266003
24.99824,121.21108,77196 鴻聖營造-中壢區,RT202500009058,1.0,16.0,1,0,桃園市中壢區東芝路123巷32號,5A-平鎮倉,1x,N_1138,2,國1-中壢,N1,2.917134063426529
24.99834,121.29058,73891 坤宥營造-桃園,RT20250000013179,1.0,8.0,1,0,桃園市桃園區力行路698號對面,5A-平鎮倉,1x,N_1139,1,國1-桃園,N1,5.1058696939900425
24.99844,121.2978,71061 誠永,RT20250000011505,1.0,16.0,1,0,桃園市桃園區保定三街95號,5A-平鎮倉,1x,N_1140,2,國1-桃園,N1,5.8205436537831075
24.99896,121.55032,73960 穩曜營造-文山,RT202400009470,1.0,8.0,1,0,臺北市文山區興隆路二段96巷39號,5A-平鎮倉,1x,N_1141,1,國3-深坑,N3,7.735341444565268
24.99921,121.24694,74085 林日新,RT202500009449,1.0,16.0,1,0,桃園市中壢區合圳北路二段160巷20弄11號,5A-平鎮倉,1x,N_1142,2,國1-桃園,N1,2.3325526900156817
24.9997,121.15768,73227 凱田建設-藝境,RT202500009402,1.0,16.0,1,0,桃園市觀音區忠愛路二段281號,5A-平鎮倉,1x,N_1143,2,國1-中壢,N1,8.32002008653878
25.00032,121.60472,74061 鑫堡營造-深坑,RT20250000012445,1.0,8.0,1,0,新北市深坑區北深路三段93巷40號旁,5D-五股倉,1x,N_1144,1,國3-深坑,N3,1.6964518964007091
25.00077,121.25512,68690 法渥貿易有限公司,RT20250000012603,1.0,8.0,1,0,桃園市蘆竹區龍林街845巷32號(靠近中壢休息站旁貨櫃),5A-平鎮倉,1x,N_1145,1,國1-桃園,N1,2.2088924698365897
25.0009,121.20957,74219 世泓營造-中壢,RT20240000010549,1.0,8.0,1,0,桃園市中壢區領航南路一段&文昌路交叉口,5A-平鎮倉,1x,N_1146,1,國1-中壢,N1,3.2441540288498714
25.00091,121.20964,74219 世泓營造-中壢,RT202500003818,1.0,16.0,1,0,桃園市中壢區領航南路一段&文昌路交叉口,5A-平鎮倉,1x,N_1147,2,國1-中壢,N1,3.2395225916337984
25.00096,121.20964,74219 世泓營造-中壢,RT202500005788,1.0,8.0,1,0,桃園市中壢區領航南路一段&文昌路交叉口,5A-平鎮倉,1x,N_1148,1,國1-中壢,N1,3.2435012926164815
25.0014,121.29948,77145 陳聖涵-同#75297#76616,RT202500008577,1.0,8.0,1,0,桃園市桃園區力行路222巷33號,5A-平鎮倉,1x,N_1149,1,國1-桃園,N1,5.867513336874735
25.00144,121.30739,75371 宜康建設-正康一街,RT2025000381,1.0,8.0,1,0,桃園市桃園區正康一街81號旁,5A-平鎮倉,1x,N_1150,1,國1-南崁,N1,6.2506757162484226
25.00164,121.30664,69793 六大營造-陸昇中正案,"RT202500002755,RT202500007207","1.0,4.0",48.0,1,0,桃園市桃園區中正路457號旁,5A-平鎮倉,1x,N_1151,4,國1-南崁,N1,6.204273682164572
25.00165,121.52323,70021 志鑫-林森段725地號,RT202300008457,1.0,8.0,1,0,新北市永和區秀朗路二段91巷,5A-平鎮倉,1x,N_1152,1,國1-台北,N1,6.42493026292079
25.00178,121.18291,74313 龍天宮,RT20250000010976,1.0,8.0,1,0,桃園市中壢區圓光路一段582巷38號-龍天宮,5A-平鎮倉,1x,N_1153,1,國1-中壢,N1,5.759003170384313
25.00186,121.30671,69793 六大營造-陸昇中正案,"RT20250000011899,RT202500006021,RT202500008613","11.0,15.0,7.0",64.0,1,0,桃園市桃園區中正路457號旁,5A-平鎮倉,1x,N_1154,4,國1-南崁,N1,6.1832915399238875
25.0019,121.20959,76246 東殿-85地號,RT202500004168,1.0,8.0,1,0,桃園市中壢區文智路181號對面,5A-平鎮倉,1x,N_1155,1,國1-中壢,N1,3.3229219626856157
25.00221,121.47149,66809 直佑-中和,RT202500009902,1.0,16.0,1,0,新北市中和區莒光路84巷與國光街112巷交叉口,5A-平鎮倉,1x,N_1156,2,台64-板橋,TH64,1.5408791153762096
25.00254,121.30108,73980 鈜基營造-桃園,RT202500009219,1.0,8.0,1,0,桃園市桃園區愛二街&愛國街交叉口,5A-平鎮倉,1x,N_1157,1,國1-南崁,N1,5.951523550990782
25.00256,121.29644,78173 萬寧工程-慈文路,RT20250000013122,1.0,8.0,1,0,桃園市桃園區慈文路500號,5A-平鎮倉,1x,N_1158,1,國1-桃園,N1,5.506346513906009
25.00258,121.30385,78196 佳銳營造-愛一街,RT20250000013216,1.0,8.0,1,0,桃園市桃園區愛一街8號-附地標,5A-平鎮倉,1x,N_1159,1,國1-南崁,N1,6.0182874413655885
25.00276,121.5148,76928 紅林建設-四號公園,RT202500007443,1.0,8.0,1,0,新北市中和區安樂路-四號公園(八二三紀念公園),5A-平鎮倉,1x,N_1160,1,台64-板橋,TH64,6.135657510780796
25.00277,121.14829,73694 誠堡建設-忠愛段890-1,RT20250000012520,1.0,8.0,1,0,桃園市觀音區正大路165巷,5A-平鎮倉,1x,N_1161,1,台61-觀音,TH61,8.633486238884348
25.00285,121.51044,73126 順泰營造-雙和段,RT202400006040,1.0,8.0,1,0,新北市永和區中和路501巷13號,5A-平鎮倉,1x,N_1162,1,台64-板橋,TH64,5.654811196504407
25.00289,121.1606,70837 煜承營造-諾瓦材料,RT20250000013138,1.0,8.0,1,0,桃園市中壢區(觀音區)忠愛路二段198之215號對面,5A-平鎮倉,1x,N_1163,1,國1-中壢,N1,8.111595735988269
25.00293,121.14491,73729 穩曜營造-觀音,RT202400008420,1.0,8.0,1,0,桃園市觀音區正大路250巷51號,5A-平鎮倉,1x,N_1164,1,台61-觀音,TH61,8.297198397832613
25.00299,121.31485,75695 啟程營造有限公司,RT202500001793,1.0,8.0,1,0,桃園市桃園區中央街218號,5A-平鎮倉,1x,N_1165,1,國1-南崁,N1,6.398225831791141
25.00304,121.31483,75106 宏濱營造-富櫻翫,RT202500002925,1.0,8.0,1,0,桃園市桃園區中央街293號對面,5A-平鎮倉,1x,N_1166,1,國1-南崁,N1,6.3922610186457485
25.0031,121.20669,60294 宏昇營造-中壢,RT20250000013550,1.0,32.0,1,0,桃園市中壢區文德路與高鐵南路二段交叉口-電聯定位,5A-平鎮倉,1x,N_1167,4,國1-中壢,N1,3.642704945243989
25.00313,121.15226,72220 鼎石-忠愛段,RT20250000012703,1.0,8.0,1,0,桃園市觀音區忠愛路三段178號旁,5A-平鎮倉,1x,N_1168,1,國1-中壢,N1,9.002985834961084
25.00316,121.1473,73694 誠堡建設-忠愛段890-1,RT20250000012519,1.0,8.0,1,0,桃園市觀音區正大路165巷,5A-平鎮倉,1x,N_1169,1,台61-觀音,TH61,8.516294139330979
25.00344,121.30775,77467 優美地建設-正康一街,RT20250000013356,1.0,8.0,1,0,桃園市桃園區正康一街136巷14號旁,5A-平鎮倉,1x,N_1170,1,國1-南崁,N1,6.052804758795277
25.00361,121.21304,69935 正鋒水電,RT202500005663,1.0,64.0,0,1,桃園市大園區(中壢區)致維街&公園路一段路口,5A-平鎮倉,2x,N_1171,8,國1-中壢,N1,3.2267868007815
25.00366,121.34454,78372 尚美營造-龜山區忠義路,RT20250000013994,1.0,8.0,1,0,桃園市龜山區忠義路一段與楓樹七街交叉口-電聯定位,5A-平鎮倉,1x,N_1172,1,國3-樹林,N3,6.340040939238103
25.00369,121.31147,66232 合輝建設開發-桃園,RT20250000012281,1.0,8.0,1,0,桃園市桃園區朝陽街&青溪二路交叉口工地,5A-平鎮倉,1x,N_1173,1,國1-南崁,N1,6.1739123995241245
25.00391,121.62932,75818 五昌營造-昇高段廠房,RT202500002393,1.0,8.0,1,0,新北市深坑區文山路一段30巷對面,5D-五股倉,1x,N_1174,1,國3-深坑,N3,1.1218717887979333
25.00401,121.31474,75106 宏濱營造-富櫻翫,RT20250000012454,1.0,8.0,1,0,桃園市桃園區中央街293號對面,5A-平鎮倉,1x,N_1175,1,國1-南崁,N1,6.290917239297852
25.00425,121.29797,77530 羅大為-慈華街,RT20250000010285,1.0,8.0,1,0,桃園市桃園區慈華街8號旁,5A-平鎮倉,1x,N_1176,1,國1-桃園,N1,5.604327673450931
25.00428,121.222,69931 寶中建設-青埔八街,RT202500007371,1.0,16.0,1,0,桃園市中壢區青埔八街66號旁工地,5A-平鎮倉,1x,N_1177,2,國1-中壢,N1,2.8376046599909768
25.00449,121.29141,69821 嘉駿建設-中路C區,RT202500007604,1.0,8.0,1,0,桃園市桃園區吉安街102號-追加,5A-平鎮倉,1x,N_1178,1,國1-桃園,N1,4.908344443108966
25.00452,121.29146,69821 嘉駿建設-中路C區,"RT20240000014874,RT202500001696,RT202500001698","1.0,9.0",56.0,1,0,桃園市桃園區吉安街102號,5A-平鎮倉,1x,N_1179,4,國1-桃園,N1,4.912376451576243
25.0046,121.29159,69821 嘉駿建設-中路C區,"RT202500009242,RT202500009243",17.0,44.0,1,0,桃園市桃園區吉安街102號-A棟17F,5A-平鎮倉,1x,N_1180,2,國1-桃園,N1,4.922806951333679
25.00463,121.22265,74353 詮達營造-青平段,RT20250000010254,1.0,8.0,1,0,桃園市中壢區青埔七街&青埔八街交叉口,5A-平鎮倉,1x,N_1181,1,國1-中壢,N1,2.853065801449285
25.00475,121.29523,77089 福鄉營造-中央三段41地號,RT202500008199,1.0,8.0,1,0,桃園市桃園區永安路與溫州一街交叉口,5A-平鎮倉,1x,N_1182,1,國1-桃園,N1,5.298218950119314
25.00498,121.22016,77673 軒程工程有限公司,RT20250000011027,1.0,8.0,1,0,桃園市中壢區青埔六街220號隔壁,5A-平鎮倉,1x,N_1183,1,國1-中壢,N1,2.980150524050565
25.00504,121.51157,69516 裕臺營造-永和,RT20250000012892,1.0,8.0,1,0,新北市永和區永貞路273號,5A-平鎮倉,1x,N_1184,1,台64-板橋,TH64,5.750685467534782
25.00508,121.29155,69821 嘉駿建設-中路C區,"RT20240000014290,RT20240000014291",5.0,40.0,1,0,桃園市桃園區吉安街102號-A棟,5A-平鎮倉,1x,N_1185,2,國1-桃園,N1,4.900381480752381
25.0051,121.45936,68442 玖恩-板橋,RT2025000715,1.0,8.0,1,0,新北市板橋區四川路１段88號,5D-五股倉,1x,N_1186,1,台64-板橋,TH64,0.5485197276308109
25.00515,121.29139,69821 嘉駿建設-中路C區,"RT202500004334,RT202500004335",13.0,40.0,1,0,桃園市桃園區吉安街102號,5A-平鎮倉,1x,N_1187,2,國1-桃園,N1,4.881040701183175
25.00547,121.3218,42073 全國食材,RT20250000013014,1.0,8.0,1,0,桃園市桃園區大有路85號 全國食材廣場有限公司,5A-平鎮倉,1x,N_1188,1,國1-南崁,N1,6.533423509071867
25.00548,121.29093,69821 嘉駿建設-中路C區,"RT202500009433,RT202500009434",21.0,44.0,1,0,桃園市桃園區吉安街102號-A棟21樓,5A-平鎮倉,1x,N_1189,2,國1-桃園,N1,4.82064105605296
25.00555,121.30483,75167 六大營造-六大中正案,RT20240000014640,1.0,16.0,1,0,桃園市桃園區中正路648巷&大連三街交叉口,5A-平鎮倉,1x,N_1190,2,國1-南崁,N1,5.7304725877885785
25.00566,121.22313,74983 弘信土木-青埔,RT20250000013237,1.0,8.0,1,0,桃園市中壢區青埔五街138號旁,5A-平鎮倉,1x,N_1191,1,國1-中壢,N1,2.948575593824941
25.00572,121.21955,77751 寬和營造-賴宏叡,RT20250000011306,1.0,8.0,1,0,桃園市中壢區青埔三街53號旁,5A-平鎮倉,1x,N_1192,1,國1-中壢,N1,3.0815665186559484
25.00594,121.51776,69322 上裕開發-永利段,RT202500007595,10.0,20.0,1,0,新北市永和區永利路8號,5A-平鎮倉,1x,N_1193,1,國1-台北,N1,5.8425039533747265
25.006,121.17609,71849 豐和邦-青城之愛三期,RT202500007150,5.0,24.0,1,0,桃園市中壢區圓光路二段283巷,5A-平鎮倉,1x,N_1194,2,國1-中壢,N1,6.643596291174111
25.00601,121.21984,77131 有嶼設計-青埔三街,RT202500008557,1.0,8.0,1,0,桃園市中壢區青埔三街85號旁工地,5A-平鎮倉,1x,N_1195,1,國1-中壢,N1,3.0995558987860496
25.00601,121.5176,69322 上裕開發-永利段,RT202500002834,1.0,8.0,1,0,新北市永和區永利路8號,5A-平鎮倉,1x,N_1196,1,國1-台北,N1,5.8322236198639805
25.00602,121.1761,71849 豐和邦-青城之愛三期,RT202500002637,1.0,8.0,1,0,桃園市中壢區圓光路二段283巷,5A-平鎮倉,1x,N_1197,1,國1-中壢,N1,6.643561332478063
25.00616,121.17611,71849 豐和邦-青城之愛三期,RT20240000013332,1.0,8.0,1,0,桃園市中壢區圓光路二段283巷,5A-平鎮倉,1x,N_1198,1,國1-中壢,N1,6.649333330621462
25.00616,121.21758,76263 中鼎營造-青平段,RT20250000011199,1.0,8.0,1,0,桃園市中壢區青埔路二段&青商路三段交叉口,5A-平鎮倉,1x,N_1199,1,國1-中壢,N1,3.214407448038027
25.0062,121.51751,69322 上裕開發-永利段,RT202500002835,"1.0,5.0",28.0,1,0,新北市永和區永利路8號,5A-平鎮倉,1x,N_1200,2,國1-台北,N1,5.80991442898253
25.00632,121.31055,78322 中毅營造-小檜溪D案,RT20250000013748,1.0,24.0,1,0,桃園市桃園區朝陽街506號旁工地,5A-平鎮倉,1x,N_1201,3,國1-南崁,N1,5.865218257908325
25.00648,121.17602,71849 豐和邦-青城之愛三期,RT20230000015722,1.0,8.0,1,0,桃園市中壢區圓光路二段283巷,5A-平鎮倉,1x,N_1202,1,國1-中壢,N1,6.673889007678565
25.00674,121.22136,78008 峰達視聽-工地,RT20250000012507,1.0,8.0,1,0,桃園市中壢區青埔四街220號附近,5A-平鎮倉,1x,N_1203,1,國1-中壢,N1,3.11923272315486
25.00701,121.4899,67528 恒昇-中和,RT20250000012305,1.0,8.0,1,0,新北市中和區立德街26巷5弄口工地-1F 追加,5A-平鎮倉,1x,N_1204,1,台64-板橋,TH64,3.3354532198951463
25.00707,121.21407,74288 嘉崴營造-青埔國小,RT20250000010159,1.0,16.0,1,0,桃園市中壢區新生路四段112號,5A-平鎮倉,1x,N_1205,2,國1-中壢,N1,3.4864423250353456
25.0074,121.48982,67528 恒昇-中和,RT20250000012266,1.0,8.0,1,0,新北市中和區立德街26巷5弄口工地-1F,5A-平鎮倉,1x,N_1206,1,台64-板橋,TH64,3.3225776680765025
25.00771,121.21214,75703 名川建築-觀音,RT202500001809,1.0,16.0,1,0,桃園市大園區(中壢區)致祥三街58號,5A-平鎮倉,1x,N_1207,2,國1-中壢,N1,3.6593380286192247
25.00778,121.30992,77291 久旺營造-朝陽街,RT202500009182,1.0,16.0,1,0,桃園市桃園區朝陽街508號,5A-平鎮倉,1x,N_1208,2,國1-南崁,N1,5.688720002847636
25.00798,121.21701,59794 華威營造,RT202500007401,1.0,32.0,0,1,桃園市中壢區領航南路２段與青埔路交岔口,5A-平鎮倉,2x,N_1209,4,國1-中壢,N1,3.424166494272771
25.008,121.18586,78149 豐和邦建設-月眉路二段,RT20250000013012,1.0,8.0,1,0,桃園市中壢區月眉路二段318巷,5A-平鎮倉,1x,N_1210,1,國1-中壢,N1,5.802168233651772
25.00822,121.51904,73608 永和花園,RT202400007978,1.0,8.0,1,0,新北市永和區福和路220號,5A-平鎮倉,1x,N_1211,1,國1-台北,N1,5.615952828327332
25.00828,121.29618,75847 威臺營造-永順街83巷,RT202500002491,1.0,8.0,1,0,桃園市桃園區永順街83巷2號,5A-平鎮倉,1x,N_1212,1,國1-南崁,N1,5.231093079538989
25.00829,121.17992,65721 家岳-中壢,RT20250000010971,1.0,32.0,1,0,桃園市中壢區月山路240號旁,5A-平鎮倉,1x,N_1213,4,國1-中壢,N1,6.384507818971573
25.00852,121.20492,70368 眾信營造-中壢,RT20250000012784,1.0,8.0,1,0,桃園市中壢區公園路二段206號旁,5A-平鎮倉,1x,N_1214,1,國1-中壢,N1,4.215657833933141
25.00852,121.25753,77120 亨瑞營造-龍安街二段,RT202500008521,1.0,8.0,1,0,桃園市蘆竹區龍安街二段1114號,5A-平鎮倉,1x,N_1215,1,國1-桃園,N1,1.5239426850443454
25.00856,121.21692,64523 鋒橋建設-46青蔦,RT20250000012655,1.0,16.0,1,0,桃園市中壢區青園路&青境路口(第四停車場旁),5A-平鎮倉,1x,N_1216,2,國1-中壢,N1,3.4868137260255057
25.00871,121.21624,64523 鋒橋建設-46青蔦,RT20250000012656,1.0,8.0,1,0,桃園市中壢區青園路&青境路口(第四停車場旁),5A-平鎮倉,1x,N_1217,1,國1-中壢,N1,3.533919431127685
25.00876,121.20074,77347 晃茂營造股份有限公司,RT202500009408,1.0,16.0,1,0,桃園市中壢區永裕路131號旁-中悅HLV工地,5A-平鎮倉,1x,N_1218,2,國1-中壢,N1,4.554092329894561
25.00882,121.55882,77591 和遠營造-文山區,RT20250000010579,1.0,8.0,1,0,臺北市文山區辛亥路四段21巷-上去左手邊工地,5A-平鎮倉,1x,N_1219,1,國3-深坑,N3,6.861187180132245
25.00906,121.20073,65057 璞承營造,RT20250000014047,1.0,80.0,0,1,桃園市中壢區永裕路76號旁工地,5A-平鎮倉,2x,N_1220,10,國1-中壢,N1,4.578284449060455
25.00925,121.5191,74222 億東營造-億安和和,RT202500009808,1.0,8.0,1,0,新北市永和區警光街27號旁,5A-平鎮倉,1x,N_1221,1,國1-台北,N1,5.504718755076919
25.00926,121.29709,77168 富迎鑫建-慈文段,RT202500008720,1.0,8.0,1,0,桃園市桃園區中埔二街8號旁,5A-平鎮倉,1x,N_1222,1,國1-南崁,N1,5.13777226428895
25.0095,121.38393,67313 立穩-龜山,RT20250000012598,1.0,8.0,1,0,桃園市龜山區東萬壽路389號(信華氣體旁工地),5A-平鎮倉,1x,N_1223,1,國3-樹林,N3,2.80479868491484
25.00986,121.2122,66111 華威營造-中壢,RT20240000013693,1.0,48.0,1,0,桃園市中壢區致祥一街&新生路交叉口工地,5A-平鎮倉,1x,N_1224,6,國1-中壢,N1,3.858682512413159
25.00992,121.51273,75904 新大營造-莒光路,RT202500002723,1.0,8.0,1,0,新北市永和區保福路一段68號旁,5A-平鎮倉,1x,N_1225,1,國1-台北,N1,5.345476154216624
25.00992,121.51773,69265 千瑞營造-國光路,RT20250000011155,1.0,8.0,1,0,新北市永和區國光路80號對面工地,5A-平鎮倉,1x,N_1226,1,國1-台北,N1,5.405414287110438
25.01036,121.20246,76566 豫德營造-民權路,RT202500005776,1.0,8.0,1,0,桃園市中壢區民權路四段535號旁,5A-平鎮倉,1x,N_1227,1,國1-中壢,N1,4.549891489387403
25.01051,121.30327,73147 陽明營造-百川新埔A區 | 74384 陽明營造-百川新埔B,"RT202500006900,RT202500006902",1.0,16.0,1,0,桃園市桃園區新埔三街43巷1號旁,5A-平鎮倉,1x,N_1228,2,國1-南崁,N1,5.1533810661542265
25.01051,121.48241,76513 菁宣營造-立德街,RT202500005548,1.0,8.0,1,0,新北市中和區立德街310號旁,5A-平鎮倉,1x,N_1229,1,台64-板橋,TH64,2.4881540732447207
25.01071,121.30336,74384 陽明營造-百川新埔B,RT20240000011149,1.0,8.0,1,0,桃園市桃園區新埔三街50號對面,5A-平鎮倉,1x,N_1230,1,國1-南崁,N1,5.134987290899308
25.01078,121.24476,71213 川洋建設-大園,RT20250000012803,1.0,8.0,1,0,桃園市中壢區中興路一段116巷121號,5A-平鎮倉,1x,N_1231,1,國1-桃園,N1,1.1771548691654274
25.01078,121.3066,73412 簡高文,RT20250000013551,1.0,8.0,1,0,桃園市桃園區慈文路66號旁,5A-平鎮倉,1x,N_1232,1,國1-南崁,N1,5.242877230719588
25.0108,121.20186,74347 漢曜建設-中壢,RT20240000010993,1.0,8.0,1,0,桃園市中壢區永明街66號,5A-平鎮倉,1x,N_1233,1,國1-中壢,N1,4.630841777863364
25.01086,121.51363,74040 紹華營造-頂溪大苑,RT202400009887,1.0,8.0,1,0,新北市永和區中山路一段36號,5A-平鎮倉,1x,N_1234,1,國1-台北,N1,5.248030815124733
25.01091,121.51362,74040 紹華營造-頂溪大苑,RT202500007574,1.0,8.0,1,0,新北市永和區中山路一段36號,5A-平鎮倉,1x,N_1235,1,國1-台北,N1,5.242412018575102
25.01109,121.27819,73326 松賀建設-桃園,RT20250000013221,1.0,8.0,1,0,桃園市桃園區永安路1298號,5A-平鎮倉,1x,N_1236,1,國1-桃園,N1,3.2816680222406114
25.01132,121.30573,76581 岳虹建設-同安街,RT202500007396,1.0,8.0,1,0,桃園市桃園區同安街24號,5A-平鎮倉,1x,N_1237,1,國1-南崁,N1,5.153288180501325
25.0114,121.45963,77441 吉將營造-板橋高中,RT20250000013452,1.0,8.0,1,0,新北市板橋區文化路一段25號-板橋高中,5D-五股倉,1x,N_1238,1,台64-板橋,TH64,0.16073551225473515
25.01169,121.20769,77632 華威營造-青溪段301,RT20250000010848,1.0,8.0,1,0,桃園市中壢區永順一街60號,5A-平鎮倉,1x,N_1239,1,國1-中壢,N1,4.3018653972670196
25.01171,121.53288,77107 晉通營造-中正區,RT202500008349,1.0,40.0,1,0,臺北市中正區思源街1號-自來水博物館附近,5A-平鎮倉,1x,N_1240,5,國1-台北,N1,5.731576657299395
25.01185,121.46713,75785 新福星-福德公園,RT20250000013295,1.0,24.0,1,0,新北市板橋區新站路3號-福德公園,5D-五股倉,1x,N_1241,3,台64-板橋,TH64,0.817636879917071
25.0122,121.51843,76445 忠謀營造-中興街,RT202500005276,1.0,8.0,1,0,新北市永和區中興街84巷2號,5A-平鎮倉,1x,N_1242,1,國1-台北,N1,5.169198494244319
25.01221,121.30363,74480 大英營造-新埔段,RT20240000011610,1.0,16.0,1,0,桃園市桃園區新埔六街2號對面-慈文國小對面工地,5A-平鎮倉,1x,N_1243,2,國1-南崁,N1,4.9848282097778895
25.01231,121.31042,74681 盛北營造-桃園,RT20250000011860,1.0,8.0,1,0,桃園市桃園區雙峰路22號,5A-平鎮倉,1x,N_1244,1,國1-南崁,N1,5.252789869440232
25.01232,121.29497,73546 康駿建設-桃園,RT202400007785,1.0,8.0,1,0,桃園市桃園區同德五街272號對面,5A-平鎮倉,1x,N_1245,1,國1-南崁,N1,4.769492272695362
25.01269,121.18405,74338 新藯營造-中壢,RT20250000010248,1.0,8.0,1,0,桃園市中壢區月眉路三段101號旁,5A-平鎮倉,1x,N_1246,1,國1-中壢,N1,6.259493237523664
25.01271,121.51068,75597 三鶯建設有限公司-永和區,RT202500001489,1.0,8.0,1,0,新北市永和區保福路二段69號旁,5A-平鎮倉,1x,N_1247,1,國1-台北,N1,5.027756609711865
25.01276,121.40085,72496 天澤營造股份有限公司-軒明精密,RT20250000011869,1.0,8.0,1,0,新北市樹林區(近新莊)工興街39號,5D-五股倉,1x,N_1248,1,國3-樹林,N3,2.528121194108568
25.01329,121.36905,73757 達龍營造-舊東路,RT20250000010779,1.0,8.0,1,0,桃園市龜山區東舊路街118巷71號,5A-平鎮倉,1x,N_1249,1,國3-樹林,N3,4.299479507871263
25.01342,121.52675,77163 鋐城營造-古亭河濱公園,RT202500008688,1.0,8.0,1,0,臺北市中正區同安街109巷10號-古亭河濱公園-臨近永福橋下,5A-平鎮倉,1x,N_1250,1,國1-台北,N1,5.28613991367052
25.01415,121.08205,77217 聚升營造-逸盛倉儲,RT202500008892,1.0,8.0,1,0,桃園市觀音區快速路9段868巷35號,5A-平鎮倉,1x,N_1251,1,台61-觀音,TH61,2.878358633839573
25.01442,121.42234,77066 東陞鼎營造-三俊街,RT202500008043,1.0,8.0,1,0,新北市樹林區三俊街255巷1-1號,5A-平鎮倉,1x,N_1252,1,國3-樹林,N3,3.673767991041563
25.01449,121.13798,75592 雙晟營造-觀音,RT202500001464,1.0,16.0,1,0,桃園市觀音區新生路76巷7弄1號旁,5A-平鎮倉,1x,N_1253,2,台61-觀音,TH61,7.03116486796471
25.01462,121.28612,70711 嘉崴-檢察署,RT20250000010686,1.0,24.0,1,0,桃園市桃園區富國路398巷旁工地,5A-平鎮倉,1x,N_1254,3,國1-桃園,N1,4.053550396232544
25.01528,121.22231,78397 郭主任裝修-青埔宮廟,RT20250000014066,1.0,20.0,1,0,桃園市中壢區青溪路二段35號-青埔宮廟,5A-平鎮倉,1x,N_1255,4,國1-桃園,N1,3.1179236126795296
25.01533,121.03552,69352 赫鴻工程-新屋,RT20250000011967,1.0,8.0,1,0,桃園市新屋區東興路1800巷79號斜對面(藻礁區),5A-平鎮倉,1x,N_1256,1,台61-觀音,TH61,5.645830678942874
25.01542,121.14475,78144 羅大為營造-新廣路,RT20250000012974,1.0,8.0,1,0,桃園市觀音區新廣路536巷1號旁工地,5A-平鎮倉,1x,N_1257,1,台61-觀音,TH61,7.687692760959295
25.01544,121.46422,77915 宜佳營造-板橋車站,RT20250000011835,1.0,16.0,1,0,新北市板橋區新站路-板橋車站旁,5D-五股倉,1x,N_1258,2,台64-板橋,TH64,0.7642251252087935
25.01574,121.57629,73662 大將作營造-紫雲街,RT20240000010429,1.0,8.0,1,0,臺北市信義區紫雲街71號,5A-平鎮倉,1x,N_1259,1,國3-深坑,N3,5.156797306051991
25.01587,121.24414,77162 弘棋-合圳北路,RT202500008687,1.0,8.0,1,0,桃園市大園區合圳北路三段296號旁,5A-平鎮倉,1x,N_1260,1,國1-桃園,N1,0.7957740109476866
25.0159,121.14453,73150 傑安開發-觀音,RT20240000013428,1.0,8.0,1,0,桃園市觀音區新廣路508巷,5A-平鎮倉,1x,N_1261,1,台61-觀音,TH61,7.646063929820894
25.01605,121.22016,75368 孫維康,RT2025000355,1.0,8.0,1,0,桃園市中壢區青峰路二段12號旁,5A-平鎮倉,1x,N_1262,1,國1-桃園,N1,3.341133373586695
25.0162,121.22097,76877 富鼎佳建設-中壢區,RT202500007220,1.0,8.0,1,0,桃園市中壢區青昇一街37號旁,5A-平鎮倉,1x,N_1263,1,國1-桃園,N1,3.24981935942662
25.01621,121.22098,77447 巨達營造-青昇一街,RT202500009967,1.0,8.0,1,0,桃園市中壢區青昇一街52號,5A-平鎮倉,1x,N_1264,1,國1-桃園,N1,3.248574820517731
25.01657,121.49558,55683 大都會汽車客運股份有限公司,RT202500004015,1.0,32.0,0,1,臺北市萬華區萬大路附近-華中橋下-電聯帶定位,5A-平鎮倉,2x,N_1265,4,台64-板橋,TH64,4.0161470487656326
25.01682,121.48551,58327 亞林交通,RT202500006524,1.0,8.0,1,0,新北市中和區(板橋區)區環河西路３段200號(堤防旁停車場-電聯,5D-五股倉,1x,N_1266,1,台64-板橋,TH64,2.9310568866036477
25.01692,121.25896,75566 陳昭興等4人-桃林營造,RT202500001345,1.0,8.0,1,0,桃園市蘆竹區大興八街46巷5號,5A-平鎮倉,1x,N_1267,1,國1-桃園,N1,1.051680335463423
25.01761,121.56938,71017 冠洋營造-吳興街,RT20230000012822,1.0,8.0,1,0,臺北市信義區吳興街600巷76弄129號,5A-平鎮倉,1x,N_1268,1,國3-深坑,N3,5.949120050605133
25.01771,121.21081,75398 陞竑營造-興德路,RT2025000508,1.0,8.0,1,0,桃園市大園區興德路128號,5A-平鎮倉,1x,N_1269,1,國1-桃園,N1,4.357510248318952
25.0183,121.21891,62888 日富營造-青園國小,RT2025000521,1.0,16.0,1,0,桃園市中壢區大勇路68號旁工地(華泰三期附近工地),5A-平鎮倉,1x,N_1270,2,國1-桃園,N1,3.4561452038513405
25.0183,121.26178,75196 南昌營造-溫翊?,RT20250000012211,1.0,8.0,1,0,桃園市蘆竹區大竹一街155號對面,5A-平鎮倉,1x,N_1271,1,國1-桃園,N1,1.3211257118081043
25.01831,121.21155,78142 鋼鐵仁營造-青峰段35地號,RT20250000012998,1.0,8.0,1,0,桃園市大園區興德路67號旁工地,5A-平鎮倉,1x,N_1272,1,國1-桃園,N1,4.272070599907914
25.01831,121.22307,70172 浩世建築-中壢,RT20250000012780,1.0,8.0,1,0,桃園市中壢區大成路一段17號,5A-平鎮倉,1x,N_1273,1,國1-桃園,N1,2.995110348717617
25.01836,121.20946,75809 坤維工程-明德街,RT202500002343,1.0,8.0,1,0,桃園市大園區永園路二段87-89號附近&春德路邊,5A-平鎮倉,1x,N_1274,1,國1-桃園,N1,4.503620606267012
25.0184,121.04963,76858 建銘營造-物流園區,RT202500007148,1.0,24.0,1,0,桃園市觀音區濱海路保生段306巷,5A-平鎮倉,1x,N_1275,3,台61-觀音,TH61,4.1367376886748985
25.01846,121.26371,78291 煜承營造-蘆竹區,RT20250000013586,1.0,8.0,1,0,桃園市蘆竹區上興路單85號旁工地-新技化學蘆竹廠,5A-平鎮倉,1x,N_1276,1,國1-桃園,N1,1.5313804751599234
25.01848,121.26953,77191 正麗科技-大竹路,RT20250000013183,1.0,8.0,1,0,桃園市蘆竹區大竹路288巷28號,5A-平鎮倉,1x,N_1277,1,國1-桃園,N1,2.174385740226764
25.01849,121.20991,75457 心築-鄒府住宅新建工程,RT2025000802,1.0,8.0,1,0,桃園市大園區永園路二段87號旁,5A-平鎮倉,1x,N_1278,1,國1-桃園,N1,4.4531454178149525
25.01855,121.26289,62282 永融營造-黃鼎睿大新段,RT20250000011994,1.0,8.0,1,0,桃園市蘆竹區上興路111號,5A-平鎮倉,1x,N_1279,1,國1-桃園,N1,1.4398141986379842
25.01857,121.57844,74331 保利開發-青雲街,RT20250000010682,1.0,8.0,1,0,臺北市信義區青雲街36巷9號,5A-平鎮倉,1x,N_1280,1,國3-深坑,N3,5.052729875869511
25.01867,121.28369,77309 王正銘-露天酒吧,RT202500009326,1.0,8.0,1,0,桃園市桃園區富國路577號旁空地,5A-平鎮倉,1x,N_1281,1,國1-桃園,N1,3.742502903807274
25.01871,121.20933,76801 宏福-102地號,RT202500006978,1.0,8.0,1,0,桃園市大園區興德路67號附近-地號102,5A-平鎮倉,1x,N_1282,1,國1-桃園,N1,4.516640330268263
25.01873,121.21284,74635 侑甫營造-明德街,RT20250000011808,1.0,8.0,1,0,桃園市大園區明德街11號,5A-平鎮倉,1x,N_1283,1,國1-桃園,N1,4.127168229973188
25.01885,121.20873,78037 謙平營造-青埔段93-95地號-9/9,RT20250000012625,1.0,8.0,1,0,桃園市大園區青埔段93-95地號-大園重劃區-(永園路二段附近),5A-平鎮倉,1x,N_1284,1,國1-桃園,N1,4.582748156226478
25.01885,121.21299,76636 羅傑土木-青峰段,RT202500006138,1.0,8.0,1,0,桃園市大園區明德街32號旁,5A-平鎮倉,1x,N_1285,1,國1-桃園,N1,4.110092735522583
25.0189,121.20868,78294 鴻崴營造-航空城,RT20250000013592,1.0,8.0,1,0,桃園市大園區永園路二段-航空城-附地標,5A-平鎮倉,1x,N_1286,1,國1-桃園,N1,4.58814495416164
25.01891,121.2195,62888 日富營造-青園國小,RT20240000010168,1.0,16.0,1,0,桃園市中壢區大勇路68號旁工地(華泰三期附近工地),5A-平鎮倉,1x,N_1287,2,國1-桃園,N1,3.387661262597338
25.01895,121.20883,75921 謙平營造-八股路,RT202500002785,1.0,8.0,1,0,桃園市大園區永園路二段183巷141號,5A-平鎮倉,1x,N_1288,1,國1-桃園,N1,4.571356004447021
25.01913,121.22782,77269 合禾工程-五青路,RT202500009099,1.0,8.0,1,0,桃園市大園區五青路459巷83號,5A-平鎮倉,1x,N_1289,1,國1-桃園,N1,2.4638732283344416
25.01923,121.04951,76858 建銘營造-物流園區,RT202500007147,1.0,8.0,1,0,桃園市觀音區濱海路保生段306巷,5A-平鎮倉,1x,N_1290,1,台61-觀音,TH61,4.0950320625118035
25.01934,121.22334,68539 大濟建設-御木院,RT202500008469,1.0,16.0,1,0,桃園市中壢區青峰路1段&領航南路交叉轉角,5A-平鎮倉,1x,N_1291,2,國1-桃園,N1,2.960166680307793
25.01951,121.25541,72341 鈜基-勝淮大新段,RT20250000013062,1.0,8.0,1,0,桃園市蘆竹區大興路213號旁,5A-平鎮倉,1x,N_1292,1,國1-桃園,N1,0.6029681021411358
25.01955,121.20886,76053 三石營造-大園,RT202500003259,1.0,8.0,1,0,桃園市大園區永園路二段183巷113號,5A-平鎮倉,1x,N_1293,1,國1-桃園,N1,4.566813174862599
25.01965,121.21202,75611 興億營造-永園路,RT202500002230,1.0,8.0,1,0,桃園市大園區永園路二段136號旁,5A-平鎮倉,1x,N_1294,1,國1-桃園,N1,4.215959004888957
25.01966,121.21234,74981 山榆建設-大園,RT20240000013806,1.0,8.0,1,0,桃園市大園區永園路二段152號隔壁,5A-平鎮倉,1x,N_1295,1,國1-桃園,N1,4.180430357654855
25.01969,121.20812,78438 騰暘營造有限公司,RT20250000014207,1.0,8.0,1,0,桃園市大園區永園路二段183巷113號-附地標,5A-平鎮倉,1x,N_1296,1,國1-桃園,N1,4.648807351408135
25.01982,121.21131,76639 鋼鐵仁-同#76640,RT202500006152,1.0,8.0,1,0,桃園市中壢區(近大園)春德路107號對面(新光影城對面-右),5A-平鎮倉,1x,N_1297,1,國1-桃園,N1,4.294636476874666
25.01986,121.20898,77389 謙平營造-青埔段70地號,RT202500009654,1.0,8.0,1,0,桃園市大園區永園路二段183巷與君悅別墅交叉口(青埔段70地號)-大園重劃區-附地標,5A-平鎮倉,1x,N_1298,1,國1-桃園,N1,4.553246518694458
25.01986,121.47395,70699 智己行銷-太和,RT20250000013688,1.0,8.0,1,0,新北市板橋區太和街4巷3號,5D-五股倉,1x,N_1299,1,台64-板橋,TH64,1.8961909434713609
25.02003,121.22634,72960 陽明-鼎藏青溪,RT202400005487,1.0,8.0,1,0,桃園市大園區五福路256號旁工地,5A-平鎮倉,1x,N_1300,1,國1-桃園,N1,2.626262111157965
25.02008,121.22664,72960 陽明營造-鼎藏青溪,RT20240000012249,1.0,8.0,1,0,桃園市大園區五福路256號旁工地,5A-平鎮倉,1x,N_1301,1,國1-桃園,N1,2.5929752054345045
25.0201,121.2079,76017 謙平營造-八股路,RT202500003133,1.0,8.0,1,0,"桃園市蘆竹區(大園區)八股路224巷25°03'28.5""N 121°15'09.0""E",5A-平鎮倉,1x,N_1302,1,國1-桃園,N1,4.6731131828798125
25.02011,121.20868,77411 子紳營造-青埔段43地號-2/2,RT202500009788,1.0,8.0,1,0,桃園市大園區青埔段43地號-大園重劃區-附地標,5A-平鎮倉,1x,N_1303,1,國1-桃園,N1,4.58653625239122
25.02011,121.21176,76802 宏福-141地號,RT202500006979,1.0,8.0,1,0,桃園市大園區興德路67號附近-地號141,5A-平鎮倉,1x,N_1304,1,國1-桃園,N1,4.244657561417849
25.02012,121.21172,78137 錦信土木-青埔段149地號,RT20250000012964,1.0,8.0,1,0,桃園市大園區中山南路2段501巷11號-靠近永園路二段,5A-平鎮倉,1x,N_1305,1,國1-桃園,N1,4.24910087769169
25.02023,121.21108,75216 謙平營造-航空城-1/9,RT20250000014020,1.0,8.0,1,0,桃園市大園區永園路二段183巷-青埔段131-132地號,5A-平鎮倉,1x,N_1306,1,國1-桃園,N1,4.320195434850643
25.02025,121.21201,77390 子紳營造-青埔段153地號,RT202500009655,1.0,8.0,1,0,桃園市大園區青埔段153地號-大園重劃區-附地標,5A-平鎮倉,1x,N_1307,1,國1-桃園,N1,4.216981305933659
25.02029,121.20879,76083 前衛營造-大園,RT202500003548,1.0,16.0,1,0,桃園市大園區永園路二段183巷113號旁,5A-平鎮倉,1x,N_1308,2,國1-桃園,N1,4.574423261156179
25.02035,121.40978,73972 威騰營造-萬壽路,RT202400009518,1.0,8.0,1,0,桃園市龜山區(新莊區)萬壽路一段45號,5D-五股倉,1x,N_1309,1,國3-樹林,N3,3.539439822754396
25.02037,121.20906,78143 嘉銓營造-青埔段75地號,RT20250000012999,1.0,8.0,1,0,桃園市大園區永園路二段183巷141號附近,5A-平鎮倉,1x,N_1310,1,國1-桃園,N1,4.544525583656258
25.02043,121.21211,76229 統詣營造-大園,RT202500004100,1.0,8.0,1,0,桃園市大園區永園路二段183巷11號,5A-平鎮倉,1x,N_1311,1,國1-桃園,N1,4.206060826593469
25.02049,121.20839,76594 正悅投資,RT202500005861,1.0,8.0,1,0,"桃園市大園區永園路二段183巷25°01'15.9""N 121°12'31.1""E",5A-平鎮倉,1x,N_1312,1,國1-桃園,N1,4.619030237637099
25.02088,121.09527,76400 良相建設-觀音,RT202500005081,1.0,8.0,1,0,桃園市觀音區文化路坑尾段339巷88弄78號旁,5A-平鎮倉,1x,N_1313,1,台61-觀音,TH61,2.716093791329896
25.02108,121.22366,73403 杰運汽車,RT202400007154,1.0,8.0,1,0,桃園市中壢區(大園區)高鐵北路二段208號,5A-平鎮倉,1x,N_1314,1,國1-桃園,N1,2.926196644452162
25.02121,121.26569,74667 凱玥建設-大竹段,RT20250000011820,1.0,8.0,1,0,桃園市蘆竹區上竹路&上竹三街交叉口,5A-平鎮倉,1x,N_1315,1,國1-桃園,N1,1.746761261364155
25.02136,121.24033,75284 國灝建設-大園,RT20240000015150,1.0,8.0,1,0,桃園市大園區合圳北路三段&大新路交叉口,5A-平鎮倉,1x,N_1316,1,國1-桃園,N1,1.0839336135114657
25.02139,121.41107,70930 傳家公寓大廈管理委員會,RT20250000011600,1.0,8.0,1,0,新北市新莊區(近泰山區 )中正路905號,5D-五股倉,1x,N_1317,1,國3-樹林,N3,3.6946112809060887
25.02148,121.2894,76121 大英營造-和平段529地號,RT202500003692,1.0,8.0,1,0,桃園市桃園區莊敬路二段及敬三街口,5A-平鎮倉,1x,N_1318,1,國1-南崁,N1,3.7213160143153026
25.02148,121.53101,71780 地樺-立樺建設,RT20230000015558,1.0,16.0,1,0,臺北市大安區泰順街62巷7號旁,5A-平鎮倉,1x,N_1319,2,國1-台北,N1,4.6766850322096944
25.02158,121.18969,74250 國華開發-大溪,RT20250000013405,1.0,8.0,1,0,桃園市大園區溪海路808巷32弄,5A-平鎮倉,1x,N_1320,1,國1-中壢,N1,6.428225057704877
25.0216,121.47392,73270 天瀚營造-板橋,RT202400006678,1.0,8.0,1,0,新北市板橋區莊敬路260號,5D-五股倉,1x,N_1321,1,台64-板橋,TH64,2.011295496540439
25.02161,121.24003,75284 國灝建設-大園,RT202500007191,1.0,16.0,1,0,桃園市大園區合圳北路三段&大新路交叉口,5A-平鎮倉,1x,N_1322,2,國1-桃園,N1,1.1210065802656537
25.02175,121.21053,69985 千誠營造,RT202500007206,1.0,16.0,1,0,桃園市大園區中山南路2段187巷進去,5A-平鎮倉,1x,N_1323,2,國1-桃園,N1,4.385474162664119
25.02184,121.28964,76121 大英營造-和平段529地號,RT202500009165,1.0,16.0,1,0,桃園市桃園區莊敬路二段及敬三街口,5A-平鎮倉,1x,N_1324,2,國1-南崁,N1,3.680976905550887
25.02203,121.55896,60696 龍巖-信義區崇德街,RT202500001572,1.0,8.0,1,0,臺北市信義區崇德街146巷81號旁空地,5A-平鎮倉,1x,N_1325,1,國1-台北,N1,6.743578880868208
25.02214,121.53139,72082 展瑞營造-泰順街,RT202400001267,1.0,8.0,1,0,臺北市大安區泰順街68號,5A-平鎮倉,1x,N_1326,1,國1-台北,N1,4.6347939345452955
25.02241,121.04528,61709 峻榮營造工程有限公司,RT20250000013335,1.0,16.0,1,0,桃園市觀音區電廠路1號(大潭電廠南門)-電聯定位,5A-平鎮倉,1x,N_1327,2,台61-觀音,TH61,4.320291259451533
25.02242,121.5626,77171 閤勝營造-銜接#74759,RT202500008809,1.0,8.0,1,0,臺北市信義區吳興街284巷36弄-附座標-銜接#74759,5A-平鎮倉,1x,N_1328,1,國3-深坑,N3,6.840173058074036
25.02256,121.45082,71743 紹華-永翠28,RT20230000015440,1.0,8.0,1,0,新北市板橋區板城路&藝文二街交叉口,5D-五股倉,1x,N_1329,1,台64-板橋,TH64,1.7268475167191863
25.02258,121.49911,48610 大陸工程(股),"RT20250000013232,RT20250000013233",1.0,24.0,0,1,臺北市萬華區萬大路長泰街口-萬大國小-CQ850A,5A-平鎮倉,2x,N_1330,3,國1-台北,N1,4.113247997446733
25.0227,121.45076,71743 紹華-永翠28,RT2025000814,1.0,8.0,1,0,新北市板橋區板城路&藝文二街交叉口,5D-五股倉,1x,N_1331,1,台64-板橋,TH64,1.743327708607203
25.02278,121.45095,71743 紹華-永翠28,RT202400008225,1.0,8.0,1,0,新北市板橋區板城路&藝文二街交叉口,5D-五股倉,1x,N_1332,1,台64-板橋,TH64,1.7382433428312252
25.02309,121.21622,77040 壢都營造-領航北路,RT202500007906,1.0,8.0,1,0,桃園市大園區領航北路四段122號旁,5A-平鎮倉,1x,N_1333,1,國1-桃園,N1,3.7652346960706478
25.02376,121.55177,67654 久佳-大安,RT20250000012539,1.0,8.0,1,0,臺北市大安區基隆路2段210~220號,5A-平鎮倉,1x,N_1334,1,國1-台北,N1,5.995141238578124
25.0238,121.04832,62505 鴻漢營造有限公司,RT20250000012717,1.0,8.0,1,0,桃園市觀音區電廠路1號(大潭電廠)-需帶雙證件,5A-平鎮倉,1x,N_1335,1,台61-觀音,TH61,3.949576538110728
25.02397,121.53591,69867 信昶營造-大安區,RT202500007251,1.0,8.0,1,0,臺北市大安區和平東路二段18巷9號,5A-平鎮倉,1x,N_1336,1,國1-台北,N1,4.7475947014249895
25.02407,121.53591,69867 信昶營造-大安區,RT202500007253,1.0,8.0,1,0,臺北市大安區和平東路二段18巷9號,5A-平鎮倉,1x,N_1337,1,國1-台北,N1,4.7387679762780985
25.02449,121.47393,72029 嘉崴-莒光分隊,"RT202400001015,RT20250000013049",1.0,16.0,1,0,新北市板橋區莒光路161號,5D-五股倉,1x,N_1338,2,台64-板橋,TH64,2.231086193987174
25.02472,121.05522,71210 永松建設-496地號,RT20250000012802,1.0,8.0,1,0,桃園市觀音區保生九街&大潭五路,5A-平鎮倉,1x,N_1339,1,台61-觀音,TH61,3.231466803604174
25.02497,121.48184,73075 金堡國際-板橋,RT20250000011555,1.0,8.0,1,0,新北市板橋區翠華街6巷及8巷交叉口工地,5D-五股倉,1x,N_1340,1,台64-板橋,TH64,2.9390622256947156
25.02506,121.31153,75650 祥瀛營造-楊梅,RT20250000013709,1.0,8.0,1,0,桃園市桃園區峨眉二街16號對面,5A-平鎮倉,1x,N_1341,1,國1-南崁,N1,4.093394213180438
25.02529,121.43077,75648 昌豐營造-新莊,RT202500001638,1.0,16.0,1,0,新北市新莊區潭底溝抽水站,5D-五股倉,1x,N_1342,2,台64-板橋,TH64,3.661615602025633
25.0254,121.05565,76465 耀悅建設-保生九街,RT202500005319,1.0,8.0,1,0,桃園市觀音區保生九街89號對面,5A-平鎮倉,1x,N_1343,1,台61-觀音,TH61,3.1514667192433197
25.02552,121.05921,75974 正燿開發-觀音,RT202500002967,1.0,16.0,1,0,桃園市觀音區保生二街107號,5A-平鎮倉,1x,N_1344,2,台61-觀音,TH61,2.8122557021903756
25.02554,121.54765,77402 翊豐營造股份有限公司,RT20250000010422,1.0,8.0,1,0,臺北市大安區四維路228巷巷口-精誠詠樂,5A-平鎮倉,1x,N_1345,1,國1-台北,N1,5.517910481885298
25.02564,121.52255,62378 世達-南昌二期,RT20250000011109,1.0,8.0,1,0,臺北市中正區南昌路2段128號,5A-平鎮倉,1x,N_1346,1,國1-台北,N1,3.8526309119999396
25.02576,121.52264,62378 世達-南昌二期,RT20250000011108,1.0,8.0,1,0,臺北市中正區南昌路２段128號,5A-平鎮倉,1x,N_1347,1,國1-台北,N1,3.843850347138698
25.0265,121.0619,61668 群創工程企業有限公司,RT20250000013299,1.0,8.0,1,0,桃園市觀音區大潭里7鄰22之1號-電聯帶定位,5A-平鎮倉,1x,N_1348,1,台61-觀音,TH61,2.5063888485233
25.02661,121.07023,75109 有勝建設-觀音,RT20250000013563,1.0,8.0,1,0,桃園市觀音區武威路458巷7號對面,5A-平鎮倉,1x,N_1349,1,台61-觀音,TH61,1.8398731328545346
25.02686,121.54794,59987 日富-成功市場,"RT202500008850,RT202500008851","-4.0,1.0",52.0,1,0,臺北市大安區敦化南路二段112號旁-成功市場,5A-平鎮倉,1x,N_1350,6,國1-台北,N1,5.448215613133613
25.02694,121.5499,77941 仁和室內-安和路二段,RT20250000012078,1.0,16.0,1,0,臺北市大安區安和路二段187號,5A-平鎮倉,1x,N_1351,2,國1-台北,N1,5.612621017456013
25.027,121.0572,72687 世霖-觀音39地號,RT202400003930,1.0,8.0,1,0,桃園市觀音區保生十街260號,5A-平鎮倉,1x,N_1352,1,台61-觀音,TH61,2.913279533447053
25.02715,121.47248,76363 開揚營造-江子翠危老案,RT202500004830,1.0,8.0,1,0,新北市板橋區文化路二段182巷7弄與9弄巷口,5D-五股倉,1x,N_1353,1,台64-板橋,TH64,2.3543330267619673
25.02726,121.53415,70173 弘原營造-和平東路,RT202500008164,1.0,8.0,1,0,臺北市大安區和平東路一段199巷1號,5A-平鎮倉,1x,N_1354,1,國1-台北,N1,4.339191606981215
25.0274,121.44506,76194 鴻信營造-瓊林段372地號,RT202500003901,1.0,8.0,1,0,新北市新莊區瓊林路59-3號旁,5D-五股倉,1x,N_1355,1,台64-板橋,TH64,2.545662490511615
25.02741,121.49046,65114 統營營造-福民,RT202500005754,1.0,16.0,1,0,臺北市萬華區西園路2段320巷61號(艋舺大道旁),5A-平鎮倉,1x,N_1356,2,台64-板橋,TH64,3.894375639778858
25.02782,121.49041,65114 統營營造-福民,RT20250000010236,1.0,16.0,1,0,臺北市萬華區西園路２段320巷56弄16-1號(艋舺大道旁),5A-平鎮倉,1x,N_1357,2,台64-板橋,TH64,3.912368960169931
25.02802,121.50476,74950 群創保全-萬華,RT20240000013698,1.0,8.0,1,0,臺北市萬華區中華路二段416巷10弄9號旁空地,5A-平鎮倉,1x,N_1358,1,國1-台北,N1,3.378228058908819
25.02814,121.44464,76194 鴻信營造-瓊林段372地號,RT20250000013456,1.0,8.0,1,0,新北市新莊區瓊林路59-3號旁-追加,5D-五股倉,1x,N_1359,1,台64-板橋,TH64,2.6384146628599874
25.02825,121.53905,73182 上裕開發-瑞安段,RT202500005403,1.0,8.0,1,0,臺北市大安區瑞安街222巷35號,5A-平鎮倉,1x,N_1360,1,國1-台北,N1,4.615471564748129
25.02913,121.52376,76155 禹樂-大安區,RT20250000012404,1.0,8.0,1,0,臺北市大安區潮州街60巷2號旁,5A-平鎮倉,1x,N_1361,1,國1-台北,N1,3.549943302997634
25.0292,121.51706,70062 旺洲開發股份有限公司,RT202500008103,1.0,8.0,1,0,臺北市中正區重慶南路三段27巷&牯嶺街口,5A-平鎮倉,1x,N_1362,1,國1-台北,N1,3.2914515393059505
25.02964,121.29761,67568 澄果建設-桃園經國,RT20250000012231,1.0,8.0,1,0,桃園市桃園區經國二路83號旁,5A-平鎮倉,1x,N_1363,1,國1-南崁,N1,2.938968319955051
25.02973,121.29764,74979 虹橋營造-騰鐽,RT20250000012837,1.0,8.0,1,0,桃園市桃園區經國二路87號對面工地,5A-平鎮倉,1x,N_1364,1,國1-南崁,N1,2.9303632099960653
25.0301,121.30052,76530 樹盛營造-夏朵桃園,RT20250000012316,1.0,8.0,1,0,桃園市桃園區經國路855號,5A-平鎮倉,1x,N_1365,1,國1-南崁,N1,3.0004521673239815
25.03015,121.30051,76530 樹盛營造-夏朵桃園,RT202500005653,1.0,8.0,1,0,桃園市桃園區經國路855號,5A-平鎮倉,1x,N_1366,1,國1-南崁,N1,2.9949079476003124
25.0302,121.29599,75102 慶源營造-比翼銀,RT20240000014308,1.0,8.0,1,0,桃園市桃園區水岸五街50號對面,5A-平鎮倉,1x,N_1367,1,國1-南崁,N1,2.8319580773907975
25.03022,121.52621,72484 逢昌營造-清華大學月涵堂,RT202400003187,1.0,16.0,1,0,臺北市大安區金華街110號,5A-平鎮倉,1x,N_1368,2,國1-台北,N1,3.570151550354735
25.0303,121.4298,76598 匯發營造-?中松琴,RT202500005869,1.0,16.0,1,0,新北市新莊區中正路655號,5D-五股倉,1x,N_1369,2,台65-新莊,TH65,3.2967747466271904
25.03032,121.26711,76070 永溢營造-大圳2-16號池,RT20250000012835,1.0,8.0,1,0,桃園市蘆竹區南竹路四段與富宏街口,5A-平鎮倉,1x,N_1370,1,國1-桃園,N1,2.217930272686912
25.03037,121.12361,76795 鴻城建設-觀音區,RT202500006950,1.0,8.0,1,0,桃園市觀音區文林路838號,5A-平鎮倉,1x,N_1371,1,台61-觀音,TH61,4.957326360953109
25.03038,121.50307,76026 銘倫營造-和岩心悅,RT202500003157,1.0,8.0,1,0,臺北市萬華區中華路二段150巷29號,5A-平鎮倉,1x,N_1372,1,國1-台北,N1,3.1608491051141847
25.03052,121.49184,77795 上申營造-大理高中,RT20250000011450,1.0,8.0,1,0,臺北市萬華區長順街2號-大理高中,5A-平鎮倉,1x,N_1373,1,國1-台北,N1,3.6561587022453454
25.03078,121.24235,76005 領航交通-蘆竹,RT202500003108,1.0,8.0,1,0,桃園市蘆竹區新生路370號 對面,5A-平鎮倉,1x,N_1374,1,國1-桃園,N1,1.467262559632656
25.03087,121.29808,77743 晃茂營造-桃園區有恆路,RT20250000011287,1.0,16.0,1,0,桃園市桃園區有恆路161號,5A-平鎮倉,1x,N_1375,2,國1-南崁,N1,2.8246028038112265
25.0309,121.29906,77743 晃茂營造-桃園區有恆路,RT20250000013908,1.0,16.0,1,0,桃園市桃園區有恆路161號,5A-平鎮倉,1x,N_1376,2,國1-南崁,N1,2.8578859399210432
25.0309,121.54786,64431 遠碩-大安國綜合,RT20250000010414,1.0,16.0,1,0,臺北市大安區大安路2段63號,5A-平鎮倉,1x,N_1377,2,國1-台北,N1,5.168107551279846
25.03114,121.47028,50074 楊淨淳小姐,RT20240000015175,1.0,8.0,1,0,新北市板橋區銘傳街76巷15號對面檳榔攤,5D-五股倉,1x,N_1378,1,台64-板橋,TH64,2.6092745233113583
25.03156,121.09864,74835 佳均建設-觀音1023地號,RT20250000012435,1.0,8.0,1,0,桃園市觀音區中山路一段700巷17號(近世紀鋼構),5A-平鎮倉,1x,N_1379,1,台61-觀音,TH61,2.2712542145700656
25.03168,121.10808,77124 日月品-桃園醫院,RT202500008533,1.0,24.0,1,0,桃園市觀音區中山路一段967巷65號,5A-平鎮倉,1x,N_1380,3,台61-觀音,TH61,3.250819915775317
25.03173,121.29956,76006 晃茂營造-桃園經國路&有恆路口,RT202500003111,1.0,16.0,1,0,桃園市桃園區經國路&有恆路交叉路口工地,5A-平鎮倉,1x,N_1381,2,國1-南崁,N1,2.792453144906554
25.03205,121.1008,70471 元創國際建筑有限公司,RT20250000011259,1.0,8.0,1,0,桃園市觀音區中山路一段781號旁,5A-平鎮倉,1x,N_1382,1,台61-觀音,TH61,2.4716948522226185
25.03209,121.25143,74725 富凱電機-蘆竹,RT20250000011988,1.0,16.0,1,0,桃園市蘆竹區大竹北路90-66號,5A-平鎮倉,1x,N_1383,2,國1-桃園,N1,1.3513446536691331
25.03213,121.22722,78223 田禾營造-五結段81.82地號,RT20250000013309,1.0,8.0,1,0,桃園市大園區五結段81.82地號-大園重劃區,5A-平鎮倉,1x,N_1384,1,國1-桃園,N1,2.864714743442747
25.03232,121.06422,70114 宏碁-觀塘段,RT202500008312,1.0,32.0,1,0,桃園市觀音區環南路405號旁工地,5A-平鎮倉,1x,N_1385,4,台61-觀音,TH61,1.9480129996478812
25.03248,121.22824,76886 國統-航空城五結段,RT202500007247,1.0,8.0,1,0,桃園市大園區五結路,5A-平鎮倉,1x,N_1386,1,國1-桃園,N1,2.7844145898196007
25.03253,121.25288,75759 麒田營造-巨奕,RT202500002096,1.0,8.0,1,0,桃園市蘆竹區光華街205號,5A-平鎮倉,1x,N_1387,1,國1-桃園,N1,1.4270961394737418
25.03257,121.227,77377 興億營造-邱奕波,RT202500009618,1.0,8.0,1,0,桃園市大園區大竹南路-航空城,5A-平鎮倉,1x,N_1388,1,國1-桃園,N1,2.9093963932228055
25.03269,121.22728,77836 璟州營造-五結段144,RT20250000011589,1.0,8.0,1,0,桃園市大園區大竹南路599巷-航空城-五結段144地號,5A-平鎮倉,1x,N_1389,1,國1-桃園,N1,2.888633980708446
25.03271,121.08625,77286 愷侖-廣興一路,RT202500009174,1.0,8.0,1,0,桃園市觀音區廣興一路90-1號,5A-平鎮倉,1x,N_1390,1,台61-觀音,TH61,1.065869372203216
25.03274,121.22779,76991 築億營造-大園區-2,RT202500007689,1.0,8.0,1,0,桃園市大園區大竹南路599巷附近-大園重劃區,5A-平鎮倉,1x,N_1391,1,國1-桃園,N1,2.842102273969203
25.03278,121.21306,78026 子紳營造-青埔段261地號-2/8,RT20250000012622,1.0,8.0,1,0,桃園市大園區青埔段261地號-大園重劃區-附地標,5A-平鎮倉,1x,N_1392,1,國1-桃園,N1,4.33879676085444
25.0328,121.54857,73397 億東營造-百世多麗,RT202500007328,1.0,8.0,1,0,臺北市大安區敦化南路二段14號,5A-平鎮倉,1x,N_1393,1,國1-台北,N1,5.114059117070516
25.03289,121.21248,77748 佳運工程行-航空城-11,RT20250000011295,1.0,8.0,1,0,桃園市蘆竹區(大園區)八股路171巷250號-青埔段195號-大園重劃區-附地標,5A-平鎮倉,1x,N_1394,1,國1-桃園,N1,4.403640846220342
25.03291,121.09106,75741 茂琳營造-觀音,RT202500002028,1.0,8.0,1,0,桃園市觀音區中山路一段388巷80號,5A-平鎮倉,1x,N_1395,1,台61-觀音,TH61,1.458253179561011
25.03306,121.21316,77188 前衛營造-青埔段257地號,RT202500008792,1.0,8.0,1,0,桃園市大園區中山南路二段187巷進去,5A-平鎮倉,1x,N_1396,1,國1-桃園,N1,4.338593999580737
25.03308,121.22849,78103 謙平營造-五結段23-23-1地號-1/4,RT20250000013166,1.0,8.0,1,0,桃園市大園區大園重劃區-五結段23-23-1地號-附地標,5A-平鎮倉,1x,N_1397,1,國1-桃園,N1,2.7943938603038907
25.03316,121.37154,74763 田鼎-龜山亞東氣體,"RT202500008119,RT202500009987",1.0,112.0,0,1,桃園市龜山區華亞一路&科技九路交叉口工地-追加,5A-平鎮倉,2x,N_1398,14,國1-林口,N1,4.2851710655702435
25.03321,121.2276,77672 長榮工程-五福路,RT20250000011026,1.0,8.0,1,0,桃園市大園區五福路697巷70號,5A-平鎮倉,1x,N_1399,1,國1-桃園,N1,2.8865636968726034
25.03321,121.22876,78191 築億營造-大園區-2(五結段22號),RT20250000013211,1.0,8.0,1,0,桃園市大園區中正東路二段99號附近-五結段22號-航空城,5A-平鎮倉,1x,N_1400,1,國1-桃園,N1,2.7764242085285473
25.03328,121.05178,61755 韓商現代工程股份有限公司台灣分公司,RT202500009997,1.0,160.0,0,1,桃園市觀音區電廠路1號(大潭電廠)-出入需換證件,5A-平鎮倉,2x,N_1401,20,台61-觀音,TH61,3.2200080283755232
25.03347,121.23616,77599 威勝營造-新莊公園,RT20250000010615,1.0,16.0,1,0,桃園市蘆竹區高鐵桃園站聯絡道-桃園蘆竹新莊公園,5A-平鎮倉,1x,N_1402,2,國1-桃園,N1,2.1437272836116956
25.03349,121.22968,76754 統詣營造-大園,RT202500006825,1.0,8.0,1,0,桃園市大園區中正東路2段108號,5A-平鎮倉,1x,N_1403,1,國1-桃園,N1,2.7073136653331016
25.03352,121.22952,77376 勝道工程-中正東路,RT202500009611,1.0,8.0,1,0,桃園市大園區中正東路2段108號對面,5A-平鎮倉,1x,N_1404,1,國1-桃園,N1,2.7239608067670655
25.03354,121.21364,76245 南昌營造-劉倉宇住宅,RT202500004166,1.0,8.0,1,0,"桃園市大園區中山南路二段117號25°02'01.4""N 121°12'48.9""E",5A-平鎮倉,1x,N_1405,1,國1-桃園,N1,4.306715890931443
25.0336,121.06367,70114 宏碁-觀塘段,RT20250000012164,1.0,8.0,1,0,桃園市觀音區環南路405號旁工地,5A-平鎮倉,1x,N_1406,1,台61-觀音,TH61,1.9468681714226161
25.03362,121.21353,76917 坤維工程-中山路,RT202500007406,1.0,8.0,1,0,桃園市大園區中山南路二段187巷內,5A-平鎮倉,1x,N_1407,1,國1-桃園,N1,4.321259082870946
25.03366,121.22913,77161 弘棋-五結段,RT202500008686,1.0,8.0,1,0,桃園市大園區中正東路二段227巷35號,5A-平鎮倉,1x,N_1408,1,國1-桃園,N1,2.7686713334199924
25.03372,121.21358,76710 南昌營造-中山南路,RT202500006530,1.0,8.0,1,0,"桃園市大園區中山南路二段117號25°02'01.4""N 121°12'48.9""E",5A-平鎮倉,1x,N_1409,1,國1-桃園,N1,4.319960855239993
25.03374,121.21388,77952 陳春木-青埔段197,RT20250000012162,1.0,8.0,1,0,桃園市大園區中山南路二段187巷157號-航空城-青埔段197地號,5A-平鎮倉,1x,N_1410,1,國1-桃園,N1,4.28960358098483
25.03383,121.46695,77127 展揚營造-江翠工區,RT202500008751,1.0,24.0,1,0,新北市板橋區華江八路79號旁工地,5D-五股倉,1x,N_1411,3,台64-板橋,TH64,2.755330800357487
25.03386,121.46703,77127 展揚營造-江翠工區,RT202500008559,1.0,16.0,1,0,新北市板橋區華江八路79號旁工地,5D-五股倉,1x,N_1412,2,台64-板橋,TH64,2.7610243172597246
25.03393,121.22951,78214 茂成建設-中正東路二段,RT20250000013303,1.0,8.0,1,0,桃園市大園區中正東路二段108號-大園衝劃區-附地標,5A-平鎮倉,1x,N_1413,1,國1-桃園,N1,2.750214007127133
25.03393,121.47638,61734 僑蓮-板橋,RT20250000011371,1.0,8.0,1,0,新北市板橋區文化路２段548巷13號,5D-五股倉,1x,N_1414,1,國1-三重,N1,3.1952373316079115
25.03397,121.46747,64631 張志鴻,RT20250000013290,1.0,8.0,1,0,新北市板橋區華江八路-洗車場,5D-五股倉,1x,N_1415,1,台64-板橋,TH64,2.786877775899283
25.03398,121.47645,61734 僑蓮-板橋,RT20250000011372,1.0,8.0,1,0,新北市板橋區文化路２段548巷口工地,5D-五股倉,1x,N_1416,1,國1-三重,N1,3.191559626718758
25.03415,121.04865,77121 台灣中油-觀塘,RT202500008524,1.0,8.0,1,0,桃園市觀音區電廠一路-觀塘-附定位照,5A-平鎮倉,1x,N_1417,1,台61-觀音,TH61,3.5399168697869716
25.0342,121.54598,78097 稻田營造-大安區2-仁慈公園,RT20250000012877,1.0,8.0,1,0,臺北市大安區大安路一段224巷-仁慈公園,5A-平鎮倉,1x,N_1418,1,國1-台北,N1,4.788463838058755
25.0343,121.362,74537 晉煌營造-頂湖,RT20250000011127,1.0,32.0,0,1,桃園市龜山區頂湖路72號(頂湖超高壓變電所),5A-平鎮倉,2x,N_1419,4,國1-林口,N1,3.968913615839788
25.03439,121.23022,67846 春原營造-大園,RT202500004036,1.0,16.0,1,0,桃園市大園區中正東路二段108號,5A-平鎮倉,1x,N_1420,2,國1-桃園,N1,2.7151255736150084
25.03439,121.54409,75950 亞億營造-臺北科技大學,RT202500002912,1.0,8.0,1,0,"臺北市大安區復興南路一段313巷4號25°02'04.3""N 121°32'40.3""E",5A-平鎮倉,1x,N_1421,1,國1-台北,N1,4.602901391969428
25.0344,121.52971,65122 豐興-廣錄臨沂段,RT20250000010063,1.0,8.0,1,0,臺北市中正區臨沂街75巷21號(從連雲街進入),5A-平鎮倉,1x,N_1422,1,國1-台北,N1,3.41303629574808
25.03446,121.28725,74649 森業-GM01標,RT20250000013400,1.0,8.0,1,0,桃園市大園區三民路二段&坑?路交叉口,5A-平鎮倉,1x,N_1423,1,國1-南崁,N1,2.3002834534249548
25.03456,121.45521,71657 安住營造-曉西園,RT20240000013859,1.0,8.0,1,0,新北市新莊區碧江街18號旁工地,5D-五股倉,1x,N_1424,1,台64-板橋,TH64,2.7775245456518385
25.03458,121.23039,66417 春原營造-大園,RT202500004037,1.0,16.0,1,0,桃園市大園區大竹南路1177號(橫山捷運站旁工地-電聯客戶帶定位,5A-平鎮倉,1x,N_1425,2,國1-桃園,N1,2.7124196298691685
25.03464,121.45531,71657 安住營造-曉西園,RT20250000011655,8.0,29.0,1,0,新北市新莊區碧江街18號旁工地-8F,5D-五股倉,1x,N_1426,1,台64-板橋,TH64,2.7841439886791743
25.03472,121.53004,65122 豐興-廣錄臨沂段,RT202400008203,3.0,12.0,1,0,臺北市中正區臨沂街75巷29號(從連雲街進入),5A-平鎮倉,1x,N_1427,1,國1-台北,N1,3.409633816115323
25.03504,121.07181,77360 統賀營造-觀音區運動中心,RT202500009504,1.0,16.0,1,0,桃園市觀音區桃科三路2號-觀音區國民運動中心對面-附定位圖,5A-平鎮倉,1x,N_1428,2,台61-觀音,TH61,1.0628080455566131
25.03546,121.53546,66138 基泰建設-大安區,RT202500007390,1.0,8.0,1,0,臺北市大安區建國南路1段304巷47號,5A-平鎮倉,1x,N_1429,1,國1-台北,N1,3.774429610841449
25.03567,121.50003,77349 稻田營造-艋舺公園,RT202500009418,1.0,16.0,1,0,臺北市萬華區和平西路三段125號-艋舺公園工地,5A-平鎮倉,1x,N_1430,2,國1-台北,N1,2.7144659080199385
25.03573,121.37899,77848 晉煌營造-華亞三路,RT20250000011621,1.0,8.0,1,0,桃園市龜山區華亞三路625號對面工地,5A-平鎮倉,1x,N_1431,1,國1-林口,N1,4.348952519055655
25.03612,121.47419,72273 沅陞-幸福PLUS,RT202400002203,1.0,8.0,1,0,新北市板橋區華江三路211號旁,5D-五股倉,1x,N_1432,1,國1-三重,N1,2.910085753117921
25.03612,121.4742,72273 沅陞-幸福PLUS,RT202500009957,5.0,14.0,1,0,新北市板橋區華江三路211號旁-5F,5D-五股倉,1x,N_1433,1,國1-三重,N1,2.910263359629198
25.03644,121.54549,73033 茂勝建設-銜接#69064鵬宇,RT20250000010838,1.0,8.0,1,0,臺北市大安區大安路1段176巷7號,5A-平鎮倉,1x,N_1434,1,國1-台北,N1,4.609339253916641
25.03653,121.47779,71416 福典建設有限公司,RT202500008151,5.0,19.0,1,0,新北市板橋區華江三路32-60號,5D-五股倉,1x,N_1435,1,國1-三重,N1,2.9564470238787153
25.03656,121.47776,71416 福典建設有限公司,RT20250000011517,9.0,19.0,1,0,新北市板橋區華江三路32-60號-9F,5D-五股倉,1x,N_1436,1,國1-三重,N1,2.9522895175102137
25.03662,121.47758,71416 福典建設有限公司,RT20250000012807,1.0,8.0,1,0,新北市板橋區華江三路32-60號-1F,5D-五股倉,1x,N_1437,1,國1-三重,N1,2.940140040338562
25.03676,121.44313,72961 千瑞-禾蓮心家園,RT20250000011853,1.0,8.0,1,0,新北市新莊區公園一路84號對面,5D-五股倉,1x,N_1438,1,台65-新莊,TH65,2.962877779203074
25.03679,121.54508,67093 樹盛-大安區,RT20250000010811,1.0,8.0,1,0,臺北市大安區大安路１段176巷23號旁,5A-平鎮倉,1x,N_1439,1,國1-台北,N1,4.550283181351948
25.03681,121.29301,77019 德億營造-河底段,RT202500007804,1.0,8.0,1,0,桃園市蘆竹區南福街255巷37號對面,5A-平鎮倉,1x,N_1440,1,國1-南崁,N1,2.046546828244948
25.03711,121.53154,73556 維昌營造-臨沂街,RT202500006776,1.0,8.0,1,0,臺北市中正區臨沂街71巷19弄23號,5A-平鎮倉,1x,N_1441,1,國1-台北,N1,3.3306727770379383
25.03725,121.14353,74318 新傳成-觀音草新段,RT20240000010887,1.0,8.0,1,0,桃園市觀音區新生路1110號對面,5A-平鎮倉,1x,N_1442,1,台61-觀音,TH61,7.058433530989724
25.03754,121.14386,74318 新傳成-觀音草新段,RT2025000329,1.0,8.0,1,0,桃園市觀音區新生路1110號對面,5A-平鎮倉,1x,N_1443,1,台61-觀音,TH61,7.093717427076468
25.03761,121.06415,76424 椿城工程-永光化學,RT202500005190,1.0,16.0,1,0,桃園市觀音區大潭北路399號,5A-平鎮倉,1x,N_1444,2,台61-觀音,TH61,1.7792389402775683
25.03772,121.5314,69326 金藏營造-聯上台電,RT202500005911,10.0,18.0,1,0,臺北市中正區仁愛路二段96號旁工地,5A-平鎮倉,1x,N_1445,1,國1-台北,N1,3.2725962669415463
25.03773,121.53479,77018 頡笙營造-幸安國小,RT202500007800,1.0,8.0,1,0,臺北市大安區仁愛路三段22號-大安區幸安國民小學對面,5A-平鎮倉,1x,N_1446,1,國1-台北,N1,3.5544567597591454
25.03775,121.53124,69326 金藏營造-聯上台電,RT202500008540,13.0,18.0,1,0,臺北市中正區仁愛路二段96號旁工地-13F,5A-平鎮倉,1x,N_1447,1,國1-台北,N1,3.257429420892499
25.0378,121.30011,78377 森峰營造股份有限公司,RT20250000014007,1.0,16.0,1,0,桃園市蘆竹區建新街43號旁,5A-平鎮倉,1x,N_1448,2,國1-南崁,N1,2.214587980663429
25.038,121.53161,69326 金藏營造-聯上台電,RT202500003294,7.0,18.0,1,0,臺北市中正區仁愛路二段96號旁工地,5A-平鎮倉,1x,N_1449,1,國1-台北,N1,3.2683649833054718
25.0381,121.28161,59934 大陸工程-蘆興街,RT20240000014521,1.0,32.0,0,1,桃園市大園區三民路２段957號(三民料場帳棚旁)(24號.32號)),5A-平鎮倉,2x,N_1450,4,國1-南崁,N1,2.0943499884453516
25.03812,121.52778,70844 富泰11203仁愛路,RT20250000011842,1.0,8.0,1,0,臺北市中正區仁愛路2段44號,5A-平鎮倉,1x,N_1451,1,國1-台北,N1,2.9604821632296843
25.03814,121.57632,76522 弘原營造-松德路二期,RT202500005606,1.0,8.0,1,0,臺北市信義區松德路88號-2期,5A-平鎮倉,1x,N_1452,1,國1-內湖,N1,4.677780221643974
25.0382,121.53161,69326 金藏營造-仁愛路 | 69326 金藏營造-聯上台電,"RT202500004566,RT2025000346","1.0,4.0",26.0,1,0,臺北市中正區仁愛路二段96號旁工地,5A-平鎮倉,1x,N_1453,2,國1-台北,N1,3.2533266826584764
25.03832,121.13535,76130 泉壽建設-大觀段395號地號,RT202500003764,1.0,16.0,1,0,桃園市觀音區二聖路331號旁巷子,5A-平鎮倉,1x,N_1454,2,台61-觀音,TH61,6.146679397276694
25.03833,121.2932,77281 上裕開發-南福街,RT202500009163,1.0,16.0,1,0,桃園市蘆竹區南福街192號對面工地,5A-平鎮倉,1x,N_1455,2,國1-南崁,N1,1.8841539684696533
25.03861,121.13327,76141 伯皇營造-觀音,RT202500003807,1.0,8.0,1,0,桃園市觀音區聖心二街175號附近,5A-平鎮倉,1x,N_1456,1,台61-觀音,TH61,5.914982639450179
25.03873,121.28274,57802 大陸工程 | 62252 大陸工程,"RT20240000014498,RT20240000014501",1.0,32.0,0,1,桃園市蘆竹區中正北路與南竹路二段交叉口捷運工程工地-電聯定位,5A-平鎮倉,2x,N_1457,4,國1-南崁,N1,1.9776091576699057
25.03878,121.15977,76327 順泰營造-廣大段,RT202500004451,1.0,8.0,1,0,桃園市觀音區廣大路839號,5A-平鎮倉,1x,N_1458,1,台61-觀音,TH61,8.855505494171004
25.03879,121.15977,76327 順泰營造-廣大段,RT202500007004,1.0,8.0,1,0,桃園市觀音區廣大路839號,5A-平鎮倉,1x,N_1459,1,台61-觀音,TH61,8.855488589399956
25.03881,121.52351,71310 福住建設,RT20250000012311,1.0,16.0,1,0,臺北市中正區紹興南街24巷2號,5A-平鎮倉,1x,N_1460,2,國1-台北,N1,2.605016998063168
25.03909,121.62292,76258 紹華營造-南港中南段,RT202500004200,1.0,8.0,1,0,臺北市南港區舊莊街一段215巷口,5A-平鎮倉,1x,N_1461,1,國3-汐止系統,N3,3.4462854487836876
25.03913,121.12776,72181 永融-草漯四戶,RT20250000013172,1.0,8.0,1,0,桃園市觀音區民族路882號,5A-平鎮倉,1x,N_1462,1,台61-觀音,TH61,5.302239490488533
25.03915,121.13206,75752 惟昌營造-觀音,RT202500002163,1.0,8.0,1,0,桃園市觀音區聖心一街175號對面工地,5A-平鎮倉,1x,N_1463,1,台61-觀音,TH61,5.779430189741595
25.0393,121.52781,73372 益杉恆-中正,RT202400007032,1.0,8.0,1,0,臺北市中正區泰安街7號,5A-平鎮倉,1x,N_1464,1,國1-台北,N1,2.8664793106000857
25.03956,121.53344,67888 千倫實業-大安區,RT20250000011805,1.0,8.0,1,0,臺北市大安區仁愛路3段5巷14號,5A-平鎮倉,1x,N_1465,1,國1-台北,N1,3.3104569731678364
25.03994,121.62638,78370 高技工程-汐止,RT20250000013992,1.0,8.0,1,0,新北市汐止區東勢街2號對面工地,5D-五股倉,1x,N_1466,1,國3-汐止系統,N3,3.4109850289906065
25.03999,121.52568,70367 嘉圓營造,RT202500009198,1.0,8.0,1,0,臺北市中正區杭州南路一段69號旁,5A-平鎮倉,1x,N_1467,1,國1-台北,N1,2.650605859515122
25.04,121.387,77156 麒燿營造-青山路,RT202500008650,1.0,8.0,1,0,桃園市龜山區青山路與文青路交叉口工地內,5A-平鎮倉,1x,N_1468,1,國1-林口,N1,4.480056807675715
25.04016,121.13137,74504 永旭建設-觀音,RT20250000011305,1.0,8.0,1,0,"桃園市觀音區大觀路三段-25°02'24.5""N 121°07'52.8""E",5A-平鎮倉,1x,N_1469,1,台61-觀音,TH61,5.702097658099799
25.04057,121.29708,77396 長友營造-長榮航空園區,RT202500009716,1.0,16.0,0,1,桃園市蘆竹區新南路１段376號-長榮航空園區-電聯定位,5A-平鎮倉,2x,N_1470,2,國1-南崁,N1,1.7841374294874708
25.04065,121.52377,76038 麗高-中正區徐州路19號,RT202500009420,1.0,8.0,1,0,臺北市中正區徐州路19號,5A-平鎮倉,1x,N_1471,1,國1-台北,N1,2.4586823225862444
25.04066,121.52373,76038 麗高-中正區徐州路19號,RT202500003203,1.0,8.0,1,0,臺北市中正區徐州路19號,5A-平鎮倉,1x,N_1472,1,國1-台北,N1,2.4550542781166307
25.04113,121.53486,63258 福住-新生南路,RT20250000013404,1.0,8.0,1,0,臺北市大安區新生南路1段97巷11號,5A-平鎮倉,1x,N_1473,1,國1-台北,N1,3.3348370119833466
25.04126,121.06793,75058 玄通營造,RT20250000012968,1.0,32.0,0,1,桃園市觀音區環科路528號-聯華二期,5A-平鎮倉,2x,N_1474,4,台61-觀音,TH61,1.347050285809091
25.0413,121.16158,77058  祥鼎營造-廣大段-#銜接73791 福泰開發,RT202500007984,1.0,8.0,1,0,桃園市觀音區(大園區)廣大路1016巷65弄36號,5A-平鎮倉,1x,N_1475,1,台61-觀音,TH61,9.056529657346951
25.04158,121.13272,73114 上亞營造-富溪段,RT20240000010007,1.0,8.0,1,0,桃園市觀音區一心路全,5A-平鎮倉,1x,N_1476,1,台61-觀音,TH61,5.854547448847797
25.04167,121.42372,75135 樂煬有限-泰山,RT20250000012836,1.0,8.0,1,0,"新北市泰山區明志路三段74巷-25°02'31.2""N 121°25'25.8""E",5D-五股倉,1x,N_1477,1,台65-新莊,TH65,2.150730053563225
25.04178,121.50923,74135 遠揚營造-中正區,RT202500009551,1.0,16.0,1,0,臺北市中正區延平南路&寶慶路交叉口,5A-平鎮倉,1x,N_1478,2,國1-台北,N1,1.8024475851741932
25.04181,121.57397,71790 吉宗營造,RT20250000014019,1.0,8.0,1,0,臺北市信義區忠孝東路５段345巷12號,5A-平鎮倉,1x,N_1479,1,國1-內湖,N1,4.393521061403739
25.04187,121.52708,76007 朋揚營造-真耶穌教會外觀,RT202500003109,1.0,8.0,1,0,臺北市中正區杭州南路1段29號,5A-平鎮倉,1x,N_1480,1,國1-台北,N1,2.6076810693213943
25.04202,121.13335,75637 信都建設-觀音,RT202500001612,1.0,16.0,1,0,桃園市觀音區大觀路二段437號-寶雅觀音大觀店對面,5A-平鎮倉,1x,N_1481,2,台61-觀音,TH61,5.92609331945533
25.04213,121.41211,65922 利晉-南亞林口,RT202500008833,1.0,144.0,0,1,新北市泰山區南林路102號旁巷子工地-電聯定位-1F,5D-五股倉,2x,N_1482,18,台65-新莊,TH65,2.806761811946828
25.04214,121.13242,73114 上亞營造-富溪段,RT202400006013,1.0,8.0,1,0,桃園市觀音區大觀路三段與富觀街交叉口進去-附參考座標,5A-平鎮倉,1x,N_1483,1,台61-觀音,TH61,5.823466661362229
25.04223,121.13227,77991 閎升營造-名園七八期,RT20250000012385,1.0,24.0,1,0,桃園市觀音區福祥街20號對面-草漯-組合屋,5A-平鎮倉,1x,N_1484,3,台61-觀音,TH61,5.80724779752072
25.0423,121.13553,73779 大鑫工程行,RT202500007766,1.0,8.0,1,0,桃園市觀音區大觀路二段&莊一街轉角,5A-平鎮倉,1x,N_1485,1,台61-觀音,TH61,6.16911487645564
25.04233,121.13216,75158 閎升營造-名園建設富溪段86地號,RT20240000014614,1.0,8.0,1,0,桃園市觀音區大觀路2段437號轉進去福昌街,5A-平鎮倉,1x,N_1486,1,台61-觀音,TH61,5.7955336539874285
25.04248,121.54618,78098 稻田營造-大安區1,RT20250000012878,1.0,8.0,1,0,臺北市大安區大安路一段65號,5A-平鎮倉,1x,N_1487,1,國1-台北,N1,4.369880954763065
25.0425,121.41074,65922 利晉-南亞林口,RT202500008824,"2.0,3.0",23.0,1,0,新北市泰山區南林路102號旁巷子工地-廢水棟-B棟-2F-3F,5D-五股倉,1x,N_1488,2,台65-新莊,TH65,2.888555284151674
25.04255,121.24525,76709 南昌營造-南青路,RT202500006529,1.0,8.0,1,0,"桃園市蘆竹區南青路25°02'32.7""N 121°14'42.2""E",5A-平鎮倉,1x,N_1489,1,國1-桃園,N1,2.557978081415003
25.04261,121.58833,73893 宏展開發-南港,RT202500008306,1.0,8.0,1,0,臺北市南港區成福路121巷23號,5A-平鎮倉,1x,N_1490,1,國1-內湖,N1,3.9326612314054996
25.04274,121.41054,65922 利晉-南亞林口,RT202500008822,2.0,22.0,1,0,新北市泰山區南林路102號旁巷子工地-設備棟-A棟-2F,5D-五股倉,1x,N_1491,2,台65-新莊,TH65,2.887278778227798
25.04285,121.44162,77372 簡玉萍,RT202500009637,1.0,8.0,1,0,新北市新莊區中環路二段上-宏國-宏道豐匯-電聯定位,5D-五股倉,1x,N_1492,1,台65-新莊,TH65,2.299460579113506
25.04288,121.4111,65922 利晉-南亞林口,RT202500008834,4.0,24.0,1,0,新北市泰山區南林路102號旁巷子工地-設備棟-A棟-4F,5D-五股倉,1x,N_1493,2,台65-新莊,TH65,2.8306183975238253
25.04314,121.14159,72992 彭詩茜小姐,RT202400005653,1.0,8.0,1,0,桃園市觀音區八德六街70號,5A-平鎮倉,1x,N_1494,1,台61-觀音,TH61,6.845368920057787
25.04316,121.62613,76896 福住建設-汐止區,RT202500007345,1.0,8.0,1,0,新北市汐止區東勢街6號~8號對面工地,5D-五股倉,1x,N_1495,1,國3-汐止系統,N3,3.0559541820027034
25.04323,121.13266,74777 全殷建設-觀音28地號,RT20240000013018,1.0,16.0,1,0,"桃園市觀音區福昌街-附座標25°02'35.7""N 121°07'56.3""E",5A-平鎮倉,1x,N_1496,2,台61-觀音,TH61,5.856245232954654
25.04339,121.46502,78002 立華營造-泰博新莊,RT20250000012480,1.0,16.0,1,0,新北市新莊區化成路9-2.9-3號-711宜家門市對面,5D-五股倉,1x,N_1497,2,國1-三重,N1,2.1383927451479847
25.0434,121.43133,70957 北翰營造有限公司,RT20250000011241,1.0,8.0,1,0,新北市泰山區中港西路與新生路交叉口附近,5D-五股倉,1x,N_1498,1,台65-新莊,TH65,1.8485046326422943
25.04344,121.2932,76064 宜鼎營造-蘆竹,RT202500003319,1.0,8.0,1,0,桃園市蘆竹區中正路109巷40號旁,5A-平鎮倉,1x,N_1499,1,國1-南崁,N1,1.3314152716561525
25.04345,121.23618,76033 豫德營造-大園區,RT202500003173,1.0,8.0,1,0,"桃園市大園區大竹北路1085巷165號25°02'36.1""N 121°14'09.7""E",5A-平鎮倉,1x,N_1500,1,國1-桃園,N1,3.021351694672222
25.04353,121.22437,75882 陳春木-大園,RT202500002634,1.0,8.0,1,0,桃園市大園區中正東路1段438號-帶定位,5A-平鎮倉,1x,N_1501,1,國1-桃園,N1,3.862030897572516
25.04363,121.23522,77213 朝成營造-大園區1,RT202500008875,1.0,8.0,1,0,桃園市大園區大竹北路1085巷107號-大園重劃區-附地標,5A-平鎮倉,1x,N_1502,1,國1-桃園,N1,3.0937460337430838
25.04371,121.13479,77429 建家建設-福德街310號,RT202500009846,1.0,8.0,1,0,桃園市觀音區福德街310號隔壁工地,5A-平鎮倉,1x,N_1503,1,台61-觀音,TH61,6.095616517809836
25.04371,121.5556,49797 統一速達(股),RT20250000011114,1.0,8.0,1,0,臺北市大安區光復南路96巷25號-電聯,5A-平鎮倉,1x,N_1504,1,國1-圓山,N1,5.117165130822116
25.04372,121.24727,73846 尚美營造-慶達汽車,RT202400008918,1.0,8.0,1,0,桃園市蘆竹區南青路392號旁,5A-平鎮倉,1x,N_1505,1,國1-桃園,N1,2.6503009088215768
25.04384,121.14516,74932 佳沅建設-大觀段,RT20240000013548,1.0,8.0,1,0,"桃園市觀音區草新一路-25°02'38.2""N 121°08'43.8""E",5A-平鎮倉,1x,N_1506,1,台61-觀音,TH61,7.24530867218295
25.04388,121.13805,76385 南昌營造-許子翔住宅,RT202500005010,1.0,8.0,1,0,桃園市觀音區大觀路二段272號,5A-平鎮倉,1x,N_1507,1,台61-觀音,TH61,6.45792705633259
25.04389,121.21789,66368 利德工程-大園,RT202300007705,1.0,48.0,1,0,桃園市大園區埔心里埔心77-12號旁組合屋(工務所)-帶過去定位點,5A-平鎮倉,1x,N_1508,6,國1-桃園,N1,4.442474887740306
25.04391,121.30855,76922 朝陽營造-旭軟電子,RT202500007414,1.0,8.0,1,0,桃園市龜山區南上路566巷36號旁,5A-平鎮倉,1x,N_1509,1,國1-南崁,N1,2.3989629598214925
25.04392,121.56804,70869 合聯-信義麗心,RT20250000011867,1.0,16.0,1,0,臺北市信義區松隆路42號旁,5A-平鎮倉,1x,N_1510,2,國1-內湖,N1,4.500208867153098
25.04395,121.23579,76414 陳春木-蕭國亨等三人,RT202500005162,1.0,8.0,1,0,桃園市大園區大竹北路1085巷121號附近-重劃區,5A-平鎮倉,1x,N_1511,1,國1-桃園,N1,3.091158882781912
25.04399,121.11196,76533 和?科技-工業八路,RT202500005657,1.0,8.0,1,0,桃園市觀音區工業八路123號,5A-平鎮倉,1x,N_1512,1,台61-觀音,TH61,3.5750990903328237
25.04433,121.41286,65922 利晉-南亞林口,"RT20250000012474,RT202500009201","4.0,5.0",24.0,1,0,新北市泰山區南林路102號旁巷子工地-廢水棟-B棟-4F-另一支支管,5D-五股倉,1x,N_1513,2,台65-新莊,TH65,2.5778026395566176
25.04438,121.08434,77752 宸莘營造-工業社區,RT20250000011319,1.0,8.0,1,0,桃園市觀音區自強五街8號對面工地,5A-平鎮倉,1x,N_1514,1,台61-觀音,TH61,0.6844299964204019
25.04448,121.54167,67761 世達-大安區,RT20250000012663,1.0,8.0,1,0,臺北市大安區市民大道３段252號(安東街交叉口),5A-平鎮倉,1x,N_1515,1,國1-台北,N1,3.82230123816701
25.04454,121.13827,76914 恆基建設-同#72745,RT202500007397,1.0,8.0,1,0,桃園市觀音區福興街180號-棒壘球場對面,5A-平鎮倉,1x,N_1516,1,台61-觀音,TH61,6.48757207624785
25.04462,121.17038,75668 德山營造-客運一段356-1地號,RT202500001693,1.0,8.0,1,0,桃園市大園區學十街199號對面,5A-平鎮倉,1x,N_1517,1,國1-桃園,N1,9.250695514652408
25.0448,121.2459,77824 同立營造-宏竹路,RT20250000011535,1.0,8.0,1,0,桃園市蘆竹區宏竹路202號附近空地-航空城,5A-平鎮倉,1x,N_1518,1,國1-桃園,N1,2.7901655596037322
25.04485,121.30567,76804 協易機械-南上路,RT20250000013723,1.0,32.0,1,0,桃園市龜山區南上路446號,5A-平鎮倉,1x,N_1519,4,國1-南崁,N1,2.072377431695271
25.04485,121.57619,76350 宏民營造-永吉路拆除案,RT202500007915,1.0,16.0,1,0,臺北市信義區永吉路328號,5A-平鎮倉,1x,N_1520,2,國1-內湖,N1,3.9861807774612417
25.04489,121.39986,73853 三民營造-龜山樂善安居,RT202500008178,1.0,32.0,1,0,桃園市龜山區文南路171號,5A-平鎮倉,1x,N_1521,4,台65-新莊,TH65,3.7424151661329836
25.045,121.09002,77299 勤牧國際-酷澎倉庫,RT202500009217,1.0,88.0,1,0,桃園市觀音區玉林路一段521號-酷澎倉庫,5A-平鎮倉,1x,N_1522,11,台61-觀音,TH61,1.2430037523674806
25.04502,121.13606,77589 德山-草富段416,RT20250000010569,1.0,8.0,1,0,桃園市觀音區褔德街285號旁,5A-平鎮倉,1x,N_1523,1,台61-觀音,TH61,6.247558851583816
25.04513,121.14567,76968 友泉營造-周月燕住宅,RT202500007589,1.0,8.0,1,0,桃園市觀音區草新一路&草新路交叉口,5A-平鎮倉,1x,N_1524,1,台61-觀音,TH61,7.311577498857252
25.04515,121.30115,71177 匯發-南上路,RT20250000012788,1.0,24.0,1,0,桃園市龜山區(蘆竹區)南上路280巷,5A-平鎮倉,1x,N_1525,3,國1-南崁,N1,1.6514211289069225
25.04527,121.35871,73201 尚駿營造-森業,RT202400006290,1.0,8.0,1,0,桃園市龜山區忠義路二段260巷28號旁,5A-平鎮倉,1x,N_1526,1,國1-林口,N1,2.748762099018565
25.04528,121.14603,66341 竑鈦-觀音445地號,RT20250000011704,1.0,8.0,1,0,桃園市觀音區草新路與草新一路交叉口,5A-平鎮倉,1x,N_1527,1,台61-觀音,TH61,7.352725210103855
25.0453,121.39184,74350 日富營造-文青國中,RT20240000011015,1.0,16.0,1,0,桃園市龜山區樂善二路427號對面工地,5A-平鎮倉,1x,N_1528,2,國1-林口,N1,4.473004724746168
25.04557,121.38934,73213 頤展營造-筑岳,"RT202500008080,RT202500008081","1.0,11.0",31.0,1,0,桃園市龜山區牛角坡與樂善二路交叉口工地-A棟,5A-平鎮倉,1x,N_1529,2,國1-林口,N1,4.237904555379083
25.0456,121.38934,73213 頤展營造-筑岳,RT202400009340,1.0,8.0,1,0,桃園市龜山區牛角坡路135號旁,5A-平鎮倉,1x,N_1530,1,國1-林口,N1,4.235774544000597
25.04562,121.38935,73213 頤展營造-筑岳,RT20250000011983,1.0,8.0,1,0,桃園市龜山區牛角坡與樂善二路交叉口工地-1F,5A-平鎮倉,1x,N_1531,1,國1-林口,N1,4.235209181952638
25.04563,121.38935,73213 頤展營造-筑岳,"RT202500005307,RT202500005308",6.0,49.0,1,0,桃園市龜山區牛角坡與樂善二路交叉口工地-A棟,5A-平鎮倉,1x,N_1532,2,國1-林口,N1,4.23450000913876
25.04563,121.38937,73213 頤展營造-筑岳,RT20240000010705,1.0,8.0,1,0,桃園市龜山區牛角坡路135號旁,5A-平鎮倉,1x,N_1533,1,國1-林口,N1,4.2362082231402125
25.04565,121.38952,76612 麗高-休憩中心,RT202500005961,1.0,16.0,1,0,桃園市龜山區牛角坡路115號,5A-平鎮倉,1x,N_1534,2,國1-林口,N1,4.2476219324352344
25.04574,121.17004,76072 元達建設-大園,RT202500003364,1.0,32.0,1,0,桃園市大園區學十三街-上順建築附近,5A-平鎮倉,1x,N_1535,4,國1-桃園,N1,9.324098578050265
25.0458,121.21204,78041 謝煜騰,RT20250000012630,1.0,8.0,1,0,桃園市大園區中山南路一段227巷9弄9號-電聯定位,5A-平鎮倉,1x,N_1536,1,國1-桃園,N1,5.094648006839972
25.04583,121.22585,77244 宏源工程-王新穎.林振清,RT202500009027,1.0,8.0,1,0,桃園市大園區中正東路一段189巷97之10號-航空城,5A-平鎮倉,1x,N_1537,1,國1-桃園,N1,3.9250883887376284
25.04584,121.20479,66170 義力-B1標,RT202400007552,1.0,8.0,1,0,桃園市大園區中山南路一段277巷97號附近工地,5A-平鎮倉,1x,N_1538,1,國1-桃園,N1,5.7801588173419765
25.04585,121.20469,66170 義力-B1標,RT202400007555,1.0,8.0,1,0,桃園市大園區中山南路一段277巷97號附近工地,5A-平鎮倉,1x,N_1539,1,國1-桃園,N1,5.790348380762761
25.04589,121.20461,66170 義力-B1標,RT202400007551,1.0,32.0,1,0,桃園市大園區中山南路686號旁(義力工務所),5A-平鎮倉,1x,N_1540,4,國1-桃園,N1,5.800261639632955
25.046,121.39071,75521 好記營造-龜山,RT202500001222,1.0,8.0,1,0,桃園市龜山區樂善二路778號,5A-平鎮倉,1x,N_1541,1,國1-林口,N1,4.326301147181028
25.04614,121.13279,73310 黎德堡國際股份有限公司,RT20250000012842,1.0,8.0,1,0,桃園市觀音區大同一路30號,5A-平鎮倉,1x,N_1542,1,台61-觀音,TH61,5.899191780888504
25.04617,121.16464,74432 巨京開發-客運二段,RT20250000011854,1.0,8.0,1,0,桃園市大園區環區西路593號旁,5A-平鎮倉,1x,N_1543,1,台61-觀音,TH61,9.419969401145394
25.04635,121.43975,78248 澄一營造股份有限公司,RT20250000013446,1.0,8.0,1,0,新北市泰山區信華五街169號,5D-五股倉,1x,N_1544,1,台65-新莊,TH65,1.8619733040510251
25.04643,121.29328,77022 基利興營造-南崁長老教會,RT202500007822,1.0,8.0,1,0,桃園市蘆竹區中正路86巷36號-南崁常老教會,5A-平鎮倉,1x,N_1545,1,國1-南崁,N1,1.0185621528895088
25.04646,121.35764,77082 合堤營造-長堤天昀,RT202500008138,1.0,8.0,1,0,桃園市龜山區忠義路二段311巷5弄-長堤天昀建築基地,5A-平鎮倉,1x,N_1546,1,國1-林口,N1,2.626038553639319
25.04652,121.22679,78038 謙平營造-橫埔段285地號-1/2,RT20250000012626,1.0,8.0,1,0,桃園市大園區中正東路一段189巷151-1號-橫埔段285地號-大園重劃區,5A-平鎮倉,1x,N_1547,1,國1-桃園,N1,3.9118870963390973
25.04655,121.22595,76888 國統-航空城橫浦段,RT202500007252,1.0,8.0,1,0,桃園市大園區埔心里,5A-平鎮倉,1x,N_1548,1,國1-桃園,N1,3.9763803773031716
25.04661,121.2268,78039 謙平營造-橫埔段277-282地號-2/2,RT20250000012627,1.0,8.0,1,0,桃園市大園區橫埔段277-282地號-大園重劃區,5A-平鎮倉,1x,N_1549,1,國1-桃園,N1,3.9186806203239652
25.04662,121.13934,75297 元丞建設-店鋪、集合住宅新建工程,RT20250015,1.0,8.0,1,0,桃園市觀音區四維路169號-店鋪、集合住宅新建工程,5A-平鎮倉,1x,N_1550,1,台61-觀音,TH61,6.627601697447497
25.0467,121.08989,77605 勁宇營造-桃科九路,RT20250000010649,1.0,8.0,1,0,桃園市觀音區桃科九路1號旁工地,5A-平鎮倉,1x,N_1551,1,台61-觀音,TH61,1.3259836251251442
25.04672,121.13604,74043 建家建設-草富段233地號,RT20250000013940,1.0,8.0,1,0,桃園市觀音區福祥街68號對面,5A-平鎮倉,1x,N_1552,1,台61-觀音,TH61,6.265003626494923
25.04674,121.52429,78263 睿森營造-拆除工程,RT20250000013476,1.0,16.0,1,0,臺北市中正區林森北路&北平東路交叉口-拆除工程,5A-平鎮倉,1x,N_1553,2,國1-台北,N1,2.0194426794776614
25.04675,121.14367,76965 九暘開發-學文二街,RT202500007821,1.0,8.0,1,0,"桃園市觀音區學文二街139號對面, 附地標",5A-平鎮倉,1x,N_1554,1,台61-觀音,TH61,7.106975044236684
25.0469,121.21354,66170 義力-B1標,RT202400007556,1.0,8.0,1,0,桃園市大園區中山南路一段277巷97號附近工地,5A-平鎮倉,1x,N_1555,1,國1-桃園,N1,5.029343242770925
25.04695,121.14696,78087 高齊建設-觀音區,RT20250000012820,1.0,8.0,1,0,桃園市觀音區成功南路上-附地標,5A-平鎮倉,1x,N_1556,1,台61-觀音,TH61,7.4724884246223136
25.04699,121.21355,66170 義力-B1標,RT202400007557,1.0,8.0,1,0,桃園市大園區中山南路一段277巷97號附近工地,5A-平鎮倉,1x,N_1557,1,國1-桃園,N1,5.034388572071371
25.04701,121.22578,77545 建鴻土木-埔心六路,RT20250000010405,1.0,8.0,1,0,桃園市大園區埔心六路-航空城,5A-平鎮倉,1x,N_1558,1,國1-桃園,N1,4.02694247146644
25.0471,121.38585,77102 富泰-車麗屋百貨,RT202500008342,1.0,16.0,1,0,桃園市龜山區文化一路&樂善二路交叉路口,5A-平鎮倉,1x,N_1559,2,國1-林口,N1,3.833330801340193
25.04711,121.22508,78211 茂成建設-橫埔段222地號,RT20250000013293,1.0,8.0,1,0,桃園市大園區中正東路一段-大園重劃區-橫埔段222地號-附地標,5A-平鎮倉,1x,N_1560,1,國1-桃園,N1,4.087390937810683
25.04718,121.1428,75057 鴻堡建設-觀音,RT20250000013347,1.0,16.0,1,0,桃園市觀音區學文二街139號對面,5A-平鎮倉,1x,N_1561,2,台61-觀音,TH61,7.0162119238513405
25.04719,121.24201,78052 佳運工程行-航空城-13,RT20250000012670,1.0,16.0,1,0,桃園市蘆竹區宏竹路101巷-福海段1201-1206地號-附地標,5A-平鎮倉,1x,N_1562,2,國1-桃園,N1,3.14570200753376
25.04722,121.24211,76420 德山營造-福海段1198/1199地號,RT202500005178,1.0,8.0,1,0,"桃園市大園區大竹南路81號對面工區大門25°02'49.9""N 121°14'31.7""E",5A-平鎮倉,1x,N_1563,1,國1-桃園,N1,3.145788762854319
25.04722,121.5884,70186 同心-南港玉成,RT20250000012580,1.0,16.0,1,0,臺北市南港區東新街77巷7號旁,5A-平鎮倉,1x,N_1564,2,國1-內湖,N1,3.421192870388987
25.04728,121.24137,77339 北揚-1137~1143地號,RT202500009367,1.0,8.0,1,0,桃園市蘆竹區大竹北路966之1號-航空城-會合點,5A-平鎮倉,1x,N_1565,1,國1-桃園,N1,3.1759877788335396
25.04743,121.13976,76640 三禾苑-同#76639,RT202500006151,1.0,8.0,1,0,桃園市觀音區富平街27號旁,5A-平鎮倉,1x,N_1566,1,台61-觀音,TH61,6.684432994839255
25.04752,121.24165,75557 佳運工程-航空城,"RT202500001320,RT202500001393",1.0,16.0,1,0,桃園市蘆竹區宏竹路101巷130號附近,5A-平鎮倉,1x,N_1567,2,國1-桃園,N1,3.1922351418556163
25.04753,121.22746,76990 築億營造-大園區-1,RT202500007686,1.0,8.0,1,0,桃園市大園區中正東路１段438之1號-大園重劃區,5A-平鎮倉,1x,N_1568,1,國1-桃園,N1,3.949405113748489
25.04756,121.23446,78333 子紳營造-福海段443地號,RT20250000013786,1.0,8.0,1,0,桃園市大園區大竹南路進去(A1-1.福海段443地號)-附地標,5A-平鎮倉,1x,N_1569,1,國1-桃園,N1,3.511962116709308
25.04758,121.21362,66170 義力-B1標,RT202400007553,1.0,8.0,1,0,桃園市大園區中山南路686號附近-電聯帶定位,5A-平鎮倉,1x,N_1570,1,國1-桃園,N1,5.067439710227933
25.0476,121.1458,73867 乾宏建設-觀音,RT20250000011946,1.0,8.0,1,0,桃園市觀音區文學一街-附座標,5A-平鎮倉,1x,N_1571,1,台61-觀音,TH61,7.352357132239517
25.0476,121.22742,77675 元豪工程-大園橫浦段,RT20250000011037,1.0,8.0,1,0,桃園市大園區中正東路一段189巷139號-附地標,5A-平鎮倉,1x,N_1572,1,國1-桃園,N1,3.9582301176665418
25.04762,121.23937,76583 前衛營造-福海段969地號,RT202500005826,1.0,8.0,1,0,"桃園市蘆竹區大竹北路1020號25°02'51.5""N 121°14'21.8""E附近",5A-平鎮倉,1x,N_1573,1,國1-桃園,N1,3.2850398897579365
25.04767,121.22773,78250 常詠營造-橫埔段146.147地號,RT20250000013459,1.0,8.0,1,0,桃園市大園區大園重劃區-橫埔段146147地號-電聯定位,5A-平鎮倉,1x,N_1574,1,國1-桃園,N1,3.942581560069957
25.04777,121.22523,78106 謙平營造-橫埔段368-368地號-4/4,RT20250000012889,1.0,8.0,1,0,桃園市大園區大園重劃區-橫埔段368-368地號,5A-平鎮倉,1x,N_1575,1,國1-桃園,N1,4.1305213450365414
25.04782,121.24132,76765 泓昇營造-航空城-711地號,RT202500006859,1.0,8.0,1,0,桃園市大園區大竹南路937-1號對面(航空城重劃區-地號711,5A-平鎮倉,1x,N_1576,1,國1-桃園,N1,3.234835580180384
25.04786,121.22811,78007 民興營造-橫埔段64-67,RT20250000012506,1.0,8.0,1,0,桃園市大園區中正東路一段189巷83號-航空城-橫埔段64-67地號,5A-平鎮倉,1x,N_1577,1,國1-桃園,N1,3.9328346387433837
25.04787,121.22532,77181 鴻城建設-大園區,RT202500008754,1.0,8.0,1,0,桃園市大園區中正東路一段189巷35號-埔心國小附近-大園重劃區,5A-平鎮倉,1x,N_1578,1,國1-桃園,N1,4.132181750032569
25.04789,121.22618,77695 睿騏營造-埔心一路,RT20250000011120,1.0,8.0,1,0,桃園市大園區埔心一路及六路口-近埔心國小-電聯定位,5A-平鎮倉,1x,N_1579,1,國1-桃園,N1,4.071210813075133
25.04794,121.2272,77440 永融-橫埔段100~106,RT202500009895,1.0,8.0,1,0,桃園市大園區中正東路一段189巷,5A-平鎮倉,1x,N_1580,1,國1-桃園,N1,4.00290624866518
25.04797,121.22734,76025 南昌營造-劉倉宇住宅,RT202500003156,1.0,8.0,1,0,桃園市大園區中正東路一段189巷129號,5A-平鎮倉,1x,N_1581,1,國1-桃園,N1,3.99568625851692
25.04806,121.2398,76206 詹勳展-同冠晴,RT202500004016,1.0,8.0,1,0,"桃園市大園區大竹南路25°02'51.8""N 121°14'22.9""E",5A-平鎮倉,1x,N_1582,1,國1-桃園,N1,3.3140585021389355
25.04807,121.22661,77187 民興營造-橫埔段363地號,RT202500008789,1.0,8.0,1,0,桃園市大園區中正東路一段189巷83號,5A-平鎮倉,1x,N_1583,1,國1-桃園,N1,4.055705173826534
25.04819,121.24245,78269 佳運工程行-航空城-16,RT20250000013485,1.0,8.0,1,0,桃園市大園區大海里福海段1107地號-附地標,5A-平鎮倉,1x,N_1584,1,國1-桃園,N1,3.239372166114993
25.04824,121.23849,75557 佳運工程-航空城,RT202500003774,1.0,32.0,1,0,桃園市蘆竹區宏竹路101巷130號附近,5A-平鎮倉,1x,N_1585,4,國1-桃園,N1,3.38500446701338
25.04828,121.24109,77802 樘鈺營造-福海段948,RT20250000011836,1.0,8.0,1,0,桃園市大園區大竹南路-航空城-福海段948地號,5A-平鎮倉,1x,N_1586,1,國1-桃園,N1,3.2911949238079434
25.04829,121.2426,78296 謙平營造-福海段1104.1105地號,RT20250000013596,1.0,8.0,1,0,桃園市大園區宏竹路附近-福海段1104.1105地號-附地標,5A-平鎮倉,1x,N_1587,1,國1-桃園,N1,3.2458421397384813
25.04829,121.51332,69918 華熊營造-雙星-D棟,RT202500005593,1.0,16.0,1,0,臺北市中正區北平西路7號(機捷)-D棟,5A-平鎮倉,1x,N_1588,2,國1-台北,N1,1.139070404539868
25.04832,121.1987,72726 弘棋-田心段815地號,RT202500007209,1.0,8.0,1,0,桃園市大園區華興路二段2號對面工地,5A-平鎮倉,1x,N_1589,1,國1-桃園,N1,6.504365494066091
25.04832,121.22798,77566 永融-橫埔段37~39,RT20250000010502,1.0,8.0,1,0,桃園市大園區中正東路一段189巷-航空城-橫埔段37~39地號,5A-平鎮倉,1x,N_1590,1,國1-桃園,N1,3.9819504515751207
25.04832,121.51333,72236 華熊營造-雙星-C棟,RT202500002120,1.0,48.0,1,0,臺北市中正區北平西路7號(機捷)-C棟,5A-平鎮倉,1x,N_1591,6,國1-台北,N1,1.1362806023597993
25.04833,121.24114,76508 祥鼎營造-大海里-2,RT202500005523,1.0,8.0,1,0,"桃園市大園區大海里25°02'53.1""N 121°14'28.1""E",5A-平鎮倉,1x,N_1592,1,國1-桃園,N1,3.2948279785900763
25.0484,121.1198,69530 乾隆建設-泰安街,RT20250000011017,1.0,8.0,1,0,桃園市觀音區泰安街58號對面,5A-平鎮倉,1x,N_1593,1,台61-觀音,TH61,4.515121991707421
25.0484,121.21125,66170 義力-B1標,RT202400007554,1.0,16.0,1,0,桃園市大園區中山南路一段277巷97號附近工地,5A-平鎮倉,1x,N_1594,2,國1-桃園,N1,5.332764510316803
25.0484,121.48765,74247 承優營造-三重段427地號,RT20240000010653,1.0,8.0,1,0,新北市三重區環河南路&成功二街交叉口,5D-五股倉,1x,N_1595,1,國1-三重,N1,2.473289486190712
25.04843,121.53373,75778 長友營造-長榮桂冠酒店,RT202500003523,1.0,8.0,0,1,臺北市中山區松江路63號,5A-平鎮倉,2x,N_1596,1,國1-台北,N1,2.8401640082573216
25.04844,121.59496,65510 豐譽聯合-南港,RT20250000013448,1.0,16.0,0,1,臺北市南港區昆陽街161號旁工地,5A-平鎮倉,2x,N_1597,2,國1-內湖,N1,3.3270297953579635
25.04847,121.22444,77313 晟富工程行,RT202500009253,1.0,8.0,1,0,桃園市大園區中正東路一段35號埔心國小旁-大園重劃區-電聯定位,5A-平鎮倉,1x,N_1598,1,國1-桃園,N1,4.246899020991462
25.04848,121.14961,71953 東發-觀音,RT20250000012222,1.0,8.0,1,0,桃園市觀音區大功路203號,5A-平鎮倉,1x,N_1599,1,台61-觀音,TH61,7.783832954431628
25.04848,121.22836,77561 昇皇營造-橫埔段41.42.43地號,RT20250000010454,1.0,8.0,1,0,桃園市大園區大竹南路-航空城-橫埔段41.42.43地號,5A-平鎮倉,1x,N_1600,1,國1-桃園,N1,3.9703258556450938
25.0485,121.13718,76398 迦得建設-福昌街,RT202500005068,1.0,8.0,1,0,桃園市觀音區福昌街97號旁,5A-平鎮倉,1x,N_1601,1,台61-觀音,TH61,6.416724037264168
25.04853,121.14032,74984 乾宏建設-觀音忠孝路,RT20250000013180,1.0,8.0,1,0,桃園市觀音區忠孝路111巷106號,5A-平鎮倉,1x,N_1602,1,台61-觀音,TH61,6.762135396404495
25.04856,121.48808,74247 承優營造-三重段427地號,RT20240000012462,1.0,8.0,1,0,新北市三重區環河南路&成功二街交叉口,5D-五股倉,1x,N_1603,1,國1-三重,N1,2.5006307044423566
25.04861,121.24042,77565 秝埜營造-陳萬金,RT20250000010501,1.0,8.0,1,0,桃園市大園區大竹南路81號-航空城重劃區,5A-平鎮倉,1x,N_1604,1,國1-桃園,N1,3.349016427027532
25.04865,121.24247,76370 和翔家營,RT202500004880,1.0,8.0,1,0,桃園市蘆竹區(大園區)宏竹路-航空城重劃區,5A-平鎮倉,1x,N_1605,1,國1-桃園,N1,3.288155381273787
25.04866,121.14837,76188 堉銓建材-寶佳,RT202500003884,1.0,16.0,1,0,桃園市觀音區成功南路跟大功路交叉口工地,5A-平鎮倉,1x,N_1606,2,台61-觀音,TH61,7.649706154650859
25.04867,121.24061,77033 佳運工程行-航空城-4,RT202500007898,1.0,8.0,1,0,桃園市大園區大海里福海段841地號-附地標-大園重劃區,5A-平鎮倉,1x,N_1607,1,國1-桃園,N1,3.348708297388766
25.0487,121.24151,77337 秝埜營造-李秋和,RT202500009356,1.0,8.0,1,0,桃園市大園區大竹南路81號-航空城重劃區,5A-平鎮倉,1x,N_1608,1,國1-桃園,N1,3.3221654688018387
25.04871,121.24004,76826 合偉-航空城,RT202500007032,1.0,8.0,1,0,桃園市大園區大竹南路-航空城重劃區,5A-平鎮倉,1x,N_1609,1,國1-桃園,N1,3.373132207563438
25.04876,121.58398,78113 中友機電工程-B1644玉成臨,RT20250000012905,1.0,8.0,1,0,臺北市南港區忠孝東路六段39號-後方空地,5A-平鎮倉,1x,N_1610,1,國1-內湖,N1,3.313713472525874
25.04878,121.58254,59739 統營營造股份有限公司,RT20250000013238,-2.0,7.0,1,0,臺北市南港區市民大道７段與玉成街交岔口,5A-平鎮倉,1x,N_1611,1,國1-內湖,N1,3.347455251381368
25.04881,121.14576,77840 福綱開發建設有限公司,RT20250000011775,1.0,8.0,1,0,桃園市觀音區草新一路與學文街交叉路口附近-附地標,5A-平鎮倉,1x,N_1612,1,台61-觀音,TH61,7.364574962460213
25.04883,121.5844,74638 晉煌營造-南港,RT20250000011787,1.0,8.0,1,0,臺北市南港區東新街3號對面工地,5A-平鎮倉,1x,N_1613,1,國1-內湖,N1,3.296996920972263
25.04888,121.08573,78360 捷翔開發建設-觀音區,RT20250000013947,1.0,8.0,1,0,桃園市觀音區白玉三路上近桃科七路工地,5A-平鎮倉,1x,N_1614,1,台61-觀音,TH61,1.173072556707496
25.04896,121.2279,77568 永融-橫埔段341~345,RT20250000010505,1.0,8.0,1,0,桃園市大園區中正東路一段189巷-航空城-橫埔段341~345地號,5A-平鎮倉,1x,N_1615,1,國1-桃園,N1,4.043648798251169
25.04902,121.23026,77988 億龍營造-以利亞,RT20250000012380,1.0,8.0,1,0,桃園市大園區桃航三路&大海路路口,5A-平鎮倉,1x,N_1616,1,國1-桃園,N1,3.8958122115932117
25.04903,121.24188,75363 前衛營造-蘆竹,RT202500003511,1.0,16.0,1,0,桃園市蘆竹區大竹北路1020號附近25 02 45.97  121 14 49.19-500公尺,5A-平鎮倉,1x,N_1617,2,國1-桃園,N1,3.346010814582071
25.04906,121.24038,77487 伯皇營造-福海段729地號,RT20250000010086,1.0,8.0,1,0,桃園市大園區大竹南路-航空城,5A-平鎮倉,1x,N_1618,1,國1-桃園,N1,3.3978113526210407
25.04908,121.58227,59739 統營營造股份有限公司,RT20250000013239,1.0,24.0,1,0,臺北市南港區市民大道７段與玉成街交岔口,5A-平鎮倉,1x,N_1619,3,國1-內湖,N1,3.3228129491894887
25.04909,121.24082,77548 東騏營造-福海段822地號,RT20250000010413,1.0,8.0,1,0,桃園市大園區大竹南路-航空城-822地號,5A-平鎮倉,1x,N_1620,1,國1-桃園,N1,3.385955797186399
25.04914,121.2284,77567 永融-橫埔段30.49,RT20250000010503,1.0,8.0,1,0,桃園市大園區中正東路一段189巷-航空城-橫埔段30.49地號,5A-平鎮倉,1x,N_1621,1,國1-桃園,N1,4.026255676382798
25.04915,121.56263,66019 更新會-松山區,RT20250000013343,1.0,16.0,1,0,臺北市松山區八德路４段169號跟171號(原京華城對面工地),5A-平鎮倉,1x,N_1622,2,國1-內湖,N1,4.4141720455145546
25.04922,121.54667,74512 瑞恆營造-九榮實業,RT20240000011737,1.0,8.0,1,0,臺北市松山區八德路二段437巷8弄9號,5A-平鎮倉,1x,N_1623,1,國1-圓山,N1,3.9662542925672075
25.04926,121.24142,78155 永融營造-福海段815.816地號-N棟,RT20250000013025,1.0,8.0,1,0,桃園市大園區大園重劃區-福海段815816地號-附工務所地標電聯定位,5A-平鎮倉,1x,N_1624,1,國1-桃園,N1,3.3846155238076086
25.04928,121.23061,77546 建鴻土木-桃航三路,RT20250000010406,1.0,8.0,1,0,桃園市大園區桃航三路-航空城,5A-平鎮倉,1x,N_1625,1,國1-桃園,N1,3.898124196392494
25.04929,121.58263,71850 松肯營造工程有限公司,RT20250000012066,1.0,8.0,1,0,臺北市南港區市民大道七段39號對面工地,5A-平鎮倉,1x,N_1626,1,國1-內湖,N1,3.2901362435318324
25.04935,121.24158,78373 偉軒營造-航空程大竹南路,RT20250000014003,1.0,8.0,1,0,桃園市大園區大竹南路-附座標,5A-平鎮倉,1x,N_1627,1,國1-桃園,N1,3.389262628788279
25.04939,121.14849,76610 明筑建設-135地號,RT202500005952,1.0,16.0,1,0,"桃園市觀音區成功南路151號25°02'56.0""N 121°08'53.2""E",5A-平鎮倉,1x,N_1628,2,台61-觀音,TH61,7.67350650981642
25.0494,121.24009,76766 泓昇營造-航空城-1068地號,RT202500006881,1.0,8.0,1,0,桃園市大園區大竹南路937-1號對面(航空城重劃區-地號1068,5A-平鎮倉,1x,N_1629,1,國1-桃園,N1,3.4438062605350606
25.04941,121.14647,75476 友泉營造-竹韻二期 | 76132 友泉營造-簡月秋住宅,"RT202500003771,RT2025000915",1.0,16.0,1,0,桃園市觀音區學文一街320號旁-319地號,5A-平鎮倉,1x,N_1630,2,台61-觀音,TH61,7.451737628834836
25.04944,121.22985,78325 勤實創新營造-福海段227.228地號,RT20250000013759,1.0,8.0,1,0,桃園市大園區大海路附近-福海段227.228地號-附地標,5A-平鎮倉,1x,N_1631,1,國1-桃園,N1,3.9599724100176803
25.04944,121.23999,77728 佳運工程行-航空城-7,RT20250000011267,1.0,8.0,1,0,桃園市大園區大海里福海段745-746地號-大園重劃區-附地標,5A-平鎮倉,1x,N_1632,1,國1-桃園,N1,3.4515711926163832
25.04944,121.24084,77086 秝埜營造-陳榮彰,RT202500008177,1.0,8.0,1,0,桃園市大園區大竹南路81號-航空城重劃區,5A-平鎮倉,1x,N_1633,1,國1-桃園,N1,3.422364557319902
25.04949,121.22802,78215 茂成建設-中正東路一段,RT20250000013302,1.0,8.0,1,0,桃園市大園區中正東路一段189巷143號-大園重劃區-附地標,5A-平鎮倉,1x,N_1634,1,國1-桃園,N1,4.082598258523479
25.04953,121.22694,77175 廣利宏營造有限公司,RT202500008746,1.0,8.0,1,0,桃園市大園區中正東路一段189巷35號埔心國小旁工地-大園重劃區,5A-平鎮倉,1x,N_1635,1,國1-桃園,N1,4.158849459225641
25.04953,121.23002,76454 景盛土木-同#75557,RT202500005291,1.0,8.0,1,0,桃園市大園區大竹南路81號,5A-平鎮倉,1x,N_1636,1,國1-桃園,N1,3.9576151451730066
25.04953,121.24182,78326 勤實創新營造-福海段897.898地號,RT20250000013761,1.0,8.0,1,0,桃園市大園區福康路附近-福海段897.898地號-附地標,5A-平鎮倉,1x,N_1637,1,國1-桃園,N1,3.4012640575674236
25.04954,121.24172,78053 佳運工程行-航空城-14,RT20250000012671,1.0,8.0,1,0,桃園市大園區大海里福海段900地號-附地標,5A-平鎮倉,1x,N_1638,1,國1-桃園,N1,3.4053128446591225
25.04959,121.22716,77062 超揚營造-近埔心國小,RT202500008021,1.0,8.0,1,0,桃園市大園區中正東路一段189巷35號-埔心國小附近,5A-平鎮倉,1x,N_1639,1,國1-桃園,N1,4.149134417887715
25.04964,121.14037,78365 宜佳建設-草漯段558地號新建工程,RT20250000013964,1.0,8.0,1,0,桃園市觀音區莊敬路696號旁,5A-平鎮倉,1x,N_1640,1,台61-觀音,TH61,6.785965277431737
25.04965,121.27576,59789 大陸工程-機捷坑口站對面警衛亭旁 | 59935 大陸工程-G13車站,"RT20240000014503,RT20240000014517",1.0,32.0,0,1,桃園市蘆竹區中正北路與南竹路二段交叉口捷運G13工地-電聯定位,5A-平鎮倉,2x,N_1641,4,國1-南崁,N1,1.6885143268863068
25.04976,121.22951,77569 將豪營造-福海段1416.1417,RT20250000010510,1.0,8.0,1,0,桃園市大園區大竹南路-航空城-福海段1416.1417地號,5A-平鎮倉,1x,N_1642,1,國1-桃園,N1,4.010615558950679
25.0498,121.14948,75008 慶源營造-張家豪,RT20250000013279,1.0,8.0,1,0,桃園市觀音區大觀路1段343號,5A-平鎮倉,1x,N_1643,1,台61-觀音,TH61,7.7886180827152
25.04988,121.14063,72750 世霖-觀音253地號,RT202400004631,1.0,8.0,1,0,桃園市觀音區莊敬路698號,5A-平鎮倉,1x,N_1644,1,台61-觀音,TH61,6.818699643429496
25.04989,121.24142,77729 佳運工程行-航空城-8,RT20250000011268,1.0,8.0,1,0,桃園市大園區大海里福海段790-791地號-大園重劃區-附地標,5A-平鎮倉,1x,N_1645,1,國1-桃園,N1,3.451776086089626
25.04999,121.22968,77701 景盛土木-福海段174~178,RT20250000011138,1.0,8.0,1,0,桃園市大園區大竹南路81號-航空城-福海段174~178地號,5A-平鎮倉,1x,N_1646,1,國1-桃園,N1,4.02105447644025
25.04999,121.38048,76927 田鼎-華亞段,RT202500007442,1.0,8.0,1,0,桃園市龜山區文化一路86-50號旁邊工地,5A-平鎮倉,1x,N_1647,1,國1-林口,N1,3.1782277436494017
25.05001,121.12136,71951 乾隆建設-樂群街,RT20250000011848,1.0,8.0,1,0,桃園市觀音區樂群街14巷,5A-平鎮倉,1x,N_1648,1,台61-觀音,TH61,4.723502847855354
25.05002,121.14854,74501 元展開發-學文路,RT20250000011159,1.0,8.0,1,0,桃園市觀音區學文路-電聯帶定位,5A-平鎮倉,1x,N_1649,1,台61-觀音,TH61,7.688809034694386
25.05004,121.24087,77536 有城營造-航空城,RT20250000010325,1.0,8.0,1,0,桃園市蘆竹區(大園區)大竹北路1020號-航空城,5A-平鎮倉,1x,N_1650,1,國1-桃園,N1,3.4850438273427047
25.05017,121.13645,67837 久年營造-觀音昀辰,RT20250000012773,1.0,16.0,1,0,桃園市觀音區大同二路19號,5A-平鎮倉,1x,N_1651,2,台61-觀音,TH61,6.366826279976385
25.05036,121.48688,75402 紹華營造-誠譯,RT2025000516,1.0,8.0,1,0,新北市三重區成功一街&成功二街交叉口,5D-五股倉,1x,N_1652,1,國1-三重,N1,2.2759710244201594
25.0504,121.2412,78300 前衛營造-福海段671.674地號,RT20250000013600,1.0,8.0,1,0,桃園市大園區海福路附近-福海段671~674地號-附地標,5A-平鎮倉,1x,N_1653,1,國1-桃園,N1,3.512935183005628
25.05078,121.16596,70955 城鄉開發,RT20250000013556,1.0,8.0,1,0,桃園市大園區環區西路370號對面工地,5A-平鎮倉,1x,N_1654,1,台61-觀音,TH61,9.616297152750647
25.05087,121.3947,69892 尚駿營造-文工一路,RT202500006422,1.0,8.0,1,0,桃園市龜山區文工一路298巷29號旁,5A-平鎮倉,1x,N_1655,1,台65-新莊,TH65,4.047235507714552
25.05096,121.55744,73774 群盛建設-松山,RT202500007764,1.0,8.0,1,0,臺北市松山區光復北路120巷10號,5A-平鎮倉,1x,N_1656,1,國1-內湖,N1,4.697956425851845
25.051,121.25283,48239 宗運交通有限公司,RT202500008775,1.0,16.0,1,0,桃園市蘆竹區八股路366-1號,5A-平鎮倉,1x,N_1657,2,國1-桃園,N1,3.455308764336307
25.05109,121.17544,65672 高華建設-大園,RT202500005210,1.0,32.0,0,1,桃園市大園區文興街20巷1號斜對面工地-電聯定位,5A-平鎮倉,2x,N_1658,4,國1-桃園,N1,8.966836472564273
25.05109,121.55708,71114 安固營造-光復北路,"RT202500005052,RT202500005208","1.0,4.0",29.0,1,1,臺北市松山區光復北路120巷9號旁,5A-平鎮倉,2x,N_1659,3,國1-內湖,N1,4.719620929111156
25.05114,121.17704,77050 天麒建設-環區東路,RT202500007945,1.0,16.0,1,0,桃園市大園區環區東路&園九街口交叉口,5A-平鎮倉,1x,N_1660,2,國1-桃園,N1,8.805358757324493
25.05128,121.57118,76507 億東營造-松河街,RT202500005520,1.0,8.0,1,0,臺北市松山區松河街6號,5A-平鎮倉,1x,N_1661,1,國1-內湖,N1,3.627765980159557
25.05134,121.20422,66170 義力-B1標,RT202400007550,1.0,32.0,1,0,桃園市大園區中山南路686號旁(義力工務所),5A-平鎮倉,1x,N_1662,4,國1-桃園,N1,6.158253590425842
25.05149,121.1213,73395 駿樺建設-觀音,RT202500007377,1.0,8.0,1,0,桃園市觀音區永吉街172號旁,5A-平鎮倉,1x,N_1663,1,台61-觀音,TH61,4.758405840416248
25.05153,121.23216,75557 佳運工程-航空城,RT202500005671,1.0,8.0,1,0,桃園市蘆竹區宏竹路101巷130號附近,5A-平鎮倉,1x,N_1664,1,國1-桃園,N1,4.021213807608719
25.05162,121.35977,78044 順東營造-龜山區,RT20250000012767,1.0,8.0,1,0,桃園市龜山區文化東路88號,5A-平鎮倉,1x,N_1665,1,國1-林口,N1,2.0403397298734935
25.05166,121.16704,77984 呈豐營造-航科國小,RT20250000012367,1.0,8.0,1,0,桃園市大園區環區西路318號附近-航科國小,5A-平鎮倉,1x,N_1666,1,台61-觀音,TH61,9.747744960820608
25.0517,121.14568,77634 晨鑫營造股份有限公司,RT20250000010857,1.0,16.0,1,0,桃園市觀音區大觀路一段548巷工地,5A-平鎮倉,1x,N_1667,2,台61-觀音,TH61,7.405249511015884
25.05179,121.13906,77370 嘉禮建設-銜接#73157,RT202500009563,1.0,8.0,1,0,桃園市觀音區富貴三街中間工地,5A-平鎮倉,1x,N_1668,1,台61-觀音,TH61,6.685009166164529
25.05206,121.41767,63985 吉磊營造有限公司,RT2025000336,1.0,8.0,1,0,新北市泰山區南林路102號旁工地,5D-五股倉,1x,N_1669,1,台65-新莊,TH65,1.6278538854889024
25.05218,121.12019,76753 定翔工程,RT202500006822,1.0,8.0,1,0,桃園市觀音區長春街126號旁工地(觀音工業區),5A-平鎮倉,1x,N_1670,1,台61-觀音,TH61,4.66145620042662
25.05246,121.59221,66948 利晉-國產建材,RT20250000013369,1.0,24.0,1,0,臺北市南港區南港路３段33號,5A-平鎮倉,1x,N_1671,3,國1-內湖,N1,2.845533658156087
25.05262,121.1427,75338 嘉禮建設-388、389地號,RT2025000220,1.0,8.0,1,0,桃園市觀音區忠孝路107-3號-草漯萬應宮,5A-平鎮倉,1x,N_1672,1,台61-觀音,TH61,7.099276073122586
25.05264,121.37674,70508 中麟-華亞一期,RT20240000012519,11.0,17.0,1,0,桃園市龜山區文化一路86-26號(華亞一期)科技一路40號,5A-平鎮倉,1x,N_1673,1,國1-林口,N1,2.6769122326291277
25.05269,121.36633,74303 壢都營造-龜山文化路,RT20250000010828,1.0,8.0,1,0,桃園市龜山區文化七路181巷31弄27號,5A-平鎮倉,1x,N_1674,1,國1-林口,N1,2.0458507533546237
25.0528,121.2266,78046 卓越建設-大園福隆宮旁,RT20250000012642,1.0,8.0,1,0,桃園市大園區埔心里-大園福隆宮旁工地-附地標-電聯定位,5A-平鎮倉,1x,N_1675,1,國1-桃園,N1,4.472349650910427
25.05288,121.38372,74996 宸莘有限公司,RT20240000013877,1.0,8.0,1,0,桃園市龜山區長慶一街-電聯帶定位,5A-平鎮倉,1x,N_1676,1,國1-林口,N1,3.2470731172548724
25.05289,121.11031,76094 弘達流通-全聯觀音,RT20250000012204,1.0,32.0,0,1,桃園市觀音區工業七路10號,5A-平鎮倉,2x,N_1677,4,台61-觀音,TH61,3.6560107593114073
25.05293,121.14306,73478 長洲建設-觀音,RT202400007406,1.0,8.0,1,0,桃園市觀音區忠孝一街-草漯有應公斜對面,5A-平鎮倉,1x,N_1678,1,台61-觀音,TH61,7.14528692695482
25.05294,121.13717,77539 正冠開發-觀音區,RT20250000010343,1.0,8.0,1,0,桃園市觀音區富貴一街與富貴二街交叉口-電聯定位,5A-平鎮倉,1x,N_1679,1,台61-觀音,TH61,6.506392137928601
25.05294,121.56462,75900 一百-松山區,RT202500009853,1.0,8.0,1,0,臺北市松山區南京東路五段251巷29號,5A-平鎮倉,1x,N_1680,1,國1-內湖,N1,3.95905740145289
25.05296,121.16706,67135 北揚-大園,RT20250000013297,1.0,8.0,1,0,桃園市大園區環區西路&科八街,5A-平鎮倉,1x,N_1681,1,台61-觀音,TH61,9.770147361694056
25.05299,121.35432,73792 郁榮機械有限公司,RT202500008966,1.0,8.0,1,0,桃園市龜山區大湖路78號之16,5A-平鎮倉,1x,N_1682,1,國1-林口,N1,1.9905939823327494
25.053,121.36227,74868 蔡?山-文七五街,RT20240000013265,1.0,8.0,1,0,桃園市龜山區文七五街36號,5A-平鎮倉,1x,N_1683,1,國1-林口,N1,1.9037483764666845
25.053,121.38514,77866 大華建設-銜接#76915 樂捷C,RT20250000011674,1.0,8.0,1,0,桃園市龜山區樂學路&樂學一路交叉口,5A-平鎮倉,1x,N_1684,1,國1-林口,N1,3.368661825058196
25.05304,121.3771,70508 中麟-華亞一期,RT20250000012080,1.0,16.0,1,0,桃園市龜山區文化一路86-26號(華亞一期)科技一路40號,5A-平鎮倉,1x,N_1685,2,國1-林口,N1,2.6733529066698396
25.05306,121.1431,76573 閎升營造-420地號,RT202500005793,1.0,8.0,1,0,桃園市觀音區忠孝一街239號,5A-平鎮倉,1x,N_1686,1,台61-觀音,TH61,7.152547163466219
25.05307,121.09665,70388 福順營造-觀音,RT20250000011849,1.0,8.0,1,0,桃園市觀音區玉林路一段789號,5A-平鎮倉,1x,N_1687,1,台61-觀音,TH61,2.349551449830417
25.05311,121.37703,70508 中麟-華亞一期,"RT20240000012515,RT20240000012516,RT20240000012517,RT20240000012518,RT20250000012081","1.0,3.0,5.0,7.0,9.0",100.0,1,0,桃園市龜山區文化一路86-26號(華亞一期)科技一路40號,5A-平鎮倉,1x,N_1688,8,國1-林口,N1,2.662364560499239
25.05313,121.65781,72471 三雋營造-汐止,RT20250000012182,1.0,8.0,1,0,新北市汐止區水源路二段190號,5D-五股倉,1x,N_1689,1,國1-汐止,N1,1.6710311765488755
25.05324,121.13073,78095 慶源營造-三江電機,RT20250000013407,1.0,32.0,1,0,桃園市觀音區觀音工業區榮工南路8號,5A-平鎮倉,1x,N_1690,4,台61-觀音,TH61,5.819651243030099
25.05327,121.14263,74376 郡鼎建設-郡鼎佳禾,RT20240000011114,1.0,8.0,1,0,桃園市觀音區忠孝一街-郡鼎佳禾,5A-平鎮倉,1x,N_1691,1,台61-觀音,TH61,7.10626282555033
25.05335,121.55045,73787 逢昌營造-空總,RT202500008371,1.0,8.0,1,0,臺北市松山區南京東路四段53巷11弄8號,5A-平鎮倉,1x,N_1692,1,國1-圓山,N1,4.022620703596407
25.05341,121.37686,70508 中麟-華亞一期,RT202500001174,13.0,17.0,1,0,桃園市龜山區文化一路86-26號,5A-平鎮倉,1x,N_1693,1,國1-林口,N1,2.6255376500248224
25.05348,121.14143,75706 偉軒營造-觀音,RT202500001859,1.0,8.0,1,0,桃園市觀音區桃35鄉道155號,5A-平鎮倉,1x,N_1694,1,台61-觀音,TH61,6.980969320323831
25.05353,121.35644,76090 泰鋐建設,RT202500003585,1.0,16.0,1,0,桃園市龜山區大湖一路135號旁,5A-平鎮倉,1x,N_1695,2,國1-林口,N1,1.8703895248049567
25.05356,121.4741,77636 聯順建設-興德路,RT20250000010858,1.0,32.0,1,0,新北市三重區興德路69號,5D-五股倉,1x,N_1696,4,國1-三重,N1,1.0415302182850366
25.0537,121.12242,76667 金順衛生-長春街,RT202500006283,1.0,8.0,1,0,桃園市觀音區長春街227號旁工地,5A-平鎮倉,1x,N_1697,1,台61-觀音,TH61,4.948093652550177
25.05371,121.13719,76381 德山-草褔段55地號,RT202500004979,1.0,8.0,1,0,桃園市觀音區富貴二街25巷,5A-平鎮倉,1x,N_1698,1,台61-觀音,TH61,6.527951617790056
25.05371,121.14234,73710 竣鵬建設-翰林苑,RT20250000011833,1.0,8.0,1,0,桃園市觀音區忠孝一街-電聯帶定位,5A-平鎮倉,1x,N_1699,1,台61-觀音,TH61,7.085104610639788
25.05375,121.17878,74265 三石營造-文興街,RT20240000010712,1.0,8.0,1,0,桃園市大園區文興街111號,5A-平鎮倉,1x,N_1700,1,國1-桃園,N1,8.748145771470394
25.05377,121.30078,76333 安美建設-仁愛路三段,RT202500004591,1.0,8.0,1,0,桃園市蘆竹區仁愛路三段9號,5A-平鎮倉,1x,N_1701,1,國1-南崁,N1,1.2043438617351632
25.05379,121.17399,74239 大竣工程-大園,RT202500009840,1.0,8.0,1,0,桃園市大園區南區中路-附座標,5A-平鎮倉,1x,N_1702,1,國1-桃園,N1,9.233228071925517
25.05389,121.47213,69923 長友營造-國豐三重,RT20250000013553,1.0,32.0,0,1,新北市三重區光復路二段5號,5D-五股倉,2x,N_1703,4,國1-三重,N1,0.9307401296822013
25.05391,121.47254,69923 長友營造-國豐三重,RT20250000013555,1.0,48.0,0,1,新北市三重區光復路二段5號,5D-五股倉,2x,N_1704,6,國1-三重,N1,0.9412099679138148
25.05392,121.14161,72850 弘峻-草福段A區,RT202400005105,1.0,8.0,1,0,桃園市觀音區忠孝一街-附座標,5A-平鎮倉,1x,N_1705,1,台61-觀音,TH61,7.011087667295526
25.05393,121.11794,74801 亞通利大-法蘭摩沙,"RT20250000012301,RT20250000013038",1.0,48.0,1,0,桃園市觀音區經建一路5號對面工地,5A-平鎮倉,1x,N_1706,6,台61-觀音,TH61,4.486224672094162
25.05396,121.11872,74801 亞通利大-法蘭摩沙,RT20250000012299,1.0,32.0,1,0,桃園市觀音區經建一路5號對面工地,5A-平鎮倉,1x,N_1707,4,台61-觀音,TH61,4.568725480918968
25.05399,121.46325,76996 藝起盛-中原東路,RT202500007694,1.0,8.0,1,0,新北市新莊區中原東路63號與69號中間,5D-五股倉,1x,N_1708,1,國1-三重,N1,1.1627089724431923
25.054,121.1417,75239 凱暉-草福段B區,"RT20240000014900,RT202500007968",1.0,16.0,1,0,桃園市觀音區莊敬三街180號附近工地,5A-平鎮倉,1x,N_1709,2,台61-觀音,TH61,7.022792015288693
25.05406,121.12739,77255 威臺營造-大同一路,RT202500009057,1.0,8.0,1,0,桃園市觀音區大同一路1號工地,5A-平鎮倉,1x,N_1710,1,台61-觀音,TH61,5.486921770875595
25.05417,121.27271,77226 兆登機電-碩正科技,RT202500008922,1.0,8.0,1,0,桃園市蘆竹區南工路72號旁,5A-平鎮倉,1x,N_1711,1,國1-南崁,N1,1.9214000606331723
25.05419,121.14193,77629 麗榮建設-莊敬三街,RT20250000010843,1.0,8.0,1,0,桃園市觀音區莊敬三街,5A-平鎮倉,1x,N_1712,1,台61-觀音,TH61,7.052371700428556
25.05419,121.57517,69723 世久營造-松湖E/S地下變電所,RT20250000011249,1.0,16.0,1,0,臺北市內湖區南京東路六段-環東公園,5A-平鎮倉,1x,N_1713,2,國1-內湖,N1,3.1136340897738526
25.05421,121.14203,74723 鼎騰建設-觀音,RT20250000012065,1.0,8.0,1,0,桃園市觀音區莊敬三街172號旁,5A-平鎮倉,1x,N_1714,1,台61-觀音,TH61,7.063687142350773
25.05422,121.13941,76011 全新建設-觀音,RT202500003116,1.0,8.0,1,0,桃園市觀音區忠孝路298號旁(富貴一街上),5A-平鎮倉,1x,N_1715,1,台61-觀音,TH61,6.780779589140191
25.05423,121.14104,73800 駿龍營造-草福段293地號,RT20250000013057,1.0,8.0,1,0,桃園市觀音區成功路一段&保障路-電聯帶定位,5A-平鎮倉,1x,N_1716,1,台61-觀音,TH61,6.957118815609576
25.05425,121.13703,75540 昕揚建設-草福段39地號,RT202500001273,1.0,8.0,1,0,桃園市觀音區富貴一街113巷30號對面,5A-平鎮倉,1x,N_1717,1,台61-觀音,TH61,6.524952947830094
25.05426,121.2732,66563 中鼎工程-南工路,RT20250000013714,1.0,8.0,1,0,桃園市蘆竹區南工路二段500號,5A-平鎮倉,1x,N_1718,1,國1-南崁,N1,1.866608159095381
25.05432,121.17925,71065 耀悅建設股份有限公司,RT20250000011840,1.0,8.0,1,0,桃園市大園區文興街&園六街交叉口工地,5A-平鎮倉,1x,N_1719,1,國1-桃園,N1,8.728457950457663
25.05432,121.45255,73567 承優營造-文華苑,RT202500007352,1.0,8.0,1,0,新北市新莊區中原路及中華路三段路口,5D-五股倉,1x,N_1720,1,國1-三重,N1,2.116246075695986
25.05438,121.57439,38974 日商鹿島營造(股),RT202500004262,1.0,8.0,1,0,臺北市內湖區潭美街與安興街岔口,5A-平鎮倉,1x,N_1721,1,國1-內湖,N1,3.142646027872733
25.05442,121.36468,78170 元翔營造-興華三街,RT20250000013115,1.0,8.0,1,0,桃園市龜山區興華三街28巷18號,5A-平鎮倉,1x,N_1722,1,國1-林口,N1,1.8057172134088006
25.05443,121.13758,76571 閎升營造-26地號,RT202500005792,1.0,8.0,1,0,桃園市觀音區成功路一段360巷30號,5A-平鎮倉,1x,N_1723,1,台61-觀音,TH61,6.589027037226548
25.05448,121.17915,72882 登明-148地號,RT202400005227,1.0,16.0,1,0,桃園市大園區文興街117號隔壁,5A-平鎮倉,1x,N_1724,2,國1-桃園,N1,8.74620335464992
25.05474,121.45214,73567 承優營造-文華苑,RT20250000010470,1.0,8.0,1,0,新北市新莊區中原路及中華路三段路口,5D-五股倉,1x,N_1725,1,國1-三重,N1,2.1399901848372838
25.055,121.477,73991 宗輝營造-新濠漾III,RT20240000013230,1.0,8.0,1,0,新北市三重區疏洪西路&頂文二街交叉口,5D-五股倉,1x,N_1726,1,國1-三重,N1,1.0988439379644013
25.05508,121.16824,76091 長展開發-大園,RT202500003588,1.0,8.0,1,0,桃園市大園區環區西路167號對面,5A-平鎮倉,1x,N_1727,1,國1-桃園,N1,9.875447361208812
25.0551,121.47635,73991 宗輝營造-新濠漾III,RT202500003373,1.0,24.0,1,0,新北市三重區疏洪西路&頂文二街交叉口,5D-五股倉,1x,N_1728,3,國1-三重,N1,1.0408728704793473
25.05512,121.51169,77925 嘉大-友樂町,RT20250000011928,1.0,8.0,0,1,臺北市大同區延平北路二段38號,5A-平鎮倉,2x,N_1729,1,國1-台北,N1,0.3706552448029424
25.05516,121.47665,73991 宗輝營造-新濠漾III,RT202400009576,1.0,16.0,1,0,新北市三重區疏洪西路&頂文二街交叉口,5D-五股倉,1x,N_1730,2,國1-三重,N1,1.0589196381696357
25.05528,121.36606,77690 元翔-文化三路,RT20250000011105,1.0,8.0,1,0,桃園市龜山區文化三路373號,5A-平鎮倉,1x,N_1731,1,國1-林口,N1,1.7669652067884474
25.05538,121.22462,76719 德昌-航空城D2-埔心街,RT202500006632,1.0,16.0,1,0,桃園市大園區埔心街33-7號,5A-平鎮倉,1x,N_1732,2,國1-桃園,N1,4.833140377104619
25.05544,121.54924,75564 中麟營造-臺北長庚 | 78126 十?工程-台北長庚,"RT20250000012946,RT202500001403","1.0,10.0,4.0,7.0",80.0,1,0,臺北市松山區敦化北路199號-臺北長庚,5A-平鎮倉,1x,N_1733,7,國1-圓山,N1,3.785948192355633
25.05551,121.21056,76614 展揚-立體停車場,RT202500006003,1.0,8.0,1,0,桃園市大園區橫湳一路50號(A15捷運站附近),5A-平鎮倉,1x,N_1734,1,國1-桃園,N1,5.890821034261772
25.05552,121.54924,75564 中麟營造-臺北長庚,RT202500001343,1.0,48.0,1,0,臺北市松山區敦化北路199號,5A-平鎮倉,1x,N_1735,6,國1-圓山,N1,3.7813840704166326
25.05556,121.21067,76614 展揚-立體停車場,RT20250000010602,1.0,8.0,1,0,桃園市大園區橫湳一路50號(A15捷運站附近)-追加,5A-平鎮倉,1x,N_1736,1,國1-桃園,N1,5.885473418724
25.05576,121.57367,73639 正裕科技-內湖,RT202500008273,1.0,8.0,1,0,臺北市內湖區南京東路六段501號,5A-平鎮倉,1x,N_1737,1,國1-內湖,N1,3.06264770525416
25.05586,121.43722,69783 耀鋐-泰山,RT20250000013236,1.0,8.0,1,0,新北市泰山區楓江路46巷底,5D-五股倉,1x,N_1738,1,台65-新莊,TH65,0.9238241326129676
25.05593,121.49084,77938 耀鋐-三重高中,RT20250000012071,1.0,8.0,1,0,新北市三重區集美街58巷底,5D-五股倉,1x,N_1739,1,國1-台北,N1,2.13913588874099
25.05628,121.25043,77826 德山-富華段372,RT20250000011537,1.0,8.0,1,0,桃園市大園區大竹南路-航空城-富華段372地號,5A-平鎮倉,1x,N_1740,1,國1-桃園,N1,4.027362844256923
25.05629,121.25038,76824 鉑洋工程-航空城,RT202500007030,1.0,8.0,1,0,桃園市大園區航空城-重劃區,5A-平鎮倉,1x,N_1741,1,國1-桃園,N1,4.028410831643292
25.05632,121.1096,67520 介華事業-國瑞汽車,RT202500008768,1.0,16.0,1,0,桃園市觀音區國建三路2號(國瑞汽車),5A-平鎮倉,1x,N_1742,2,台61-觀音,TH61,3.7519024601396085
25.05648,121.22888,75199 德昌-航空城D2標,RT20250000013828,1.0,8.0,1,0,桃園市大園區大海村大牛稠一鄰12-6號附近-附座標,5A-平鎮倉,1x,N_1743,1,國1-桃園,N1,4.678942699029227
25.05677,121.25219,76617 名賞工程-八股路,RT202500006037,1.0,16.0,1,0,桃園市蘆竹區八股路275號,5A-平鎮倉,1x,N_1744,2,國1-桃園,N1,4.0887027415795965
25.05678,121.25181,78158 永融營造-富華段399.400地號,RT20250000013032,1.0,8.0,1,0,桃園市蘆竹區(大園區)大園重劃區-富華段399.400地號-附工務所地標電聯定位,5A-平鎮倉,1x,N_1745,1,國1-桃園,N1,4.08752055462728
25.0569,121.25122,77151 尚錡營造-富華段325地號,RT202500008614,1.0,8.0,1,0,桃園市大園區三民路二段849號對面-航空城,5A-平鎮倉,1x,N_1746,1,國1-桃園,N1,4.09813803896348
25.05724,121.37377,73230 地球營造-龜山,RT20250000012858,1.0,8.0,1,0,桃園市龜山區文化一路40號,5A-平鎮倉,1x,N_1747,1,國1-林口,N1,2.083817696080428
25.05739,121.25092,77300 騰暘營造-航空城,RT202500009220,1.0,8.0,1,0,桃園市蘆竹區八股路航空城-重劃區,5A-平鎮倉,1x,N_1748,1,國1-桃園,N1,4.151546167213094
25.0574,121.10245,77426 雄山營造-永大環保,RT202500009836,1.0,8.0,1,0,桃園市觀音區玉林路一段523號-永大環保,5A-平鎮倉,1x,N_1749,1,台61-觀音,TH61,3.1527957057989617
25.05743,121.25021,78218 田禾營造-三石段150.151.151-1.152地號,RT20250000013306,1.0,8.0,1,0,桃園市大園區三石段150.151.151-1.152地號-大園重劃區,5A-平鎮倉,1x,N_1750,1,國1-桃園,N1,4.154795389546933
25.05744,121.2502,78045 南昌營造-黃天城-三十段153地號,RT20250000012641,1.0,8.0,1,0,桃園市大園區三民路二段957號對面-航空城-電聯定位,5A-平鎮倉,1x,N_1751,1,國1-桃園,N1,4.155899294448815
25.05762,121.48316,78305 英鼎工程-三重朝陽街,RT20250000013625,1.0,8.0,1,0,新北市三重區朝陽街80號,5D-五股倉,1x,N_1752,1,國1-三重,N1,1.5395423898028455
25.05769,121.2521,78099 前衛營造-富華段166地號,RT20250000012879,1.0,8.0,1,0,桃園市大園區三民路二段-大園重劃區-富華段166地號-電聯定位,5A-平鎮倉,1x,N_1753,1,國1-桃園,N1,4.190078865379645
25.05771,121.2506,78256 晟富工程行-三石段146地號,RT20250000013465,1.0,8.0,1,0,桃園市蘆竹區三石段146地號-大園重劃區-附地標,5A-平鎮倉,1x,N_1754,1,國1-桃園,N1,4.186339799407189
25.05772,121.17794,76752 龍霖開發-大園區客運,RT202500006817,1.0,8.0,1,0,桃園市大園區航科路&園航路交叉口,5A-平鎮倉,1x,N_1755,1,國1-桃園,N1,9.02822578815951
25.05777,121.25134,78190 東廷工程行-富華段435地號,RT20250000013208,1.0,8.0,1,0,桃園市蘆竹區八股路附近-富華段435地號-大園重劃區-電聯定位,5A-平鎮倉,1x,N_1756,1,國1-桃園,N1,4.195107661133585
25.0578,121.54594,77346 璞承營造-民生東路,RT202500009407,1.0,16.0,1,0,臺北市松山區民生東路三段111號工地,5A-平鎮倉,1x,N_1757,2,國1-圓山,N1,3.3372507660653303
25.05783,121.25193,77537 峻崴營造-航空城,RT20250000010326,1.0,8.0,1,0,桃園市大園區三民路二段957號對面-航空城,5A-平鎮倉,1x,N_1758,1,國1-桃園,N1,4.204591210783717
25.05786,121.59417,75931 宏有水電-南港,RT202500002885,1.0,16.0,1,0,臺北市南港區重陽路39巷100號旁工地,5A-平鎮倉,1x,N_1759,2,國1-內湖,N1,2.2829559190880424
25.05787,121.21659,70976 國熒工程,RT20250000011205,1.0,8.0,1,0,桃園市大園區海豐坡15鄰6-3號(第三航廈機場咖啡對面工地,5A-平鎮倉,1x,N_1760,1,國1-桃園,N1,5.605626384714236
25.05792,121.25328,77998 翊僑營造-航空城,RT20250000012452,1.0,8.0,1,0,桃園市蘆竹區富華段230地號-大園重劃區-附地標,5A-平鎮倉,1x,N_1761,1,國1-南崁,N1,4.088786815279351
25.05802,121.52368,75267 ?源營造-中山區,RT20250000010038,1.0,8.0,0,1,臺北市中山區民生東路一段18號,5A-平鎮倉,2x,N_1762,1,國1-台北,N1,1.5184816228054507
25.05807,121.45513,71980 大都會汽車-新莊站,RT2024000860,1.0,32.0,0,1,新北市新莊區中央路&昌平街口,5D-五股倉,2x,N_1763,4,國1-三重,N1,1.7072427881823815
25.05808,121.61799,67663 萬德-南港,RT20250000013824,1.0,8.0,1,0,臺北市南港區經貿二路105巷口(南港展覽館1館旁),5A-平鎮倉,1x,N_1764,1,國3-汐止系統,N3,1.3417990186685582
25.0581,121.48744,73443 永騰營造-重陽路,RT202500007210,1.0,8.0,1,0,新北市三重區重陽路一段43巷4號旁,5D-五股倉,1x,N_1765,1,國1-三重,N1,1.9836529221624049
25.05821,121.12782,71062 錦美紙業,"RT20250000010339,RT20250000014012",1.0,32.0,0,1,桃園市觀音區榮工北路10號-錦美紙業,5A-平鎮倉,2x,N_1766,4,台61-觀音,TH61,5.679856550697537
25.05829,121.25362,77827 南昌營造-陳欣哲住宅,RT20250000011950,1.0,8.0,1,0,桃園市大園區三民路二段957號對面-航空城-陳欣哲住宅,5A-平鎮倉,1x,N_1767,1,國1-南崁,N1,4.05465922717402
25.05834,121.25304,78059 陳春木-徐慶龍新建-富華段182地號,RT20250000012714,1.0,8.0,1,0,桃園市蘆竹區八股路302-1號,5A-平鎮倉,1x,N_1768,1,國1-南崁,N1,4.1192774489231825
25.05837,121.25297,76950 富羿營造-八股路,RT202500009333,1.0,8.0,1,0,桃園市蘆竹區八股路226號附近,5A-平鎮倉,1x,N_1769,1,國1-南崁,N1,4.127316449437982
25.05851,121.13646,74093 呈豐營造-觀音,RT20250000011829,1.0,8.0,1,0,桃園市觀音區忠孝路546號,5A-平鎮倉,1x,N_1770,1,台61-觀音,TH61,6.595260669276189
25.05861,121.25258,77238 富鋒營造-大園區-3,RT202500008990,1.0,8.0,1,0,桃園市蘆竹區蘆竹里富華段149地號-大園重劃區-附地標,5A-平鎮倉,1x,N_1771,1,國1-南崁,N1,4.172903977868509
25.05867,121.25189,77228 逢麟土木-富華段110地號,RT202500008941,1.0,8.0,1,0,桃園市蘆竹區八股路207號-重劃區,5A-平鎮倉,1x,N_1772,1,國1-南崁,N1,4.249779636758001
25.05874,121.36305,78083 綵韻室內設計-興華段接待中心,RT20250000012796,1.0,8.0,1,0,桃園市龜山區文化三路67號-興華段接待中心,5A-平鎮倉,1x,N_1773,1,國1-林口,N1,1.2949000432852515
25.0588,121.29416,76880 立敏營造-六福路,RT202500007224,1.0,8.0,1,0,桃園市蘆竹區六福路155號,5A-平鎮倉,1x,N_1774,1,國1-南崁,N1,0.6254098956684719
25.05887,121.21605,74050 大韓產機-第三航廈,RT202400009942,1.0,8.0,1,0,桃園市大園區海豐坡--近第三航廈咖啡附座標,5A-平鎮倉,1x,N_1775,1,國1-桃園,N1,5.728588804182316
25.05889,121.17102,77041 億東營造-璟都未來城,RT20250000010232,1.0,16.0,1,0,桃園市大園區園科路-璟都未來城接待中心旁,5A-平鎮倉,1x,N_1776,2,國1-桃園,N1,9.771955150966704
25.05891,121.1713,72630 璟都-大園54地號,RT202400006473,1.0,8.0,1,0,桃園市大園區大觀路&園科路交叉-璟都麗緻接待中心旁,5A-平鎮倉,1x,N_1777,1,國1-桃園,N1,9.745065513894556
25.05901,121.12174,75674 豐達營造-觀音,RT202500002493,1.0,8.0,1,0,桃園市觀音區經建三路32號,5A-平鎮倉,1x,N_1778,1,台61-觀音,TH61,5.091026465429655
25.05907,121.61659,67664 萬德-南港,RT20250000011162,1.0,8.0,1,0,臺北市南港區經貿二路188號(中國信託金融園區外),5A-平鎮倉,1x,N_1779,1,國3-汐止系統,N3,1.270903951131125
25.05926,121.12228,75674 豐達營造-觀音,RT20250000010286,1.0,64.0,0,1,桃園市觀音區經建三路32號,5A-平鎮倉,2x,N_1780,8,台61-觀音,TH61,5.157077201865901
25.05936,121.45781,56301 炎洲-新莊二期,RT20250000010244,1.0,8.0,1,0,新北市新莊區中央路與福壽街交叉口工地,5D-五股倉,1x,N_1781,1,國1-三重,N1,1.38445837413089
25.05939,121.1713,72630 璟都-大園54地號,RT20240000010463,1.0,32.0,1,0,桃園市大園區大觀路&園科路交叉-璟都麗緻接待中心旁,5A-平鎮倉,1x,N_1782,4,國1-桃園,N1,9.768795951093285
25.05945,121.17106,72630 璟都-大園54地號,RT202400003742,1.0,8.0,1,0,桃園市大園區大觀路&園科路交叉口-璟都麗緻接待中心旁,5A-平鎮倉,1x,N_1783,1,國1-桃園,N1,9.795601328050479
25.05946,121.29396,75600 毅富營造- 蘆竹,RT202500001502,1.0,32.0,0,1,桃園市蘆竹區長興路一段10號對面,5A-平鎮倉,2x,N_1784,4,國1-南崁,N1,0.6620403289826257
25.05976,121.57974,70361 利晉工程-內湖,RT202500009480,1.0,8.0,1,0,臺北市內湖區新湖一路191號旁,5A-平鎮倉,1x,N_1785,1,國1-內湖,N1,2.3229656108517873
25.05981,121.43894,75074 昌瑞企業社,RT20240000014172,1.0,8.0,1,0,新北市泰山區楓江路86巷52號,5D-五股倉,1x,N_1786,1,台65-新莊,TH65,0.9925640854368093
25.05982,121.47009,72300 紘亞鋼鋁-三重光華路,RT202500001426,1.0,8.0,1,0,新北市三重區光華路15號對面,5D-五股倉,1x,N_1787,1,國1-三重,N1,0.2421861278028683
25.06001,121.46491,76439 若翔股份,RT202500005231,1.0,8.0,1,0,新北市新莊區化成路830號,5D-五股倉,1x,N_1788,1,國1-三重,N1,0.6066350568501514
25.06003,121.20936,77208 啟程營造-平安路,RT202500008844,1.0,8.0,1,0,桃園市大園區平安路10號對面,5A-平鎮倉,1x,N_1789,1,國1-桃園,N1,6.331876765264606
25.06014,121.28422,76618 長友營造-勝忠國際,RT20250000011826,1.0,48.0,0,1,桃園市蘆竹區榮安路8號旁,5A-平鎮倉,2x,N_1790,6,國1-南崁,N1,0.858569035081227
25.06033,121.28843,77045 達龍營造有限公司,RT202500007924,1.0,8.0,1,0,桃園市蘆竹區南山路１段391號,5A-平鎮倉,1x,N_1791,1,國1-南崁,N1,0.6167625878732692
25.06046,121.12382,66863 侑晉-同麒田廠區,RT20250000011245,1.0,8.0,1,0,桃園市觀音區工業三路11號、侑晉科技,5A-平鎮倉,1x,N_1792,1,台61-觀音,TH61,5.36809128871672
25.06048,121.25544,77428 子紳營造-富華段88-90地號-1/8,RT20250000010417,1.0,8.0,1,0,桃園市大園區富華段88-90地號-大園重劃區-附地標,5A-平鎮倉,1x,N_1793,1,國1-南崁,N1,3.8840865211798627
25.06065,121.60182,74287 翔和工程行,RT20250000013562,1.0,8.0,1,0,臺北市內湖區潭美街636號旁,5A-平鎮倉,1x,N_1794,1,國3-汐止系統,N3,2.2692236343958556
25.06069,121.12455,50713 利津實業,RT20250000011016,1.0,8.0,1,0,桃園市觀音區經建三路27號,5A-平鎮倉,1x,N_1795,1,台61-觀音,TH61,5.452324745519293
25.06092,121.58028,70361 利晉工程-內湖,RT202500009481,1.0,8.0,1,0,臺北市內湖區新湖一路191號旁,5A-平鎮倉,1x,N_1796,1,國1-內湖,N1,2.181382437996683
25.06097,121.60154,70586 翔盛起重-吊車,RT202500009552,1.0,8.0,1,0,臺北市內湖區潭美街577號對面(吊車),5A-平鎮倉,1x,N_1797,1,國3-汐止系統,N3,2.281077007139809
25.06114,121.17504,77760 陳建文-大園夜市,RT20250000011341,1.0,48.0,0,1,桃園市大園區大觀路624巷&園航路交叉-夜市,5A-平鎮倉,2x,N_1798,6,國1-桃園,N1,9.491312147706989
25.06124,121.65614,75487 鎮弘營造-汐止,RT202500001063,1.0,16.0,1,0,新北市汐止區莊敬街33號,5D-五股倉,1x,N_1799,2,國1-汐止,N1,0.8623578498499659
25.06152,121.45171,75551 政鼎營造-麗黛實業,RT202500001293,1.0,8.0,1,0,新北市新莊區福慧路231號旁,5D-五股倉,1x,N_1800,1,國1-三重,N1,2.0308890157999664
25.06158,121.25603,78017 弘億營造-徐家鴻等2筆,RT20250000012526,1.0,8.0,1,0,桃園市蘆竹區富華路22號-大園航空程,5A-平鎮倉,1x,N_1801,1,國1-南崁,N1,3.8407560705294603
25.06164,121.12714,66815 合旺-觀音,RT20250000013315,1.0,8.0,1,0,桃園市觀音區新村路２段24號,5A-平鎮倉,1x,N_1802,1,台61-觀音,TH61,5.757540361404288
25.06174,121.25551,78105 謙平營造-三石段86-1地號-3/4,RT20250000013167,1.0,8.0,1,0,桃園市大園區大園重劃區-三石段86-1地號-附地標,5A-平鎮倉,1x,N_1803,1,國1-南崁,N1,3.9008054875505596
25.06184,121.25558,77266 聯碩營造-八股路,RT202500009089,1.0,8.0,1,0,桃園市蘆竹區八股路240號-會合點,5A-平鎮倉,1x,N_1804,1,國1-南崁,N1,3.895328299644303
25.062,121.59708,39882 捷興工程行,RT20250000010796,1.0,8.0,1,0,臺北市內湖區安康路46號-停車場,5A-平鎮倉,1x,N_1805,1,國1-內湖,N1,1.9421079718696512
25.06207,121.25649,76147 謙平營造-富華段206地號,RT202500007624,1.0,8.0,1,0,桃園市大園區三民路二段929號(會合點)-追加,5A-平鎮倉,1x,N_1806,1,國1-南崁,N1,3.8014947724553583
25.06214,121.17362,78267 旭宇營造-大園區,RT20250000013481,1.0,8.0,1,0,桃園市大園區潮音路一段20號旁-自行定位,5A-平鎮倉,1x,N_1807,1,國1-桃園,N1,9.682918803955783
25.06225,121.59617,77125 宗營環保工程-內湖區,RT202500008546,1.0,24.0,1,0,臺北市內湖區安康路46號,5A-平鎮倉,1x,N_1808,3,國1-內湖,N1,1.87761150917857
25.06226,121.25608,77312 鈞泰營造-大園區,RT202500009279,1.0,8.0,1,0,桃園市蘆竹區(大園區)八股路224巷-大園重劃區-附地標,5A-平鎮倉,1x,N_1809,1,國1-南崁,N1,3.850394649124598
25.06247,121.25807,77747 佳運工程行-航空城-12,RT20250000011299,1.0,8.0,1,0,桃園市大園區大海里富華段419-420號-大園重劃區-附地標,5A-平鎮倉,1x,N_1810,1,國1-南崁,N1,3.639929831988849
25.06254,121.17751,75520 信都建設-信都客運一段5地號,RT202500001215,1.0,16.0,1,0,桃園市大園區環區北路&大觀路交叉口,5A-平鎮倉,1x,N_1811,2,國1-桃園,N1,9.329582487748437
25.06276,121.20977,78102 冠蓁營造-大園重劃區2,RT20250000012882,1.0,8.0,1,0,桃園市大園區平安路64巷23弄46號旁工地-電聯林先生,5A-平鎮倉,1x,N_1812,1,國1-桃園,N1,6.516816050073483
25.06286,121.57531,38543 萊爾富國際(股),RT20240000015116,1.0,8.0,1,0,臺北市內湖區新湖三路36號-萊爾富,5A-平鎮倉,1x,N_1813,1,國1-內湖,N1,2.3415888707670605
25.06308,121.25721,76949 佳運工程行-航空城-2,RT202500007499,1.0,8.0,1,0,桃園市大園區三民路二段957號-大園重劃區內,5A-平鎮倉,1x,N_1814,1,國1-南崁,N1,3.7485646627081803
25.0631,121.25715,78271 北揚營造-三石段55地號,RT20250000013488,1.0,8.0,1,0,桃園市大園區三石段55地號-三民路二段859號對面會合點,5A-平鎮倉,1x,N_1815,1,國1-南崁,N1,3.755562425590642
25.06328,121.64245,66258 凱銘-高速橋下網球場,RT20240000014323,1.0,16.0,1,0,新北市汐止區樟樹一路(高速橋下網球場),5D-五股倉,1x,N_1816,2,國1-汐止,N1,0.8907769018680758
25.06332,121.2653,60885 大陸工程-G02,RT20240000014511,1.0,32.0,0,1,桃園市蘆竹區南竹路２段216-6號捷運工地-電聯定位,5A-平鎮倉,2x,N_1817,4,國1-南崁,N1,2.89306205954976
25.06333,121.50269,77454 力萬建設-#銜接75496 統和營造,RT202500009986,1.0,8.0,1,0,新北市三重區仁慈街&福德南路交叉口,5D-五股倉,1x,N_1818,1,國1-台北,N1,1.0041973137789215
25.06336,121.25753,78028 子紳營造-三石段40-41地號-4/8,RT20250000012624,1.0,8.0,1,0,桃園市大園區三石段40-41地號-大園重劃區-附地標,5A-平鎮倉,1x,N_1819,1,國1-南崁,N1,3.721713469694138
25.06341,121.46371,76861 億東營造-新莊,RT202500007176,1.0,8.0,1,0,新北市新莊區新知一路6號工地,5D-五股倉,1x,N_1820,1,國1-三重,N1,0.715517055141861
25.06353,121.58828,77638 利晉工程-緯穎內湖總部,RT20250000013358,1.0,16.0,1,0,臺北市內湖區石潭路及金莊路口旁工地,5A-平鎮倉,1x,N_1821,2,國1-內湖,N1,1.6174772070418821
25.06367,121.20682,68192 日月亭-大園,RT202500007136,1.0,8.0,1,0,桃園市大園區平安路157號旁停車場,5A-平鎮倉,1x,N_1822,1,國1-桃園,N1,6.816865349800138
25.06374,121.23864,75200 德昌-航空城D2標,RT20250000013831,1.0,8.0,1,0,桃園市大園區福德宮大園三塊石埤西對面-附座標,5A-平鎮倉,1x,N_1823,1,國1-桃園,N1,5.0162141642077644
25.0638,121.20691,68192 日月亭-大園,RT202500007135,1.0,8.0,1,0,桃園市大園區平安路177號旁停車場,5A-平鎮倉,1x,N_1824,1,國1-桃園,N1,6.82012408832185
25.06399,121.5797,74676 豐達營造-內湖,RT20240000012585,1.0,16.0,1,0,臺北市內湖區行愛路140巷21號對面工地,5A-平鎮倉,1x,N_1825,2,國1-內湖,N1,1.9301559527923806
25.06404,121.26929,76785 力源營造-南崁,RT202500006905,1.0,8.0,1,0,桃園市蘆竹區南崁路2段402巷26弄2號旁,5A-平鎮倉,1x,N_1826,1,國1-南崁,N1,2.5082701707957886
25.0641,121.42258,75495 李銓翔,RT202500008510,1.0,8.0,1,0,新北市泰山區泰林路二段542巷1弄21號旁,5D-五股倉,1x,N_1827,1,台65-新莊,TH65,0.9409919842389819
25.06418,121.45946,68995 呈豐營造-新莊,RT202500004012,1.0,8.0,1,0,新北市新莊區五工路66號工地,5D-五股倉,1x,N_1828,1,國1-三重,N1,1.1947024416137353
25.06467,121.62464,71927 國產建材實業股份有限公司(汐止廠),RT20240000015100,1.0,16.0,1,0,新北市汐止區福德二路360號,5D-五股倉,1x,N_1829,2,國3-汐止系統,N3,0.7844056721489898
25.06472,121.49866,72580 傳亞營造-三重,RT202400003577,1.0,32.0,0,1,新北市三重區信義西街-信義公園內鎮安宮前廣場,5D-五股倉,2x,N_1830,4,國1-台北,N1,1.4631551640210216
25.06485,121.26089,77202 前衛營造-富華段7地號,RT202500008819,1.0,8.0,1,0,桃園市大園區三民路二段810號,5A-平鎮倉,1x,N_1831,1,國1-南崁,N1,3.411177551315979
25.0649,121.66126,67516 合昱-汐止,RT20250000012411,1.0,16.0,1,0,新北市汐止區新台五路２段46號旁工地,5D-五股倉,1x,N_1832,2,國1-汐止,N1,1.2558098700034064
25.06491,121.64456,75288 群創保全-汐止,RT20240000015152,1.0,8.0,1,0,新北市汐止區大同路一段515巷保全貨櫃旁,5D-五股倉,1x,N_1833,1,國1-汐止,N1,0.6158419648748441
25.06506,121.24841,78331 新磊營造-三石段227地號,RT20250000013835,1.0,8.0,1,0,桃園市大園區三民路二段859號對面管制區-三石段227地號,5A-平鎮倉,1x,N_1834,1,國1-南崁,N1,4.749622035035963
25.06524,121.12715,75120 明煜營造-薇爾登,RT20240000014413,1.0,8.0,1,0,桃園市觀音區工業二路10號,5A-平鎮倉,1x,N_1835,1,台61-觀音,TH61,5.936352332207249
25.06538,121.59267,77544 佳碩營造-內湖區民權東路,RT20250000010411,1.0,8.0,1,0,臺北市內湖區民權東路六段180巷88號對面工地,5A-平鎮倉,1x,N_1836,1,國1-內湖,N1,1.4318281493598075
25.06541,121.24879,78272 北揚營造-三石段217地號,RT20250000013489,1.0,8.0,1,0,桃園市大園區三石段217地號-三民路二段859號對面會合點,5A-平鎮倉,1x,N_1837,1,國1-南崁,N1,4.717999081836155
25.06544,121.24887,78327 弘信土木-大園三石段207地號,RT20250000013763,1.0,8.0,1,0,桃園市大園區三民路二段831-1號管制區進入-三石段207地號,5A-平鎮倉,1x,N_1838,1,國1-南崁,N1,4.710208193966543
25.06546,121.51564,73937 台成營造-蘭州街,RT20250000012433,1.0,8.0,1,0,臺北市大同區蘭州街118號,5A-平鎮倉,1x,N_1839,1,國1-圓山,N1,0.9667915210627533
25.06551,121.4312,73579 春作投資-泰林段,RT202400007899,1.0,8.0,1,0,新北市泰山區美寧街59號斜對面,5D-五股倉,1x,N_1840,1,台65-新莊,TH65,0.6259465089766497
25.06576,121.65931,70072 百輝營造-秀峰高中,RT202300008657,1.0,16.0,1,0,新北市汐止區忠孝東路201號-秀峰高中,5D-五股倉,1x,N_1841,2,國1-汐止,N1,1.0337533156898793
25.06581,121.63348,77290 東丕營造-同德段,RT202500009181,1.0,16.0,1,0,新北市汐止區福德一路&福德二路交叉口,5D-五股倉,1x,N_1842,2,國3-汐止系統,N3,1.5668958314133554
25.06595,121.25046,77416 聖佳營造-大園重劃區,RT202500009816,1.0,8.0,1,0,桃園市大園區大園重劃區-附地標-先到三民路二段957號換通行證,5A-平鎮倉,1x,N_1843,1,國1-南崁,N1,4.554131423894417
25.06607,121.25058,78005 偉軒營造-航空程,RT20250000012497,1.0,8.0,1,0,桃園市大園區三石里7-73號-大園航空城  從三民路二段849號進去,5A-平鎮倉,1x,N_1844,1,國1-南崁,N1,4.544879107006778
25.06615,121.21401,73252 義力營造-R3機場-12 | 73923 義力營造-R3機場-14,"RT202400006599,RT202400009230",1.0,24.0,1,0,桃園市大園區埔心里-附座標R3(14-1),5A-平鎮倉,1x,N_1845,3,國1-桃園,N1,6.496205749096877
25.06615,121.67398,76438 鼎鈞營造-崇德段,RT202500005229,1.0,8.0,1,0,新北市汐止區茄苳路327號-斜對面工地,5D-五股倉,1x,N_1846,1,國1-五堵,N1,2.501475322864319
25.06662,121.36388,65538 地樺-136林口,RT20250000012801,1.0,40.0,1,0,新北市林口區文化二路１段8號郵局對面,5A-平鎮倉,1x,N_1847,5,國1-林口,N1,0.5711788641043521
25.06666,121.26191,77036 佳運工程行-航空城-5,RT202500007901,1.0,8.0,1,0,桃園市蘆竹區八股路171巷250號-附地標-大園重劃區,5A-平鎮倉,1x,N_1848,1,國1-南崁,N1,3.3759399561757406
25.06674,121.36626,72087 地樺-國宅段,RT202400001291,1.0,8.0,1,0,新北市林口區公園路13號旁,5A-平鎮倉,1x,N_1849,1,國1-林口,N1,0.7834367103982857
25.06681,121.21797,75912 老圃造園-大園,RT202500002754,1.0,8.0,1,0,"桃園市大園區航站北路25°04'00.4""N 121°13'04.0""E",5A-平鎮倉,1x,N_1850,1,國1-桃園,N1,6.295859920376685
25.067,121.47454,70333 紹華營造-大有街,RT20250000011951,1.0,16.0,1,0,新北市三重區大有街16-1號,5D-五股倉,1x,N_1851,2,國1-三重,N1,0.7496536024061526
25.067,121.48023,76942 東騏營造-永德段,RT202500007480,1.0,8.0,1,0,新北市三重區三民街215號,5D-五股倉,1x,N_1852,1,國1-三重,N1,1.2639040236116266
25.06703,121.53417,75497 大都會汽車-舊莊站,RT20250000011024,1.0,32.0,0,1,臺北市中山區建國北路三段-建北站,5A-平鎮倉,2x,N_1853,4,國1-圓山,N1,1.7067664063376355
25.06711,121.47454,71336 承優營造-三重82地號,RT20250000013174,1.0,8.0,1,0,新北市三重區頂崁街210巷66弄16號旁,5D-五股倉,1x,N_1854,1,國1-三重,N1,0.7587375749891674
25.06712,121.35658,74260 宏樸建設-曉霧,RT20240000010696,1.0,8.0,1,0,新北市林口區八德路500巷15號對面,5A-平鎮倉,1x,N_1855,1,國1-林口,N1,0.4962929042415823
25.06717,121.47373,71892 鴻信營造,RT2024000533,1.0,8.0,1,0,新北市三重區大有街17-1號,5D-五股倉,1x,N_1856,1,國1-三重,N1,0.7076352293380876
25.06726,121.47466,71336 承優營造-三重82地號,RT20250000013175,1.0,8.0,1,0,新北市三重區頂崁街210巷66弄16號旁,5D-五股倉,1x,N_1857,1,國1-三重,N1,0.7800323116385095
25.06729,121.51722,75302 百輝營造-大龍街,RT20250028,1.0,8.0,1,0,臺北市大同區大龍街91巷19號,5A-平鎮倉,1x,N_1858,1,國1-圓山,N1,0.7049373961566862
25.06731,121.24269,73566 禾鎷工程,RT202500007402,1.0,8.0,1,0,桃園市大園區三塊石47-45號-google梁全威畫室,5A-平鎮倉,1x,N_1859,1,國1-桃園,N1,5.313726863153595
25.06732,121.47366,71892 鴻信營造,RT202400008588,1.0,8.0,1,0,新北市三重區大有街17-1號,5D-五股倉,1x,N_1860,1,國1-三重,N1,0.7167712731404335
25.06754,121.12435,76850 玄通營造-觀音區,RT202500007126,1.0,16.0,1,0,桃園市觀音區經建六路29號,5A-平鎮倉,1x,N_1861,2,台61-觀音,TH61,5.794767837119156
25.06761,121.1335,75671 華阜營造-星濱樂,RT202500008901,1.0,8.0,1,0,桃園市觀音區忠孝路902巷142號附近,5A-平鎮倉,1x,N_1862,1,台61-觀音,TH61,6.682681320704964
25.06768,121.1901,57652 勤德股份有限公司,RT202501,1.0,8.0,1,0,桃園市大園區國際路1段182號(屈臣氏物流中心旁),5A-平鎮倉,1x,N_1863,1,國1-桃園,N1,8.498130133176247
25.06781,121.35732,75987 順東營造-林口,RT202500003013,1.0,8.0,1,0,新北市林口區文化北路一段60巷39號對面,5A-平鎮倉,1x,N_1864,1,國1-林口,N1,0.3841706632472143
25.06785,121.51986,77276 瑞助營造-民族西路,RT202500009152,1.0,8.0,1,0,臺北市中山區民族西路29號對面工地,5A-平鎮倉,1x,N_1865,1,國1-圓山,N1,0.5718611842921857
25.06796,121.12636,75849 旭源營造-聯華,RT202500002509,"3.0,5.0,7.0",90.0,0,1,桃園市觀音區工業一路18號-聯華,5A-平鎮倉,2x,N_1866,6,台61-觀音,TH61,6.009408373143583
25.06801,121.21709,66671 東元-原偉銓,RT202400009457,1.0,56.0,1,0,桃園市大園區航站北路608號(長榮航勤)北一崗前面右側,5A-平鎮倉,1x,N_1867,7,國1-桃園,N1,6.460951590300194
25.06835,121.2616,61870 大陸工程,RT202100005270,1.0,32.0,0,1,桃園市大園區(蘆竹區)三民路２段957號(三民料場帳棚旁)附圖自行定位,5A-平鎮倉,2x,N_1868,4,國1-南崁,N1,3.4833181282367973
25.06842,121.26026,78251 森業營造-中華工區GM01軌道,RT20250000013460,1.0,8.0,1,0,桃園市大園區三民路二段859號對面工地上下設備旁工地,5A-平鎮倉,1x,N_1869,1,國1-南崁,N1,3.621669924772664
25.06853,121.5145,70243 永筑建設-永筑埕曦,RT202500008307,1.0,8.0,1,0,臺北市大同區民族西路188號,5A-平鎮倉,1x,N_1870,1,國1-圓山,N1,0.7866987472341945
25.06861,121.51496,64885 永筑建設-埕光集合住宅,RT20250000010299,1.0,8.0,1,0,臺北市大同區民族西路176號-永筑埕光,5A-平鎮倉,1x,N_1871,1,國1-圓山,N1,0.741906097629162
25.06863,121.60147,66966 洋房建設-內湖,RT202500007302,1.0,8.0,1,0,臺北市內湖區民權東路6段289巷,5A-平鎮倉,1x,N_1872,1,國1-內湖,N1,1.6439913180430439
25.06867,121.36214,69521 里來亭-原#53592三水,RT202500007235,1.0,8.0,1,0,新北市林口區文化三路一段與忠孝三路(三井停車場)-電聯,5A-平鎮倉,1x,N_1873,1,國1-林口,N1,0.2796781516311729
25.06896,121.65854,77410 見安營造-公有市場,RT202500009787,1.0,8.0,1,0,新北市汐止區中正路206號-中正公有零售市場,5D-五股倉,1x,N_1874,1,國1-汐止,N1,1.0032656264416566
25.069,121.26095,76147 謙平營造-富華段206地號,RT202500003820,1.0,8.0,1,0,桃園市大園區三民路二段929號(會合點),5A-平鎮倉,1x,N_1875,1,國1-南崁,N1,3.579474640573464
25.06931,121.57306,73984 正裕科技-內湖,RT202500008272,1.0,8.0,1,0,臺北市內湖區堤頂大道一段-附座標,5A-平鎮倉,1x,N_1876,1,國1-內湖,N1,2.113317861492149
25.06958,121.39724,77283 菁宣營造-吳賜恩,RT202500009168,1.0,8.0,1,0,新北市林口區仁愛路一段61巷17號旁邊的旁邊-吳賜恩,5A-平鎮倉,1x,N_1877,1,台65-新莊,TH65,3.788652936600062
25.06958,121.4285,73536 三豐營造-新花開,RT202500006947,1.0,8.0,1,0,新北市五股區登林路67號,5D-五股倉,1x,N_1878,1,台65-新莊,TH65,1.0763360415781837
25.06959,121.39758,75855 菁宣營造-林口,RT202500002547,1.0,8.0,1,0,新北市林口區仁愛路一段61巷17號旁,5A-平鎮倉,1x,N_1879,1,台65-新莊,TH65,3.7527596331902466
25.0696,121.45076,57236 台灣檢驗科技,RT202500006064,1.0,8.0,1,0,新北市五股區五工路136-1號,5D-五股倉,1x,N_1880,1,國1-三重,N1,2.29621844988631
25.0697,121.61738,72805 樹盛-裕光東湖,RT202500004843,1.0,8.0,1,0,臺北市內湖區東湖路119巷50弄5號,5A-平鎮倉,1x,N_1881,1,國3-汐止系統,N3,0.29272028013185597
25.06971,121.39822,75036 地球營造-新林段187地號,RT20240000014043,1.0,8.0,1,0,新北市林口區仁愛路一段61巷13號對面,5A-平鎮倉,1x,N_1882,1,台65-新莊,TH65,3.6885627353360513
25.06985,121.12682,75849 旭源營造-聯華,RT202500005242,1.0,16.0,1,0,桃園市觀音區工業一路18號-聯華,5A-平鎮倉,1x,N_1883,2,台61-觀音,TH61,6.1633842248310335
25.06991,121.39672,78147 閎博建築-林口區,RT20250000013001,1.0,8.0,1,0,新北市林口區仁愛路一段與83巷交叉口,5A-平鎮倉,1x,N_1884,1,台65-新莊,TH65,3.8543805010019874
25.06998,121.2201,68329 伸松工程-能源中心,RT20240000014208,1.0,96.0,0,1,桃園市大園區第三航廈外(大園區航站北路608號),5A-平鎮倉,2x,N_1885,12,國1-桃園,N1,6.4647474922382075
25.07004,121.43197,72519 合康工程-五股,RT20250000012821,1.0,8.0,1,0,新北市五股區自強路162號,5D-五股倉,1x,N_1886,1,台65-新莊,TH65,1.1356905751568132
25.0701,121.45523,77275 朋揚營造-五工二路,RT202500009145,1.0,8.0,1,0,新北市五股區五工二路122號,5D-五股倉,1x,N_1887,1,國1-三重,N1,1.8698242406438297
25.0704,121.27505,68225 麒田-蘆竹,RT20250000013241,1.0,8.0,1,0,桃園市蘆竹區長興路３段261號,5A-平鎮倉,1x,N_1888,1,國1-南崁,N1,2.382398510431178
25.07048,121.21966,70228 康宏營造有限公司,RT202500004618,1.0,16.0,1,0,桃園市大園區-桃園機場第三航廈外(帶定位),5A-平鎮倉,1x,N_1889,2,國1-桃園,N1,6.537462769759911
25.07052,121.29029,73078 佳銳營造-仙暉,RT20250000012070,1.0,8.0,1,0,桃園市蘆竹區內新路129號之1隔壁工地,5A-平鎮倉,1x,N_1890,1,國1-南崁,N1,1.7230207179542065
25.07057,121.6594,77410 見安營造-公有市場,RT20250000011361,1.0,8.0,1,0,新北市汐止區中正路132巷5號-入口,5D-五股倉,1x,N_1891,1,國1-汐止,N1,1.1601751647488339
25.07063,121.56461,44628 萬洲通國際企業股份有限公司,RT202500007556,1.0,8.0,1,0,臺北市松山區(內湖區)濱江街453號-洗車場,5A-平鎮倉,1x,N_1892,1,國1-內湖,N1,2.9346204267333524
25.07077,121.66279,65563 大億-汐止,RT20250000010116,1.0,16.0,1,0,新北市汐止區和平街21號旁工地(14樓高),5D-五股倉,1x,N_1893,2,國1-汐止,N1,1.5152089548965275
25.07078,121.48946,78371 立川機械-同立程同鴻偉營造,RT20250000013993,1.0,8.0,1,0,新北市三重區三張街91號-厚德國小後門,5D-五股倉,1x,N_1894,1,國1-三重,N1,2.3697395173303843
25.07106,121.44033,77571 李振亞,RT20250000010540,1.0,8.0,1,0,新北市五股區成泰路一段98巷10號,5D-五股倉,1x,N_1895,1,台65-新莊,TH65,1.679853991422816
25.07115,121.39848,76792 達辰工程-林口區,RT202500006939,1.0,8.0,1,0,新北市林口區仁愛路一段123巷口,5A-平鎮倉,1x,N_1896,1,台65-新莊,TH65,3.711174903032801
25.07116,121.35446,76770 常興營造-林口,RT202500006875,1.0,8.0,1,0,新北市林口區源泉街152號對面工地,5A-平鎮倉,1x,N_1897,1,國1-林口,N1,0.6282756888496178
25.07118,121.56044,68118 大都會-濱江街,RT20240000014061,1.0,8.0,1,0,臺北市松山區(內湖區)濱江街888號對面,5A-平鎮倉,1x,N_1898,1,國1-內湖,N1,3.367356563538053
25.07129,121.32318,72518 建揚營造-赤塗路,RT20250000013554,1.0,16.0,1,0,桃園市蘆竹區赤塗路512巷附近,5A-平鎮倉,1x,N_1899,2,台61-林口,TH61,1.22792542790683
25.07134,121.68566,56968 欣源營造股份有限公司,RT20250000011097,1.0,8.0,1,0,新北市汐止區保長路430號旁工地,5D-五股倉,1x,N_1900,1,國1-五堵,N1,1.2775670844226874
25.07153,121.68526,56968 欣源營造股份有限公司,RT20250000011096,1.0,8.0,1,0,新北市汐止區保長路430號旁工地,5D-五股倉,1x,N_1901,1,國1-五堵,N1,1.2757203488618438
25.07156,121.64188,66257 凱銘-原住民公園,RT20240000014329,1.0,16.0,1,0,新北市汐止區樟樹二路344號(原住民運動公園),5D-五股倉,1x,N_1902,2,國1-汐止,N1,1.092366334157829
25.07164,121.39364,75337 弘達建設-林口東明一街,RT2025000217,1.0,8.0,1,0,新北市林口區東明一街15號,5A-平鎮倉,1x,N_1903,1,國1-林口,N1,3.738474726837731
25.07168,121.61842,69515 京騰營造-康樂街,RT202500005866,1.0,8.0,1,0,臺北市內湖區康樂街136巷12號,5A-平鎮倉,1x,N_1904,1,國3-汐止系統,N3,0.25599401321158927
25.07173,121.39337,75337 弘達建設-林口東明一街,RT202500001430,1.0,8.0,1,0,新北市林口區東明一街15巷15號,5A-平鎮倉,1x,N_1905,1,國1-林口,N1,3.709044362878941
25.07178,121.25217,77249 德昌營造-航空城D2-三和路,RT202500009036,1.0,8.0,1,0,桃園市大園區三和路45巷14號-大園重劃區-附地標,5A-平鎮倉,1x,N_1906,1,國1-南崁,N1,4.593680116562307
25.07183,121.59776,73377 正豪營造-國醫中心,RT202500009162,1.0,24.0,1,0,臺北市內湖區金湖路363巷巷底-白色八米大門,5A-平鎮倉,1x,N_1907,3,國1-內湖,N1,1.1004489840507412
25.07189,121.38549,69015 中光建設股份有限公司,RT20250000013718,1.0,8.0,1,0,新北市林口區東湖路75巷50號旁,5A-平鎮倉,1x,N_1908,1,國1-林口,N1,2.8371569600928064
25.07191,121.26361,77128 韓商新盛-銜接#75481,RT202500008538,1.0,8.0,1,0,桃園市大園區三民路二段668號-銜接#75481,5A-平鎮倉,1x,N_1909,1,國1-南崁,N1,3.479066892746365
25.07192,121.61844,69515 京騰營造-康樂街,"RT20240000010599,RT20240000012566,RT20240000015093,RT202500002316","12.0,3.0,6.0,9.0",72.0,1,0,臺北市內湖區康樂街136巷12號,5A-平鎮倉,1x,N_1910,4,國3-汐止系統,N3,0.2745988346658405
25.07193,121.61809,69515 京騰營造-康樂街,RT202500006968,15.0,18.0,1,0,臺北市內湖區康樂街136巷12號,5A-平鎮倉,1x,N_1911,1,國3-汐止系統,N3,0.30140128234688546
25.07197,121.1748,75356 傢昇營造-大園產協新建工程,RT2025000304,1.0,8.0,1,0,桃園市大園區工五路6號,5A-平鎮倉,1x,N_1912,1,國1-桃園,N1,10.146590629807246
25.07205,121.20666,73922 義力營造-R3機場-13 | 76180 義力營造-埔心溪灌溉改道工程,"RT202400009227,RT202500003875",1.0,24.0,1,0,"桃園市大園區圳頭路-25°04'28.2""N 121°12'18.5""E",5A-平鎮倉,1x,N_1913,3,國1-桃園,N1,7.518198145174298
25.07211,121.20674,76587 義力營造-R3機場-15,RT202500005844,1.0,32.0,1,0,桃園市大園區中華路318號附近,5A-平鎮倉,1x,N_1914,4,國1-桃園,N1,7.517642235681516
25.07212,121.59786,73377 正豪營造-國醫中心,RT202500008143,4.0,12.0,1,0,臺北市內湖區金湖路363巷巷底-白色八米大門,5A-平鎮倉,1x,N_1915,1,國1-內湖,N1,1.089576814179915
25.07231,121.38256,72566 協聖營造-林口,RT20250000010675,1.0,8.0,1,0,新北市林口區東湖路153巷13號巷子左轉右邊第二個工地,5A-平鎮倉,1x,N_1916,1,國1-林口,N1,2.5172531445405504
25.07237,121.38254,75212 憶泰營造-張宸菱住宅,RT20240000014767,1.0,8.0,1,0,新北市林口區東湖路153巷13號旁,5A-平鎮倉,1x,N_1917,1,國1-林口,N1,2.515732415918578
25.07253,121.20651,71313 義力營造-R3機場-1 | 72366 義力營造-R3機場-6,"RT20230000013864,RT20230000013936,RT202400002644",1.0,32.0,1,0,桃園市大園區圳頭村5鄰27-2號附近-附座標R3,5A-平鎮倉,1x,N_1918,4,國1-桃園,N1,7.5698264643918405
25.07255,121.44959,60789 杰昌工程有限公司,RT202500001081,1.0,8.0,1,0,新北市五股區成泰路１段98巷(北極宮旁廠房)-電聯帶定位,5D-五股倉,1x,N_1919,1,國1-五股,N1,2.2101842146302557
25.0726,121.59814,73377 正豪營造-國醫中心,RT202500006665,2.0,12.0,1,0,臺北市內湖區金湖路363巷巷底-白色八米大門,5A-平鎮倉,1x,N_1920,1,國1-內湖,N1,1.084280817684799
25.07294,121.51422,75738 維昌營造-哈密街,RT202500001977,1.0,8.0,1,0,臺北市大同區哈密街118號,5A-平鎮倉,1x,N_1921,1,國1-圓山,N1,0.6416145665430364
25.07325,121.6894,31406 山隆-基隆,RT20240000015114,1.0,16.0,1,0,新北市汐止區新台五路二段301號(神豐二廠內),5D-五股倉,1x,N_1922,2,國1-五堵,N1,0.9735307506697929
25.07357,121.43174,78364 崇古文資-水碓路,RT20250000013962,1.0,8.0,1,0,新北市五股區水碓一路60號旁工地,5D-五股倉,1x,N_1923,1,台65-新莊,TH65,1.5186021113182975
25.07371,121.39852,78009 地球營造-新林段782地號,RT20250000012635,1.0,8.0,1,0,新北市林口區仁愛路一段211巷口,5A-平鎮倉,1x,N_1924,1,台65-新莊,TH65,3.8112856616240935
25.07379,121.36266,68634 能九營造-林口,RT20250000012303,1.0,8.0,1,0,新北市林口區忠孝一路78號,5A-平鎮倉,1x,N_1925,1,國1-林口,N1,0.5139635626192359
25.07391,121.28572,74569 長友營造-南山路,RT20250000011388,1.0,56.0,1,0,桃園市蘆竹區南山路二段498之2號,5A-平鎮倉,1x,N_1926,7,國1-南崁,N1,2.1521022249190946
25.074,121.36542,70895 森碁營造-力行段437,RT202500007663,1.0,16.0,1,0,新北市林口區忠孝路256巷13號附近工地,5A-平鎮倉,1x,N_1927,2,國1-林口,N1,0.7477182787656376
25.07405,121.3654,70895 森碁營造-力行段437,RT202500007662,1.0,16.0,1,0,新北市林口區忠孝路256巷13號附近工地,5A-平鎮倉,1x,N_1928,2,國1-林口,N1,0.7492499999994764
25.0741,121.48935,68324 統和營造-三重,RT202500007710,1.0,16.0,1,0,新北市三重區三和路４段44巷29號旁工地,5D-五股倉,1x,N_1929,2,國1-三重,N1,2.533214801887403
25.07448,121.39722,69668 穩曜營造股份有限公司,RT202500009013,1.0,8.0,1,0,新北市林口區仁愛路一段261巷21號旁,5A-平鎮倉,1x,N_1930,1,台65-新莊,TH65,3.9777648767621856
25.07482,121.36283,66592 陳蓓玗工作室,RT202500008896,1.0,16.0,1,0,新北市林口區文化北路1段386號旁,5A-平鎮倉,1x,N_1931,2,國1-林口,N1,0.6204224829098768
25.07491,121.20474,72714 義力營造-R3機場-9 | 76172 義力營造-臨時過夜機坪,"RT202400004030,RT202500003874",1.0,32.0,1,0,桃園市大園區中央路211號-附座標R3(11-1),5A-平鎮倉,1x,N_1932,4,國1-桃園,N1,7.898627488348736
25.07509,121.38209,70184 合軒建設-林口,RT2025000124,1.0,8.0,1,0,新北市林口區四維路245巷39號旁,5A-平鎮倉,1x,N_1933,1,國1-林口,N1,2.5162409781662416
25.0751,121.38211,70184 合軒建設-林口,RT2025000122,1.0,8.0,1,0,新北市林口區四維路245巷39號旁,5A-平鎮倉,1x,N_1934,1,國1-林口,N1,2.518653595494759
25.0753,121.5727,61908 昌圓實業有限公司,RT202500005479,1.0,8.0,1,0,臺北市內湖區瑞光路316巷66號(洗車場),5A-平鎮倉,1x,N_1935,1,國1-內湖,N1,1.9435462896474978
25.07537,121.51572,72852 涪國建設-哈密街,RT202500004844,1.0,8.0,1,0,臺北市大同區哈密街59巷31弄6號,5A-平鎮倉,1x,N_1936,1,國1-圓山,N1,0.5430532490459336
25.07576,121.39381,70678 興富謙建設股份有限公司,RT20250000010953,1.0,8.0,1,0,新北市林口區仁愛路一段335巷工地,5A-平鎮倉,1x,N_1937,1,國1-林口,N1,3.8069823584700178
25.07576,121.48566,74990 林子翔,RT20250000013298,1.0,8.0,1,0,新北市三重區車路頭街117巷63號,5D-五股倉,1x,N_1938,1,國1-三重,N1,2.3139525486055343
25.07583,121.58084,73300 新琦營造-內湖,RT202400006765,1.0,8.0,1,0,臺北市內湖區文德路66巷36弄3號,5A-平鎮倉,1x,N_1939,1,國1-內湖,N1,1.044901552540666
25.07642,121.258,68612 永融-?林,RT20250000013626,1.0,8.0,1,0,桃園市大園區?林路172號-A棟,5A-平鎮倉,1x,N_1940,1,國1-南崁,N1,4.274316420716645
25.07643,121.36134,70901 森睦-森睦750,RT20250000011895,1.0,16.0,1,0,新北市林口區南勢一街47巷1號,5A-平鎮倉,1x,N_1941,2,國1-林口,N1,0.7290638521416869
25.07649,121.36149,70901 森睦-森睦750,RT20250000011896,1.0,8.0,1,0,新北市林口區南勢一街47巷1號,5A-平鎮倉,1x,N_1942,1,國1-林口,N1,0.7391316555256289
25.07657,121.39711,75277 三石營造-林口新林16案,RT20240000015126,1.0,16.0,1,0,新北市林口區仁愛路一段48巷口-林口新林16案,5A-平鎮倉,1x,N_1943,2,台65-新莊,TH65,4.087931231932345
25.07674,121.3686,73282 寬和營造-林口,RT202500001823,1.0,8.0,1,0,新北市林口區民族路192號旁工地,5A-平鎮倉,1x,N_1944,1,國1-林口,N1,1.2128374250493654
25.07681,121.2825,77003 喜樂創建-蘆竹區,RT202500007738,1.0,8.0,1,0,桃園市蘆竹區南山路三段17巷11號,5A-平鎮倉,1x,N_1945,1,國1-南崁,N1,2.560051069432129
25.07709,121.25388,65325 德昌-航空城D2標,"RT2025000382,RT2025000383",1.0,40.0,1,0,桃園市大園區大牛稠17之2號,5A-平鎮倉,1x,N_1946,5,國1-南崁,N1,4.699670395092518
25.0772,121.1756,74735 順倉股份-大園,"RT20250000012243,RT20250000012244",1.0,16.0,1,0,桃園市大園區大工路136號,5A-平鎮倉,1x,N_1947,2,國1-桃園,N1,10.416981866164361
25.0773,121.18736,71110 富泰-11208健策,RT20250000012787,1.0,16.0,1,0,桃園市大園區中山北路268巷8號,5A-平鎮倉,1x,N_1948,2,國1-桃園,N1,9.423278693300164
25.07773,121.38489,75884 儒鼎營造-林妙姿等4人,RT202500002636,1.0,16.0,1,0,新北市林口區佳林路&中正路邊,5A-平鎮倉,1x,N_1949,2,國1-林口,N1,2.8929611240041324
25.07773,121.38514,75682 隆準營造-林口,RT202500001735,1.0,8.0,1,0,新北市林口區中正路396號,5A-平鎮倉,1x,N_1950,1,國1-林口,N1,2.919474091767966
25.07777,121.50217,44590 日月亭股份有限公司,RT202400009396,1.0,32.0,0,1,新北市三重區龍門路-停車場,5D-五股倉,2x,N_1951,4,國1-圓山,N1,2.0487298596436267
25.07809,121.1952,73994 森永營造-大園後管,RT202500002361,1.0,8.0,1,0,桃園市大園區後館路25號旁工地,5A-平鎮倉,1x,N_1952,1,國1-桃園,N1,8.864368611474829
25.07811,121.49184,74069 玖長建設-三重,RT202500009016,1.0,8.0,1,0,新北市三重區福隆路24號,5D-五股倉,1x,N_1953,1,國1-台北,N1,3.007665184441819
25.07825,121.71258,77726 紘洋工程行-七堵區,RT20250000011265,1.0,8.0,1,0,基隆市七堵區泰安路137號斜對面工地,5D-五股倉,1x,N_1954,1,國1-五堵,N1,2.540709500691245
25.0785,121.28408,73429 大華建設-新鼻段B區,RT202400007255,1.0,16.0,1,0,桃園市蘆竹區山鼻二路88號對面,5A-平鎮倉,1x,N_1955,2,國1-南崁,N1,2.6899960863167847
25.0785,121.37066,75545 連翔建設-林口,RT202500001278,1.0,8.0,1,0,新北市林口區文化三路一段617巷,5A-平鎮倉,1x,N_1956,1,國1-林口,N1,1.5133725508281004
25.07856,121.4415,74619 逸圻企業-五股夏綠地,RT202502,1.0,16.0,1,0,新北市五股區成泰路(五股夏綠地),5D-五股倉,1x,N_1957,2,國1-五股,N1,1.2807091299746247
25.0786,121.19489,73994 森永營造-大園後管,RT202400009596,1.0,16.0,1,0,桃園市大園區後館路25號旁工地,5A-平鎮倉,1x,N_1958,2,國1-桃園,N1,8.929170137482075
25.07871,121.28321,71920 祥瑞-新鼻段,RT202500008368,1.0,8.0,1,0,桃園市蘆竹區山鼻二路&機捷路二段935巷,5A-平鎮倉,1x,N_1959,1,國1-南崁,N1,2.737603421279695
25.07885,121.28322,71920 祥瑞-新鼻段,RT202500008369,1.0,8.0,1,0,桃園市蘆竹區山鼻二路&機捷路二段935巷,5A-平鎮倉,1x,N_1960,1,國1-南崁,N1,2.7522424818501614
25.07918,121.38706,76133 家固營造-林口,RT202500003773,1.0,8.0,1,0,新北市林口區中山路151號旁,5A-平鎮倉,1x,N_1961,1,國1-林口,N1,3.171796594361632
25.07923,121.37572,75655 岱立營造-林口,RT202500002463,1.0,8.0,1,0,新北市林口區四維路&吉祥路口-林口健身工廠停車場旁,5A-平鎮倉,1x,N_1962,1,國1-林口,N1,2.0234642391948476
25.07926,121.58111,72529 騰森營造-碧湖文森,RT202400003400,1.0,8.0,1,0,臺北市內湖區內湖路2段76巷巷口-內湖國小對面,5A-平鎮倉,1x,N_1963,1,國1-內湖,N1,0.9966520574913939
25.07937,121.39809,77890 萬寧工程有限公司,RT20250000011766,1.0,8.0,1,0,新北市林口區工六路1號-台灣伯恩氏,5A-平鎮倉,1x,N_1964,1,台65-新莊,TH65,4.143505260646991
25.07939,121.46098,70848 築永家建設,RT20250000010793,1.0,8.0,1,0,新北市蘆洲區永安南路２段168號旁工地,5D-五股倉,1x,N_1965,1,國1-三重,N1,2.1745024655074228
25.07946,121.44603,68326 葆運企業-五股,RT20250091,1.0,8.0,1,0,新北市五股區中興路３段7-1號 (車廠),5D-五股倉,1x,N_1966,1,國1-五股,N1,1.3478732330968841
25.07947,121.40271,70582 宜佳-工四路,RT20250000010669,1.0,8.0,1,0,新北市林口區工四路20號,5A-平鎮倉,1x,N_1967,1,台65-新莊,TH65,3.721108413498073
25.07955,121.37207,70410 春宏建設有限公司,RT20250000013731,1.0,8.0,1,0,新北市林口區文化三路二段41巷35號對面,5A-平鎮倉,1x,N_1968,1,國1-林口,N1,1.7084172954516958
25.07964,121.37278,72811 鴻軒-天邸案,RT202400004854,1.0,16.0,1,0,新北市林口區文化三路二段41巷,5A-平鎮倉,1x,N_1969,2,國1-林口,N1,1.7768947121318879
25.07965,121.28206,70079 德華地產,RT202400007914,1.0,8.0,1,0,桃園市蘆竹區機捷路二段999巷,5A-平鎮倉,1x,N_1970,1,國1-南崁,N1,2.8745916263187157
25.07976,121.28997,73007 興樹建設-新鼻段162案,RT202400009566,1.0,8.0,1,0,桃園市蘆竹區山鼻站捷運A10站,5A-平鎮倉,1x,N_1971,1,國1-南崁,N1,2.7483620173660435
25.07988,121.29009,73007 興樹-新鼻段162案,RT202400005725,1.0,8.0,1,0,桃園市蘆竹區山鼻站捷運A10站-附座標,5A-平鎮倉,1x,N_1972,1,國1-南崁,N1,2.7616980686707473
25.07989,121.37542,75655 岱立營造-林口,RT202500001740,1.0,8.0,1,0,新北市林口區四維路&吉祥路口-林口健身工廠停車場旁,5A-平鎮倉,1x,N_1973,1,國1-林口,N1,2.0334172981712184
25.0799,121.37558,69423 鴻軒營造-天玥,RT20250000010438,1.0,8.0,1,0,新北市林口區吉祥路工地,5A-平鎮倉,1x,N_1974,1,國1-林口,N1,2.048984234785505
25.07991,121.58998,68406 利晉-內湖 | 68406 利晉-海川建設內湖區文德段,"RT20240000014281,RT20250000010304,RT20250000013486,RT202500005076,RT202500008712","1.0,4.0,7.0",60.0,1,0,臺北市內湖區成功路3段140號,5A-平鎮倉,1x,N_1975,5,國1-內湖,N1,0.212021622718324
25.08002,121.29133,71861 宏濱-松綠翫,RT20250000010835,1.0,16.0,1,0,桃園市蘆竹區山鼻一路&埤腳街交叉口工地(公園旁)-1F,5A-平鎮倉,1x,N_1976,2,國1-南崁,N1,2.7811410509538543
25.08006,121.37736,76830 鴻軒營造-天蒔案,RT202500007040,1.0,16.0,1,0,新北市林口區文化二路二段及吉祥路交叉口工地,5A-平鎮倉,1x,N_1977,2,國1-林口,N1,2.2271291828716007
25.0802,121.56411,75280 正裕科技-內湖,RT202500008271,1.0,8.0,1,0,臺北市內湖區堤頂大道二段405號,5A-平鎮倉,1x,N_1978,1,國1-內湖,N1,2.8841467722885805
25.08037,121.28111,77157 陳宗壽-機捷路二段,RT202500008651,1.0,8.0,1,0,桃園市蘆竹區機捷路二段1005號旁,5A-平鎮倉,1x,N_1979,1,國1-南崁,N1,2.9839579000047913
25.08104,121.37666,77563 愛叡科技-銜接#74464 恆奕國際,RT20250000010473,1.0,8.0,1,0,新北市林口區信義路&吉祥路交叉口-洗車場,5A-平鎮倉,1x,N_1980,1,國1-林口,N1,2.2184376802608257
25.08108,121.28464,73869 兆德營造-未央琚,RT202400009067,1.0,8.0,1,0,桃園市蘆竹區南山路三段155號旁-未央琚,5A-平鎮倉,1x,N_1981,1,國1-南崁,N1,2.955386204204378
25.08162,121.37531,75000 廣宏泰營-林口,RT20240000013901,1.0,8.0,1,0,新北市林口區信義路289號(接待中心旁邊工地),5A-平鎮倉,1x,N_1982,1,國1-林口,N1,2.1334549398803784
25.08177,121.29483,78171 徵昌營造-後坑段1012地號,RT20250000013116,1.0,8.0,1,0,桃園市蘆竹區山外路-後坑段1012地號-附地標,5A-平鎮倉,1x,N_1983,1,國1-南崁,N1,3.019448515507292
25.08189,121.16902,77119 永信-沅珅科技,RT202500008520,1.0,8.0,1,0,桃園市大園區潮音北路646號旁,5A-平鎮倉,1x,N_1984,1,台61-觀音,TH61,10.920579459557684
25.08207,121.60071,71641 艾米空間-大湖,RT202500007164,1.0,8.0,1,0,臺北市內湖區大湖街160巷22弄7號,5A-平鎮倉,1x,N_1985,1,國1-內湖,N1,1.2717567963258716
25.08217,121.28939,78065 硯森營造-陳軍宏-蘆竹五戶,RT20250000012742,1.0,8.0,1,0,桃園市蘆竹區山鼻路58號附近,5A-平鎮倉,1x,N_1986,1,國1-南崁,N1,3.0166299907349043
25.08221,121.38798,73797 證源建設-林口,RT202500007870,1.0,8.0,1,0,新北市林口區林口路158號,5A-平鎮倉,1x,N_1987,1,國1-林口,N1,3.3886183916899677
25.08237,121.59973,57620 地球營造(股),RT202500009513,1.0,8.0,1,0,臺北市內湖區大湖街160巷22弄20號,5A-平鎮倉,1x,N_1988,1,國1-內湖,N1,1.1839584898964493
25.08241,121.60133,62825 百神建設-陳宅,RT20250000010335,1.0,8.0,1,0,臺北市內湖區大湖街160巷22號,5A-平鎮倉,1x,N_1989,1,國1-內湖,N1,1.349538164336329
25.08251,121.47322,78096 璞承營造-蘆洲區,RT20250000012875,1.0,16.0,1,0,新北市蘆洲區中央路9號對面工地,5D-五股倉,1x,N_1990,2,國1-三重,N1,2.304496072571814
25.08253,121.60587,78085 川億營造-大湖公園,RT20250000012815,1.0,8.0,1,0,臺北市內湖區成功路五段31號-大湖公園附近,5A-平鎮倉,1x,N_1991,1,國1-內湖,N1,1.8319298222904061
25.08257,121.30502,76351 祿元設計#原61392祿豐室內,RT202500004775,1.0,8.0,1,0,桃園市蘆竹區山林路２段470號,5A-平鎮倉,1x,N_1992,1,台61-林口,TH61,2.787415989998574
25.08264,121.60154,65451 陳秀靖-內湖康寧段,RT202400005324,1.0,8.0,1,0,臺北市內湖區大湖街160巷27號,5A-平鎮倉,1x,N_1993,1,國1-內湖,N1,1.3806062020718455
25.08281,121.26625,78016 弘億營造-蔡尚軒住宅新建,RT20250000012525,1.0,8.0,1,0,桃園市蘆竹區山?路402巷77號-大園航空程,5A-平鎮倉,1x,N_1994,1,國1-南崁,N1,4.059412200134788
25.08298,121.26584,77417 聖佳營造-近坑口捷運站,RT202500009817,1.0,8.0,1,0,桃園市蘆竹區圳岸街-近坑口捷運站-附地標,5A-平鎮倉,1x,N_1995,1,國1-南崁,N1,4.1033774023364
25.08335,121.3729,69324 森碁營造-力行段437,RT202500004568,1.0,16.0,1,0,新北市林口區文化北路二段166巷底,5A-平鎮倉,1x,N_1996,2,國1-林口,N1,2.060635104160925
25.08345,121.59966,73284 嘉泰營造-內湖,RT20250000012446,1.0,8.0,1,0,臺北市內湖區大湖街158巷11號,5A-平鎮倉,1x,N_1997,1,國1-內湖,N1,1.2311401261022938
25.08364,121.26254,61591 大陸工程,RT20240000014500,1.0,16.0,0,1,桃園市大園區坑?路218巷口(橋頭邊)-捷運工地-(37號),5A-平鎮倉,2x,N_1998,2,國1-南崁,N1,4.4041985746788095
25.08395,121.44839,69318 安倉營造-五股,RT202500009241,1.0,64.0,1,0,新北市五股區疏洪北路9-1號,5D-五股倉,1x,N_1999,8,國1-五股,N1,1.1481639545818028
25.08408,121.3831,73224 宜坤營造-林口,RT20250000013063,1.0,8.0,1,0,新北市林口區中北三街-一品公園旁工地,5A-平鎮倉,1x,N_2000,1,國1-林口,N1,3.002865748647389
25.08411,121.38173,75635 上亞營造-力通麗林段,RT202500001606,1.0,8.0,1,0,新北市林口區中華一路3號旁工地,5A-平鎮倉,1x,N_2001,1,國1-林口,N1,2.8759176770210773
25.08415,121.58487,76419 威毅-內湖,RT202500005175,1.0,8.0,1,0,臺北市內湖區內湖路二段179巷224弄3號,5A-平鎮倉,1x,N_2002,1,國1-內湖,N1,0.8889665614640965
25.08419,121.23943,56741 台灣中油股份有限公司桃園營業處,RT202500007569,1.0,8.0,1,0,桃園市大園區航站南路19號-中油桃機第四加油站,5A-平鎮倉,1x,N_2003,1,國1-南崁,N1,6.481279449384148
25.08451,121.58533,68385 品宣建設-內湖,RT20250000013734,1.0,8.0,1,0,臺北市內湖區內湖路２段179巷47號,5A-平鎮倉,1x,N_2004,1,國1-內湖,N1,0.8893102209020565
25.08491,121.46216,68342 新金世建設-,RT202500006927,1.0,8.0,1,0,新北市蘆洲區長興路85號對面,5D-五股倉,1x,N_2005,1,國1-五股,N1,2.5238131780501556
25.08494,121.58458,73835 信昶營造-內湖,RT202400008867,1.0,8.0,1,0,臺北市內湖區內湖路二段179巷,5A-平鎮倉,1x,N_2006,1,國1-內湖,N1,0.9774304783462325
25.08505,121.26655,58318 大陸工程,RT20240000014516,1.0,16.0,0,1,桃園市大園區?林18-19-捷運工地(36號),5A-平鎮倉,2x,N_2007,2,國1-南崁,N1,4.2309859967867816
25.08512,121.37031,75596 協聖營造-林口,RT202500005728,1.0,8.0,1,0,新北市林口區湖南里-林口工一工業區,5A-平鎮倉,1x,N_2008,1,國1-林口,N1,2.031362171179937
25.08513,121.26555,63678 大陸工程,RT20240000014525,1.0,16.0,0,1,桃園市大園區坑果路460號捷運工地(38號),5A-平鎮倉,2x,N_2009,2,國1-南崁,N1,4.30705660833484
25.08528,121.37028,75596 協聖營造-林口,RT202500001487,1.0,8.0,1,0,"新北市林口區湖南里-林口工一工業區-25°05'07.0""N 121°22'12.7""E",5A-平鎮倉,1x,N_2010,1,國1-林口,N1,2.044199337833482
25.08534,121.28695,76024 豪業工程-蘆竹,RT202500003155,1.0,8.0,1,0,桃園市蘆竹區山林路一段27號旁,5A-平鎮倉,1x,N_2011,1,國1-南崁,N1,3.384713992363214
25.08536,121.25559,76720 德昌-航空城D2-三民路,RT202500006634,1.0,16.0,1,0,桃園市大園區三民路二段153巷27號,5A-平鎮倉,1x,N_2012,2,國1-南崁,N1,5.093651641181236
25.08549,121.24128,77940 恆揚營造-航空警察局,RT20250000012102,1.0,8.0,1,0,桃園市大園區航勤北路23號-航空警察局(總局)附近,5A-平鎮倉,1x,N_2013,1,國1-南崁,N1,6.3796312117946
25.08572,121.60283,76311 永碁營造-大湖山莊街,RT202500004395,1.0,8.0,1,0,臺北市內湖區大湖山莊街23巷32號,5A-平鎮倉,1x,N_2014,1,國1-內湖,N1,1.6620644221262584
25.08576,121.17919,76820 垽赫建設-大園區,RT202500007023,1.0,8.0,1,0,桃園市大園區民生路335號附近,5A-平鎮倉,1x,N_2015,1,國1-桃園,N1,10.72654844848481
25.08603,121.43969,73863 上裕開發-美食家,RT20250000011858,1.0,8.0,1,0,新北市五股區成泰路二段224號,5D-五股倉,1x,N_2016,1,國1-五股,N1,0.4420114217979961
25.08624,121.4396,73863 上裕開發-美食家,RT20250000011859,1.0,8.0,1,0,新北市五股區成泰路二段224號,5D-五股倉,1x,N_2017,1,國1-五股,N1,0.4197150576283497
25.08631,121.26229,78156 永融營造-坑?段9-12地號-K棟,RT20250000013028,1.0,8.0,1,0,桃園市大園區大園重劃區-坑?段9-12地號-附工務所地標電聯定位,5A-平鎮倉,1x,N_2018,1,國1-南崁,N1,4.641021635826536
25.08634,121.26936,77921 長?工程行-誠聖段51地號,RT20250000011907,1.0,8.0,1,0,桃園市蘆竹區圳岸街25號-誠聖段51地號-附地標,5A-平鎮倉,1x,N_2019,1,國1-南崁,N1,4.165392690875642
25.08636,121.82706,74403 逢昌營造-瑞芳瑞三?業,RT20240000011253,1.0,16.0,1,0,新北市瑞芳區柴寮路36-2號,5D-五股倉,1x,N_2020,2,國1-基隆,N1,10.400512352630377
25.08641,121.26971,77715 弘棋-誠聖段59、214、215,RT20250000011232,1.0,8.0,1,0,桃園市蘆竹區山?路218號-航空城-誠聖段59、214、215地號,5A-平鎮倉,1x,N_2021,1,國1-南崁,N1,4.150676062547186
25.08676,121.27005,77179 弘棋-誠聖段,RT202500009083,1.0,8.0,1,0,桃園市蘆竹區山?路218號-航空城,5A-平鎮倉,1x,N_2022,1,國1-南崁,N1,4.1631660947055416
25.08685,121.38166,77042 政鼎營造-文化二路,RT202500007910,1.0,8.0,1,0,新北市林口區文化二路二段371號,5A-平鎮倉,1x,N_2023,1,國1-林口,N1,3.046091802637873
25.0869,121.37551,76773 上亞營造-力通二期,RT202500009427,1.0,8.0,1,0,新北市林口區文林二街85號旁,5A-平鎮倉,1x,N_2024,1,國1-林口,N1,2.5461621712102738
25.08699,121.60509,77021 大林營造-大湖山莊,RT20250000010585,1.0,8.0,1,0,臺北市內湖區大湖山莊街78號,5A-平鎮倉,1x,N_2025,1,國1-內湖,N1,1.9497117613125343
25.08708,121.26967,76316 聖佳營造-誠聖段45地號,RT202500004403,1.0,8.0,1,0,"桃園市蘆竹區圳岸街25°05'14.9""N 121°16'09.1""E",5A-平鎮倉,1x,N_2026,1,國1-南崁,N1,4.215714095061604
25.08715,121.26969,78240 詮華有限-誠聖段37.40.41地號,RT20250000013392,1.0,8.0,1,0,桃園市蘆竹區圳岸街25號,5A-平鎮倉,1x,N_2027,1,國1-南崁,N1,4.221093136926232
25.0872,121.36844,78004 達宇開發,RT20250000012494,1.0,8.0,1,0,新北市林口區頭湖二路  湖內公園對面,5A-平鎮倉,1x,N_2028,1,國1-林口,N1,2.126667304869546
25.0872,121.57354,75861 田禾營造-內湖,RT20250000012304,1.0,8.0,1,0,臺北市內湖區環山路二段50巷10弄6號,5A-平鎮倉,1x,N_2029,1,國1-內湖,N1,2.093083295906716
25.0872,121.70477,78112 龍誠營造有限公司,RT20250000012898,1.0,8.0,1,0,基隆市七堵區六堵工業區工東街10號,5D-五股倉,1x,N_2030,1,國1-五堵,N1,1.7381086619942119
25.08752,121.24437,74283 寶盛國際-嘟嘟房,RT202500006517,1.0,8.0,1,0,桃園市大園區航勤北路21號對面,5A-平鎮倉,1x,N_2031,1,國1-南崁,N1,6.2196136844103425
25.08801,121.2272,72435 義力營造-R3機場-8 | 72713 義力營造-R3機場-9,"RT202400002920,RT202400004029",1.0,24.0,1,0,桃園市大園區國際路三段265號-附座標R3(10-1),5A-平鎮倉,1x,N_2032,3,國1-南崁,N1,7.875135219925823
25.08829,121.55409,77282 凱至-劍南路,RT202500009164,1.0,8.0,1,0,臺北市中山區(內湖區)劍南路上-附地標,5A-平鎮倉,1x,N_2033,1,國1-內湖,N1,4.1464290318539625
25.08845,121.50374,75366 佑霖營造-士林,RT2025000352,1.0,8.0,1,0,臺北市士林區延平北路六段261巷9弄,5A-平鎮倉,1x,N_2034,1,國1-圓山,N1,2.4896933791335707
25.08858,121.52021,77460 寶固營造-同#70534,RT20250000010014,1.0,8.0,1,0,臺北市士林區大南路258號(工地),5A-平鎮倉,1x,N_2035,1,國1-圓山,N1,1.7295370885008574
25.08874,121.19775,68207 巨群營造-大園,RT20250000013234,1.0,8.0,1,0,桃園市大園區古亭路92巷旁,5A-平鎮倉,1x,N_2036,1,國1-桃園,N1,9.584160708278219
25.08874,121.38289,76657 竣浩營造-林口,RT20250000013294,1.0,8.0,1,0,新北市林口區文化二路２段490號旁工地,5A-平鎮倉,1x,N_2037,1,國1-林口,N1,3.2836863802291893
25.08876,121.38288,76657 竣浩營造-林口,RT20250000010979,1.0,8.0,1,0,新北市林口區文化二路２段490號旁工地-追加,5A-平鎮倉,1x,N_2038,1,國1-林口,N1,3.2842347163381205
25.0888,121.48517,73249 興澤營造-三重,RT202400006541,1.0,8.0,1,0,新北市三重區集賢路168號旁,5D-五股倉,1x,N_2039,1,國1-三重,N1,3.418311456976642
25.08886,121.48529,73249 興澤營造-三重,RT202500006843,1.0,8.0,1,0,新北市三重區集賢路168號旁,5D-五股倉,1x,N_2040,1,國1-三重,N1,3.430678887290714
25.08932,121.46434,72666 李秀玲-光榮路,RT20250000012602,1.0,8.0,1,0,新北市蘆洲區光榮路112號旁,5D-五股倉,1x,N_2041,1,國1-五股,N1,2.702794157535049
25.08957,121.38532,77694 甫仁營造有限公司,RT20250000011119,1.0,8.0,1,0,新北市林口區中華路223巷1號隔壁工地,5A-平鎮倉,1x,N_2042,1,國1-林口,N1,3.5521514077098497
25.08981,121.26419,76799 大成-海山路,RT202500006972,1.0,16.0,1,0,桃園市蘆竹區海山路一段134號對面工地,5A-平鎮倉,1x,N_2043,2,國1-南崁,N1,4.81014654622961
25.08984,121.25811,76076 德昌-星宇航空基地,RT202500003447,1.0,16.0,1,0,桃園市大園區(蘆竹區)星宇航空總部園區附近,5A-平鎮倉,1x,N_2044,2,國1-南崁,N1,5.2426766505004405
25.09055,121.50848,74783 天澤營造-士林,RT20240000013027,1.0,8.0,1,0,臺北市士林區延平北路六段116巷66號,5A-平鎮倉,1x,N_2045,1,國1-圓山,N1,2.330241112180712
25.09203,121.50512,64447 上勤-士林,"RT202300001295,RT202500008790","1.0,8.0",37.0,1,0,臺北市士林區永平街與社中街口,5A-平鎮倉,1x,N_2046,2,國1-圓山,N1,2.681414710800443
25.0923,121.27118,64524 偉允閥業-蘆竹,RT20250000013811,1.0,16.0,1,0,桃園市蘆竹區海山路638號,5A-平鎮倉,1x,N_2047,2,國1-南崁,N1,4.637465757329549
25.09237,121.27406,78332 椿城工程股份有限公司,RT20250000013780,1.0,16.0,1,0,桃園市蘆竹區油管路二段398號-台耀化學,5A-平鎮倉,1x,N_2048,2,國1-南崁,N1,4.509661712423616
25.09249,121.37881,76317 森睦營造-512新建工程,RT202500004405,1.0,16.0,1,0,新北市林口區文化北路二段550巷19弄,5A-平鎮倉,1x,N_2049,2,國1-林口,N1,3.2544325465742263
25.09249,121.37951,78088 森睦營造-492新建工程,RT20250000012831,1.0,16.0,1,0,新北市林口區文化北路二段550巷19弄-492建案,5A-平鎮倉,1x,N_2050,2,國1-林口,N1,3.3048191636153326
25.09302,121.52697,63717 麗明-士林五號倉庫,RT20250000012764,1.0,8.0,1,0,臺北市士林區中山北路５段505巷38號對面工地,5A-平鎮倉,1x,N_2051,1,國1-圓山,N1,2.353046322812426
25.09337,121.20471,73559 六采有限,RT20250000011045,1.0,8.0,1,0,桃園市大園區濱海路2段151號,5A-平鎮倉,1x,N_2052,1,國1-桃園,N1,9.570711335161807
25.0935,121.27241,77772 晉暘營造-蘆竹區海山路,RT20250000011364,1.0,8.0,1,0,桃園市蘆竹區海山路638號,5A-平鎮倉,1x,N_2053,1,國1-南崁,N1,4.6984060541958925
25.09362,121.26665,68408 德昌-航空城D2標,RT2025000384,1.0,8.0,1,0,桃園市蘆竹區海山路1段156號對面工地-分2處放(2+1),5A-平鎮倉,1x,N_2054,1,國1-南崁,N1,5.0094422977918445
25.09387,121.52688,69014 久翔-士林,RT20250000012775,1.0,8.0,1,0,臺北市士林區中正路213巷47號,5A-平鎮倉,1x,N_2055,1,國1-圓山,N1,2.439201448691949
25.09393,121.22118,72434 義力營造-R3機場-7 | 72436 義力營造-R3機場-9,"RT202400002916,RT202400002922",1.0,24.0,1,0,桃園市大園區三石里-附座標R3(7-1),5A-平鎮倉,1x,N_2056,3,國1-南崁,N1,8.776540051370159
25.09411,121.27809,70345 富泰營造-老拹珍,RT202500007281,1.0,24.0,1,0,桃園市蘆竹區南山北路二段1號,5A-平鎮倉,1x,N_2057,3,國1-南崁,N1,4.538040844263185
25.09434,121.27782,70345 富泰營造-老拹珍,RT202500007279,1.0,8.0,1,0,桃園市蘆竹區南山北路二段1號,5A-平鎮倉,1x,N_2058,1,國1-南崁,N1,4.57124361065996
25.09516,121.7048,74819 建銘營造-基隆七堵,RT20250000012846,1.0,8.0,1,0,基隆市七堵區俊賢路28號旁,5D-五股倉,1x,N_2059,1,國1-八堵,N1,2.067067976531059
25.09604,121.27692,57504 台灣歐德傢俱,RT202500006790,1.0,24.0,1,0,桃園市蘆竹區南山北路2段55號,5A-平鎮倉,1x,N_2060,3,國1-南崁,N1,4.781212098202667
25.09647,121.52747,70843 璞承營造-築觀,RT20240000014374,1.0,8.0,1,0,臺北市士林區中山北路五段635號旁工地,5A-平鎮倉,1x,N_2061,1,國1-圓山,N1,2.733941041390507
25.0965,121.52758,70843 璞承營造-築觀,RT20240000014370,1.0,16.0,1,0,臺北市士林區中山北路五段633號,5A-平鎮倉,1x,N_2062,2,國1-圓山,N1,2.740837929247178
25.09661,121.38085,72470 稻田-A3計畫,RT202400003099,1.0,16.0,1,0,新北市林口區菁埔路1-58號,5A-平鎮倉,1x,N_2063,2,國1-林口,N1,3.752415047219131
25.09722,121.5234,73631 樹盛營造-陽明段,RT202400008055,1.0,8.0,1,0,臺北市士林區美崙街9號旁,5A-平鎮倉,1x,N_2064,1,國1-圓山,N1,2.7147804434981007
25.09742,121.20495,77849 台灣歐德傢俱-大園區物流中心,RT20250000011625,1.0,32.0,1,0,桃園市大園區沙園路38號-台灣歐德國際物流中心,5A-平鎮倉,1x,N_2065,4,國1-桃園,N1,9.942625659598365
25.09744,121.37457,72241 厚威股份,RT202500002116,1.0,16.0,1,0,新北市林口區菁埔路39之3號,5A-平鎮倉,1x,N_2066,2,國1-林口,N1,3.448579933610538
25.09843,121.38864,68684 三邑營造-林口,RT202500006663,1.0,8.0,1,0,新北市林口區湖子路(附座標),5A-平鎮倉,1x,N_2067,1,國1-林口,N1,4.479389149705253
25.09848,121.22294,74779 磊高營造-桃農物流園區,RT20250000012229,1.0,16.0,1,0,桃園市大園區中央路343號,5A-平鎮倉,1x,N_2068,2,國1-南崁,N1,8.871361385605862
25.09849,121.38232,75503 稻田-A3計畫,RT202500001151,1.0,8.0,1,0,新北市林口區中湖路-附座標,5A-平鎮倉,1x,N_2069,1,國1-林口,N1,4.017314508786341
25.0989,121.71773,72774 旺邦-七堵,RT202400004729,1.0,8.0,1,0,基隆市七堵區崇禮街1號,5D-五股倉,1x,N_2070,1,國1-八堵,N1,0.6516267266620452
25.09961,121.20842,73212 富泰營造-東煒建設-1,"RT20250000012770,RT20250000012771","3.0,5.0",24.0,1,0,桃園市大園區沙園路-附座標(東煒建設-1)-3F,5A-平鎮倉,1x,N_2071,2,國1-桃園,N1,9.969412027220756
25.09975,121.71862,72774 旺邦-七堵,RT202400006212,1.0,8.0,1,0,基隆市七堵區崇禮街1號,5D-五股倉,1x,N_2072,1,國1-八堵,N1,0.5160831569624843
25.09978,121.71867,72774 旺邦-七堵,RT2025000349,1.0,8.0,1,0,基隆市七堵區崇禮街1號,5D-五股倉,1x,N_2073,1,國1-八堵,N1,0.5100362431242939
25.09979,121.20956,73212 富泰營造-東煒建設-1,RT20250000012830,1.0,8.0,1,0,桃園市大園區沙園路-附座標(東煒建設-1),5A-平鎮倉,1x,N_2074,1,國1-桃園,N1,9.9292820637598
25.10094,121.25881,77693 徵昌營造-倉庫,RT20250000011111,1.0,8.0,1,0,桃園市蘆竹區海山路二段93巷90弄50號,5A-平鎮倉,1x,N_2075,1,國1-南崁,N1,6.163548945510944
25.10132,121.26974,78368 明擇電機-皇銘五金,RT20250000013967,1.0,8.0,1,0,桃園市蘆竹區油管路2段707號對面工地,5A-平鎮倉,1x,N_2076,1,國1-南崁,N1,5.611826726655539
25.10135,121.52176,72778 禾碩建設-芝山綻之,RT20250000010749,1.0,8.0,1,0,臺北市士林區文林路689號-追加,5A-平鎮倉,1x,N_2077,1,國1-圓山,N1,3.1529082530419354
25.10137,121.20854,74818 富泰營造-東煒建設-2,RT20250000012845,1.0,8.0,1,0,桃園市大園區沙園路-附座標(東煒建設-2),5A-平鎮倉,1x,N_2078,1,國1-桃園,N1,10.136924816160974
25.10138,121.5219,72778 禾碩建設-芝山綻之,RT202400004740,1.0,8.0,1,0,臺北市士林區文林路689號,5A-平鎮倉,1x,N_2079,1,國1-圓山,N1,3.157231832222533
25.1018,121.29966,71142 辰昌營造-#67791正曜轉來公司,RT202500007659,1.0,40.0,1,0,桃園市蘆竹區泉州路250號(大古路&泉州路交叉口),5A-平鎮倉,1x,N_2080,5,台61-林口,TH61,4.146939202303052
25.10247,121.26007,75605 林富國-蘆竹區,RT202500001535,1.0,8.0,1,0,桃園市蘆竹區海山路二段93號旁,5A-平鎮倉,1x,N_2081,1,國1-南崁,N1,6.229074141620573
25.10328,121.45208,74038 德山-成泰路,RT20250000012605,1.0,8.0,1,0,新北市五股區成泰路三段601巷24號,5D-五股倉,1x,N_2082,1,國1-五股,N1,1.9927044489336097
25.10329,121.44927,74884 新北市集福宮福德爺,RT20250000012606,1.0,8.0,1,0,新北市五股區天乙路14號,5D-五股倉,1x,N_2083,1,國1-五股,N1,1.7986007886689648
25.10599,121.52606,67628 加豐-青和二期,RT20250000013558,1.0,8.0,1,0,臺北市士林區忠誠路1段16巷31號,5A-平鎮倉,1x,N_2084,1,國1-圓山,N1,3.7231585848173583
25.10631,121.52462,77533 英鼎工程-德行西路,RT20250000010319,1.0,8.0,1,0,臺北市士林區德行西路5號,5A-平鎮倉,1x,N_2085,1,國1-圓山,N1,3.7328039140169755
25.10679,121.81191,76249 張朝添-同#75122,RT20250000011224,1.0,8.0,1,0,新北市瑞芳區三爪子坑路149巷29號,5D-五股倉,1x,N_2086,1,國1-基隆,N1,8.136362238507086
25.10682,121.25737,77268 天澤營造-一路發,RT202500009098,1.0,8.0,1,0,桃園市蘆竹區海山路二段295號,5A-平鎮倉,1x,N_2087,1,國1-南崁,N1,6.797360591090378
25.10712,121.5446,75666 晶展營造-士林,RT202500001690,1.0,8.0,1,0,臺北市士林區仰德大道二段67巷,5A-平鎮倉,1x,N_2088,1,國1-圓山,N1,4.669043707484679
25.10722,121.51329,77059 家居建設-銜接#73019 金藏營造,RT202500007990,1.0,16.0,1,0,臺北市北投區承德路六段&文林北路,5D-五股倉,1x,N_2089,2,國1-圓山,N1,3.8707539875973462
25.10722,121.53842,77796 程州工程-翁翠端,RT20250000011453,1.0,8.0,1,0,臺北市士林區仰德大道一段91巷5弄1號,5A-平鎮倉,1x,N_2090,1,國1-圓山,N1,4.31375305746676
25.10724,121.51327,77059 家居建設-銜接#73019 金藏營造,RT20250000012306,1.0,8.0,1,0,臺北市北投區承德路六段&文林北路-1F 追加,5D-五股倉,1x,N_2091,1,國1-圓山,N1,3.8733600698229456
25.10729,121.51527,67758 地樺-大安區,RT202300001105,1.0,8.0,1,0,臺北市北投區文林北路200號,5D-五股倉,1x,N_2092,1,國1-圓山,N1,3.842230968720938
25.10746,121.81469,77716 瑞芳國中,RT20250000013360,1.0,40.0,1,0,新北市瑞芳區三爪子坑路1號-瑞芳國中,5D-五股倉,1x,N_2093,5,國1-基隆,N1,8.425717250875849
25.10866,121.54606,76378 睦陞建設-士林區,RT20250000011964,1.0,8.0,1,0,臺北市士林區仰德大道二段127號,5A-平鎮倉,1x,N_2094,1,國1-圓山,N1,4.902581371400246
25.10922,121.53453,72096 璞承營造-築觀,RT2025000202,1.0,8.0,1,0,臺北市士林區德行東路260巷7號旁,5A-平鎮倉,1x,N_2095,1,國1-圓山,N1,4.331858444744344
25.10936,121.23268,77254 睿騏營造-大園區-近台61,RT202500009055,1.0,8.0,1,0,桃園市大園區(蘆竹區)西濱路一段511巷附近-近台61快速道路-附地標,5A-平鎮倉,1x,N_2096,1,國1-南崁,N1,8.768713362404132
25.10945,121.53452,72096 璞承營造-璞園泊隱,RT202500001758,1.0,8.0,1,0,臺北市士林區德行東路260巷7號旁,5A-平鎮倉,1x,N_2097,1,國1-圓山,N1,4.355152438308022
25.10971,121.79468,73383 開富建設-瑞芳,RT20250000011018,1.0,8.0,1,0,新北市瑞芳區中山路309號旁,5D-五股倉,1x,N_2098,1,國1-基隆,N1,6.197505356714593
25.10979,121.80511,58795 大日開發有限公司,RT20250000010799,1.0,24.0,1,0,新北市瑞芳區瑞芳街54號對面(瑞芳後火車站停車場),5D-五股倉,1x,N_2099,3,國1-基隆,N1,7.333544283646642
25.10997,121.25484,74006 兆德營造-福厚段,RT202500009009,1.0,8.0,1,0,桃園市蘆竹區海山路二段485號旁,5A-平鎮倉,1x,N_2100,1,國1-南崁,N1,7.243059602578545
25.1104,121.53802,75214 勝岳營造-士林,RT20240000014771,1.0,8.0,1,0,臺北市士林區德行東路345號,5A-平鎮倉,1x,N_2101,1,國1-圓山,N1,4.608145180916218
25.11113,121.23612,76732 昌聖營造-大園區,RT20250000013706,1.0,8.0,1,0,桃園市大園區西濱路一段276號(瑞泰通運旁工地),5A-平鎮倉,1x,N_2102,1,國1-南崁,N1,8.636364469341725
25.11165,121.52868,70344 金星營造-士東路,RT202500008980,5.0,20.0,1,0,臺北市士林區士東路80號旁-5F,5A-平鎮倉,1x,N_2103,1,國1-圓山,N1,4.397008157019966
25.11207,121.52856,70344 金星營造-士東路,"RT20250000013203,RT202500008981","1.0,10.0",28.0,1,0,臺北市士林區士東路80號旁,5A-平鎮倉,1x,N_2104,2,國1-圓山,N1,4.439637153923669
25.11218,121.52029,69691 璞承營造-東陽街,RT202500005546,1.0,8.0,1,0,臺北市北投區東陽街497號,5D-五股倉,1x,N_2105,1,國1-圓山,N1,4.349099129302335
25.11225,121.52078,69691 璞承營造-東陽街,RT202500005545,1.0,8.0,1,0,臺北市北投區東陽街497號,5D-五股倉,1x,N_2106,1,國1-圓山,N1,4.357610200430881
25.11252,121.56629,78367 穆得室內裝修-中社路,RT20250000013966,1.0,16.0,1,0,臺北市士林區中社路1段9巷13號,5A-平鎮倉,1x,N_2107,2,國1-內湖,N1,4.648494598738966
25.11356,121.53802,69296 長煜建設-士林,RT20250000010836,1.0,8.0,1,0,臺北市士林區士東路300號工地,5A-平鎮倉,1x,N_2108,1,國1-圓山,N1,4.926492130715565
25.11399,121.30527,71370 茂翔營造有限公司,RT20250000012639,1.0,8.0,1,0,新北市林口區下福里-西部濱海公路-附座標,5A-平鎮倉,1x,N_2109,1,台61-林口,TH61,4.665821326733974
25.11523,121.37653,76863 智己行銷-太平嶺,RT202500007170,1.0,8.0,1,0,新北市林口區太平里太平嶺27號,5A-平鎮倉,1x,N_2110,1,台61-八里,TH61,4.656438489854699
25.11701,121.52553,67880 嘉泰營造-士林,RT20250000013131,1.0,8.0,1,0,臺北市士林區中山北路6段441巷41號,5A-平鎮倉,1x,N_2111,1,國1-圓山,N1,4.9235238377610315
25.11845,121.54117,77154 禹樂空間-銜接#75536,RT20250000012095,1.0,8.0,1,0,臺北市士林區東山路25巷36-1號-銜接#75536,5A-平鎮倉,1x,N_2112,1,國1-圓山,N1,5.565375954901668
25.11874,121.24441,77930 ?石營造-海沙段5地號,RT20250000011995,1.0,16.0,1,0,桃園市大園區(蘆竹區)漁港路451巷-海沙段5地號-電聯定位,5A-平鎮倉,1x,N_2113,2,國1-南崁,N1,8.698630067987922
25.12042,121.50179,70574 地樺營造-141富邦人壽,RT20230000010849,1.0,16.0,1,0,臺北市北投區承德路七段&公館路口,5D-五股倉,1x,N_2114,2,國1-圓山,N1,5.638385373535323
25.12071,121.50208,70574 地樺營造-141富邦人壽,RT20240000014369,1.0,16.0,1,0,臺北市北投區承德路七段&公館路,5D-五股倉,1x,N_2115,2,國1-圓山,N1,5.657048871142417
25.12088,121.46581,64230 勝岳營造-北投,RT2025000118,1.0,8.0,1,0,臺北市北投區大度路３段301巷&知行路245巷工地,5D-五股倉,1x,N_2116,1,國1-五股,N1,4.467292187724494
25.12136,121.48563,73324 興鴻旭工程,RT20250000012843,1.0,8.0,1,0,臺北市北投區大度路一段177號,5D-五股倉,1x,N_2117,1,國1-五股,N1,6.145778911293718
25.12176,121.55216,76003 日商華大成-士林,RT202500003097,1.0,32.0,1,0,臺北市士林區仰德大道三段119號,5A-平鎮倉,1x,N_2118,4,國1-內湖,N1,6.421523357210608
25.12252,121.52201,64974 龍霖開發-北投崇仰段,RT20250000012765,1.0,16.0,1,0,臺北市北投區石牌路2段315巷底,5D-五股倉,1x,N_2119,2,國1-圓山,N1,5.5012461161541655
25.12252,121.5775,71167 美吾家工程實業有限公司,RT20250000011809,1.0,8.0,1,0,臺北市士林區至善路三段181巷5弄口,5A-平鎮倉,1x,N_2120,1,國1-內湖,N1,5.132811394197452
25.12399,121.53514,70990 麗高-中山北路,RT20250000011891,1.0,8.0,1,0,臺北市士林區中山北路七段114巷51弄5號,5A-平鎮倉,1x,N_2121,1,國1-圓山,N1,5.904114624878089
25.12421,121.50407,69808 合聯營造-公館路,RT20240000014828,1.0,8.0,1,0,臺北市北投區公館路228巷&350巷交叉口,5D-五股倉,1x,N_2122,1,國1-圓山,N1,5.952983916406992
25.12558,121.74079,70817 都發建設-同#62143工地,RT202500001904,1.0,8.0,1,0,基隆市仁愛區精一路6號,5D-五股倉,1x,N_2123,1,國1-基隆,N1,0.5158873525298492
25.1261,121.50987,71356 嘉興發股-張宅,RT20250000012658,1.0,8.0,1,0,臺北市北投區公館路255巷17弄17號,5D-五股倉,1x,N_2124,1,國1-圓山,N1,6.000396456476702
25.12618,121.50459,67408 旺洲-北投,RT202500004264,1.0,16.0,1,0,臺北市北投區三合街１段99號旁,5D-五股倉,1x,N_2125,2,國1-圓山,N1,6.145812992639991
25.12618,121.71662,76399 良有營造-樂利三街,RT20250000011871,1.0,8.0,1,0,基隆市安樂區樂利三街150號,5D-五股倉,1x,N_2126,1,國1-八堵,N1,2.5859493496200794
25.12618,121.7818,76989 開豐資產-培德段,RT202500007685,1.0,8.0,1,0,基隆市信義區深澳坑路86巷2號對面,5D-五股倉,1x,N_2127,1,國1-基隆,N1,4.6752910113071895
25.12629,121.53971,72533 叡築-士林東山路,RT202500003498,1.0,8.0,1,0,臺北市士林區東山路25巷81弄58-1號,5A-平鎮倉,1x,N_2128,1,國1-圓山,N1,6.306820540668834
25.12634,121.53692,78282 行遠國際-中山北路七段,RT20250000013537,1.0,8.0,1,0,臺北市士林區中山北路7段190巷95號,5A-平鎮倉,1x,N_2129,1,國1-圓山,N1,6.211481053822649
25.12648,121.71411,76937 國家新城福德宮,RT202500008066,1.0,8.0,1,0,基隆市安樂區樂利三街38巷13-4號-國家新城福德宮,5D-五股倉,1x,N_2130,1,國1-八堵,N1,2.690000895631874
25.12661,121.74106,72477 頂發建設-基隆,RT20250000012819,1.0,8.0,1,0,基隆市仁愛區精一路32號旁,5D-五股倉,1x,N_2131,1,國1-基隆,N1,0.633728348506171
25.12695,121.54906,68948 頂石科技有限公司,RT20250000011238,1.0,8.0,1,0,臺北市士林區仰德大道4段20號,5A-平鎮倉,1x,N_2132,1,國1-圓山,N1,6.801942063712493
25.12775,121.52945,75088 天瀚營造-北投,RT20250000013406,1.0,8.0,1,0,臺北市北投區行義路112巷4號,5D-五股倉,1x,N_2133,1,國1-圓山,N1,6.167111452292576
25.12825,121.57052,77862 顧盛有限-平菁街,RT20250000011657,1.0,8.0,1,0,臺北市士林區平菁街51號旁,5A-平鎮倉,1x,N_2134,1,國1-內湖,N1,5.982202759929077
25.12911,121.50111,68256 弘原營造-捷運晶鑽,RT202500007226,1.0,8.0,1,0,臺北市北投區民權街8號,5D-五股倉,1x,N_2135,1,國1-圓山,N1,6.571691419124909
25.12918,121.5013,74689 地樺營造-145碩樺建設,RT20240000012667,1.0,8.0,1,0,臺北市北投區中央南路一段160號,5D-五股倉,1x,N_2136,1,國1-圓山,N1,6.57236464679187
25.12926,121.50108,74689 地樺營造-145碩樺建設,RT202500005767,1.0,8.0,1,0,臺北市北投區中央南路一段160號,5D-五股倉,1x,N_2137,1,國1-圓山,N1,6.588534012509523
25.1297,121.38259,64519 慧展-八里,RT202400001720,1.0,8.0,1,0,新北市八里區楓林路8鄰3之16號(倉庫)-電聯林先生帶定位,5A-平鎮倉,1x,N_2138,1,台61-八里,TH61,2.968493858862561
25.13036,121.72186,61630 安固營造工程,RT20250000011958,1.0,8.0,1,0,基隆市安樂區安和二街28號旁工地,5D-五股倉,1x,N_2139,1,國1-基隆,N1,2.2657849000280175
25.13093,121.50119,77509 逢昌營造-北投教會,RT20250000010172,1.0,8.0,1,0,臺北市北投區中央南路一段77號,5D-五股倉,1x,N_2140,1,國1-圓山,N1,6.760711946311527
25.13094,121.74389,68344 義力營造-仁愛區,RT20250000013351,1.0,24.0,1,0,基隆市仁愛區仁二路236號(東岸商場&文化廣場間),5D-五股倉,1x,N_2141,3,國1-基隆,N1,1.1848214041364695
25.1312,121.5295,66716 裕晟-北投,RT20250000013222,1.0,8.0,1,0,臺北市北投區行義路154巷19弄工地-電聯定位,5D-五股倉,1x,N_2142,1,國1-圓山,N1,6.545697387597423
25.13121,121.4514,70157 台鼎營造-龍米路,RT20250000012859,1.0,8.0,1,0,新北市八里區龍米路一段197號,5A-平鎮倉,1x,N_2143,1,國1-五股,N1,4.746108841577702
25.13197,121.52826,74943 晶展營造-行義路,RT20240000013590,1.0,8.0,1,0,臺北市北投區行義路173號,5D-五股倉,1x,N_2144,1,國1-圓山,N1,6.609570939818972
25.13216,121.49901,72620 第寶-大業段,RT202400003681,1.0,16.0,1,0,臺北市北投區光明路2巷,5D-五股倉,1x,N_2145,2,國1-圓山,N1,6.967834980085038
25.13266,121.74644,76312 王鼎-義二路,RT202500004396,1.0,8.0,1,0,基隆市中正區義二路99號旁的工地,5D-五股倉,1x,N_2146,1,國1-基隆,N1,1.4785483330627611
25.13322,121.52908,76805 陳韋廷-行義路,RT202500006988,1.0,8.0,1,0,臺北市北投區行義路196號,5D-五股倉,1x,N_2147,1,國1-圓山,N1,6.759977280346507
25.13338,121.54846,53948 禾進營造工程有限公司,RT20250000010679,1.0,8.0,1,0,臺北市士林區中庸一路14巷12弄9號,5A-平鎮倉,1x,N_2148,1,國1-圓山,N1,7.409377628114567
25.13399,121.75931,77212 王鼎營造-正信路,RT202500008873,1.0,8.0,1,0,基隆市信義區正信路205號,5D-五股倉,1x,N_2149,1,國1-基隆,N1,2.583264059325477
25.13473,121.36429,77786 銘邦營造-活動中心,RT20250000011432,1.0,8.0,1,0,新北市林口區太平里汕頭32號-活動中心,5A-平鎮倉,1x,N_2150,1,台61-八里,TH61,4.310999074113422
25.13474,121.73002,73921 勝岳營造-安樂高中,RT202400009224,1.0,16.0,1,0,基隆市安樂區安一路360號-安樂高中,5D-五股倉,1x,N_2151,2,國1-基隆,N1,1.8850009411139301
25.13508,121.78323,54227 吳老舖手作燒物酒場,RT202500003942,1.0,8.0,1,0,基隆市信義區深溪路與新豐街口(第八攤)-吳老鋪,5D-五股倉,1x,N_2152,1,國1-基隆,N1,5.046630960879626
25.13534,121.74822,75885 原榮實業-橙品211,RT202500002638,1.0,8.0,1,0,基隆市中正區義二路211號,5D-五股倉,1x,N_2153,1,國1-基隆,N1,1.8347061028954952
25.13561,121.74038,74551 鴻信營造-基隆,RT20240000011958,1.0,8.0,1,0,基隆市中山區中山一路263號旁,5D-五股倉,1x,N_2154,1,國1-基隆,N1,1.6222584493540075
25.13568,121.54297,76662 巨兆工程行,RT20250000013286,1.0,8.0,1,0,臺北市士林區士林區凱旋路53號,5A-平鎮倉,1x,N_2155,1,國1-圓山,N1,7.409949059156946
25.13606,121.36828,76891 金弘營造-八里焚化廠,RT202500007316,1.0,8.0,1,0,新北市八里區中山路三段409號-八里垃圾焚化廠,5A-平鎮倉,1x,N_2156,1,台61-八里,TH61,3.845924950126415
25.13606,121.54848,64584 高度-華岡,RT202500008894,1.0,8.0,1,0,臺北市士林區建業路21巷-電聯定位,5A-平鎮倉,1x,N_2157,1,國1-圓山,N1,7.680425206588595
25.13678,121.71026,64114 金鑽源-新山水庫,RT202500007392,1.0,8.0,1,0,基隆市安樂區(新山水庫)-自行定位附圖,5D-五股倉,1x,N_2158,1,國1-基隆,N1,3.7370520194390657
25.13692,121.74705,76191 壹山營造-第五碼頭,RT202500003891,1.0,16.0,1,0,基隆市中正區中正路5-1號-長榮桂冠酒店斜對面壹山營造工區,5D-五股倉,1x,N_2159,2,國1-基隆,N1,1.9326400588059987
25.13718,121.55007,76401 基智室內-歐洲學校,RT202500005102,1.0,16.0,1,0,臺北市士林區福國路99號-臺北歐洲學校,5A-平鎮倉,1x,N_2160,2,國1-圓山,N1,7.867134142323197
25.138,121.54256,76512 家昇室內-華岡路,RT20250000013564,1.0,8.0,1,0,臺北市士林區華岡路32號,5A-平鎮倉,1x,N_2161,1,國1-圓山,N1,7.637214302715439
25.13845,121.48928,78386 威毅營造股份有限公司,RT20250000014034,1.0,8.0,1,0,臺北市北投區中央北路二段334號旁,5D-五股倉,1x,N_2162,1,國1-五股,N1,7.670992204981956
25.13908,121.57911,76146 一百-士林,RT202500003821,1.0,8.0,1,0,臺北市士林區平菁街93巷29號對面,5A-平鎮倉,1x,N_2163,1,國1-內湖,N1,6.886795051292119
25.13996,121.49956,59566 天誠-北投,"RT20250000011316,RT20250000011317",1.0,16.0,1,0,臺北市北投區大同街303號,5D-五股倉,1x,N_2164,2,國1-圓山,N1,7.771137825260448
25.14058,121.50981,77211 魁隆營造-北投區,RT202500008872,1.0,8.0,1,0,臺北市北投區新民路55之6號,5D-五股倉,1x,N_2165,1,國1-圓山,N1,7.586176012491261
25.14112,121.70704,66589 勤家-基隆,RT20250000010795,1.0,16.0,1,0,基隆市安樂區基金一路&武崙街口,5D-五股倉,1x,N_2166,2,國1-基隆,N1,4.286348037198072
25.14146,121.70708,59829 勤家-基隆,RT20250000010794,1.0,16.0,1,0,基隆市安樂區基金一路&武崙街口-2號,5D-五股倉,1x,N_2167,2,國1-基隆,N1,4.302360572754439
25.14168,121.51499,76120 臺灣電力-北投,RT202500003690,1.0,16.0,1,0,臺北市北投區新民路&泉源路交叉口(靠近林泉公園),5D-五股倉,1x,N_2168,2,國1-圓山,N1,7.643736366627299
25.1421,121.3942,70335 順埕企業有限公司,RT202500009448,1.0,8.0,1,0,新北市八里區義民街41號,5A-平鎮倉,1x,N_2169,1,台61-八里,TH61,1.087856631179398
25.14256,121.39408,70335 順埕企業有限公司,RT202500009447,1.0,8.0,1,0,新北市八里區義民街41號,5A-平鎮倉,1x,N_2170,1,台61-八里,TH61,1.055375951971757
25.1428,121.50395,77068 宏孝工程-銜接#71674,RT202500008058,1.0,8.0,1,0,臺北市北投區長壽路21號對面,5D-五股倉,1x,N_2171,1,國1-圓山,N1,7.94998900895457
25.1456,121.36843,65300 旭源營造-八里-南堤,RT20250000013156,1.0,16.0,1,0,新北市八里區中山路３段409號(八里焚化爐對面)-南堤,5A-平鎮倉,1x,N_2172,2,台61-八里,TH61,3.538141149375091
25.14576,121.40012,61184 慶明工程行,RT202500003067,1.0,8.0,1,0,新北市八里區中華路２段488號(橘色貨櫃屋),5A-平鎮倉,1x,N_2173,1,台61-八里,TH61,0.47082845283597635
25.14601,121.37486,65300 旭源營造-八里-南堤,RT20250000013231,1.0,8.0,1,0,新北市八里區中山路３段409號(八里焚化爐對面)-南堤,5A-平鎮倉,1x,N_2174,1,台61-八里,TH61,2.825467225735322
25.14685,121.37412,65300 旭源營造-八里-南堤,RT20250000014013,1.0,8.0,1,0,新北市八里區中山路３段409號(八里焚化爐對面)-南堤,5A-平鎮倉,1x,N_2175,1,台61-八里,TH61,2.893880699838946
25.14746,121.46402,67632 大家-淡水,RT20250000013415,1.0,8.0,1,0,新北市淡水區中正東路2段143巷12弄40號旁,5D-五股倉,1x,N_2176,1,國1-五股,N1,6.912913890104724
25.14809,121.72386,76910 新橫濱社區,RT202500007375,1.0,8.0,1,0,基隆市中山區復興路219號旁,5D-五股倉,1x,N_2177,1,國1-基隆,N1,3.5002291970238137
25.15011,121.37503,65513 工信工程-台北港,RT20250000013574,1.0,16.0,1,0,新北市八里區台北港區內,5A-平鎮倉,1x,N_2178,2,台61-八里,TH61,2.7716968941438007
25.15036,121.74548,76737 壹山營造工程股份有限公司,RT202500006762,1.0,8.0,1,0,"基隆市中山區太白里光華塔附近 25°09'16.8""N 121°45'06.8""E",5D-五股倉,1x,N_2179,1,國1-基隆,N1,3.315241294385845
25.15073,121.54997,78310 叡築營造廠-士林陽明路,RT20250000013676,1.0,8.0,1,0,臺北市士林區陽明路一段70號,5A-平鎮倉,1x,N_2180,1,國1-內湖,N1,9.215041772547831
25.15098,121.55068,69053 蓋赫-草山御賓館,RT20250000011564,1.0,8.0,1,0,臺北市士林區新園街1號-草山御賓館,5A-平鎮倉,1x,N_2181,1,國1-內湖,N1,9.201721112857395
25.15142,121.55019,34232 國立臺灣圖書館,RT20240000013880,1.0,8.0,1,0,臺北市北投區(近士林)陽明路二段15號-中山樓,5A-平鎮倉,1x,N_2182,1,國1-內湖,N1,9.27054862090194
25.15353,121.55141,76664 品信營造廠-中山樓,RT202500006271,1.0,8.0,1,0,臺北市北投區(近士林)陽明路２段15號(中山樓),5A-平鎮倉,1x,N_2183,1,國1-內湖,N1,9.414716780073647
25.15402,121.41091,76833 永有建設-銜接#74479中菲營造,RT202500007054,1.0,8.0,1,0,新北市八里區狀元路52號對面工地-銜接#74479中菲營造,5A-平鎮倉,1x,N_2184,1,台61-八里,TH61,1.2906035442764197
25.15449,121.75192,76735 壹山營造-西28A碼頭,RT202500006760,1.0,8.0,1,0,"基隆市中山區中山四路28號 25°09'02.2""N 121°44'43.0""E",5D-五股倉,1x,N_2185,1,國1-基隆,N1,3.945837673612715
25.15465,121.41327,75977 ?益實業-五股,RT202500002971,1.0,8.0,1,0,新北市八里區文昌七街與文昌路交叉口,5A-平鎮倉,1x,N_2186,1,台61-八里,TH61,1.5607855212672204
25.15518,121.73033,75739 長聖營造-德和國小,RT202500002018,1.0,16.0,1,0,基隆市中山區文化路164號-德和國小,5D-五股倉,1x,N_2187,2,國1-基隆,N1,3.9428932774426304
25.15527,121.55258,34232 國立臺灣圖書館,RT20240000013879,1.0,8.0,1,0,臺北市北投區(近士林)陽明路二段15號-中山樓,5A-平鎮倉,1x,N_2188,1,國1-內湖,N1,9.529793989656948
25.15562,121.74876,76736 壹山營造-西33號碼頭,RT202500006761,1.0,16.0,1,0,"基隆市中山區光華路29號 嘉新水泥廠附近  25°09'21.8""N 121°44'54.3""E",5D-五股倉,1x,N_2189,2,國1-基隆,N1,3.963931069279877
25.15594,121.45963,77363 寬聯營造-海天段,RT202500009505,1.0,8.0,1,0,新北市淡水區八勢一街&中正東路二段交叉口-工地,5D-五股倉,1x,N_2190,1,台61-八里,TH61,6.6516887765813415
25.15601,121.46,77363 寬聯營造-海天段,RT202500009508,1.0,16.0,1,0,新北市淡水區八勢一街16號-工務所,5D-五股倉,1x,N_2191,2,台61-八里,TH61,6.693327703921445
25.15779,121.39141,62671 雙統工程-泛亞工地,RT202500008511,1.0,48.0,0,1,新北市八里區商港路(台北港泛亞),5A-平鎮倉,2x,N_2192,6,台61-八里,TH61,1.2871798538675934
25.15782,121.37212,58339 東丕營造-沉箱,RT202500009803,1.0,16.0,1,0,新北市八里區商港路-台北港(型塊-石料堆置區),5A-平鎮倉,1x,N_2193,2,台61-八里,TH61,3.214109989220587
25.15798,121.4155,68433 中華民國勞工安全衛生教育協會,RT2025000563,1.0,8.0,1,0,新北市八里區民治街5號-附圖自行定位,5A-平鎮倉,1x,N_2194,1,台61-八里,TH61,1.9351295714746535
25.15848,121.37548,53994 泛亞工程-八里區,RT20250000013751,1.0,16.0,0,1,新北市八里區商港路-台北港電聯定位,5A-平鎮倉,2x,N_2195,2,台61-八里,TH61,2.879890240409572
25.15856,121.37169,57649 東丕營造-型塊,RT20250000012503,1.0,8.0,1,0,新北市八里區商港路-台北港(沉箱-北內堤沈箱區),5A-平鎮倉,1x,N_2196,1,台61-八里,TH61,3.282917092115468
25.15873,121.37518,62675 台宙營造-八里台北港,RT202400005161,1.0,48.0,0,1,新北市八里區商港路-台北港電聯定位,5A-平鎮倉,2x,N_2197,6,台61-八里,TH61,2.9204715957021867
25.15876,121.3753,53994 泛亞工程-八里區,RT20250000013750,1.0,16.0,0,1,新北市八里區商港路-台北港電聯定位,5A-平鎮倉,2x,N_2198,2,台61-八里,TH61,2.909020945199011
25.15878,121.3753,53994 泛亞工程-八里區,RT20250000013752,1.0,16.0,0,1,新北市八里區商港路-台北港電聯定位,5A-平鎮倉,2x,N_2199,2,台61-八里,TH61,2.909763747524253
25.15927,121.45696,78078 忠明營造工程-淡水區,RT20250000012792,1.0,16.0,1,0,新北市淡水區中正東路與淡金路交叉口,5D-五股倉,1x,N_2200,2,台61-八里,TH61,6.405743064975787
25.15997,121.37928,53994 泛亞工程-八里區,RT20250000013753,1.0,16.0,0,1,新北市八里區商港路-台北港電聯定位,5A-平鎮倉,2x,N_2201,2,台61-八里,TH61,2.5523225688197173
25.16018,121.41182,71842 統和營造股份有限公司,RT20250000011056,1.0,8.0,1,0,新北市八里區仁愛路70號隔壁工地,5A-平鎮倉,1x,N_2202,1,台61-八里,TH61,1.7315459222326486
25.16058,121.38057,72603 長友-台北港N7,"RT20250000013566,RT20250000013567",1.0,32.0,0,1,新北市八里區廈竹圍25號-臺北港,5A-平鎮倉,2x,N_2203,4,台61-八里,TH61,2.4557387233376766
25.16072,121.69819,70963 倢宇建設有限公司,RT20250000014037,1.0,8.0,1,0,基隆市安樂區武聖街186號,5D-五股倉,1x,N_2204,1,國1-基隆,N1,6.4012983991140935
25.16169,121.4124,77118 中鼎營造-八里區,RT202500008515,1.0,8.0,1,0,新北市八里區博物館路200號附近-十三行博物館附近,5A-平鎮倉,1x,N_2205,1,台61-八里,TH61,1.8916175004742095
25.16188,121.37982,72603 長友-N7號貨櫃,RT202400003647,1.0,64.0,0,1,新北市八里區廈竹圍25號-臺北港,5A-平鎮倉,2x,N_2206,8,台61-八里,TH61,2.5993128597392148
25.16311,121.46163,75772 旺邦-淡水服務所,RT202500002185,1.0,16.0,1,0,新北市淡水區坪頂路72巷5號對面,5D-五股倉,1x,N_2207,2,台61-八里,TH61,6.993994524518232
25.16328,121.37541,71620 東佶營造-台北港,RT202400009486,1.0,8.0,1,0,新北市八里區台北港電聯定位(64下來第1個門3號門等),5A-平鎮倉,1x,N_2208,1,台61-八里,TH61,3.102100499097773
25.16404,121.44874,69355 國隆營造-淡水,RT20250000010941,1.0,40.0,1,0,新北市淡水區中正東路1段42巷進去工地,5D-五股倉,1x,N_2209,5,台61-八里,TH61,5.63012877767415
25.16625,121.38139,69483 旭源營造-新智慧,RT20250000010940,1.0,16.0,1,0,新北市八里區商港路120號-帶定位-要換證-北堤,5A-平鎮倉,1x,N_2210,2,台61-八里,TH61,2.7423843396952186
25.16632,121.38213,69483 旭源營造-新智慧,RT20250000011976,1.0,8.0,1,0,新北市八里區商港路120號-帶定位,5A-平鎮倉,1x,N_2211,1,台61-八里,TH61,2.6862901286534626
25.16711,121.38208,69483 旭源營造-新智慧,RT20250000011975,1.0,8.0,1,0,新北市八里區商港路120號-帶定位,5A-平鎮倉,1x,N_2212,1,台61-八里,TH61,2.7501994470406417
25.1682,121.41449,77517 竺園景觀-八里區,RT20250000010228,1.0,16.0,1,0,新北市八里區埤頭里挖子尾街-附地標,5A-平鎮倉,1x,N_2213,2,台61-八里,TH61,2.5822715643592398
25.17354,121.43457,66610 藝起盛-淡水,RT20250000012443,1.0,8.0,1,0,新北市淡水區中正路235號,5D-五股倉,1x,N_2214,1,台61-八里,TH61,4.6424235584972315
25.18397,121.44438,70809 旺邦-淡水服務所,RT202500003152,1.0,8.0,1,0,新北市淡水區中山北路２段163號旁工地,5D-五股倉,1x,N_2215,1,台61-八里,TH61,6.203644222655643
25.18818,121.44215,68340 齊陞-鉅陞ONE,RT20250000013764,1.0,32.0,1,0,新北市淡水區濱海路1段61號附近,5D-五股倉,1x,N_2216,4,台61-八里,TH61,6.312704674138699
25.18898,121.44054,77064 十得建設-濱海路一段,RT202500008018,1.0,8.0,1,0,新北市淡水區濱海路一段&濱海路111巷口,5D-五股倉,1x,N_2217,1,台61-八里,TH61,6.2426344736813695
25.19059,121.43245,77963 銨泰營造-淡水區,RT20250000012203,1.0,16.0,1,0,新北市淡水區沙崙路一段與濱海路二段交叉口,5D-五股倉,1x,N_2218,2,台61-八里,TH61,5.768317253983127
25.19165,121.4457,76918 安生營造-新市段,RT202500008542,1.0,8.0,1,0,新北市淡水區新市二路四段230巷洗車場旁工地,5D-五股倉,1x,N_2219,1,台61-八里,TH61,6.863366609215679
25.19222,121.43493,68191 合謙建設-淡水,RT20250000012096,1.0,8.0,1,0,新北市淡水區新市二路３段82號 1樓(202巷),5D-五股倉,1x,N_2220,1,台61-八里,TH61,6.082388090979607
25.19238,121.4343,68191 合謙建設-淡水,RT20250000012097,1.0,8.0,1,0,新北市淡水區新市二路３段82號(202巷),5D-五股倉,1x,N_2221,1,台61-八里,TH61,6.051846227589641
25.20226,121.44841,71141 迪卡爾-銜接#69977佑晨,RT202500007194,1.0,8.0,1,0,新北市淡水區淡金路3段159號,5D-五股倉,1x,N_2222,1,台61-八里,TH61,7.907248981769097
25.22204,121.63078,65421 湯語?泉館(哈拉生活),RT20250000012230,1.0,24.0,1,0,新北市金山區環金路295號-湯語?泉館電聯,5D-五股倉,1x,N_2223,3,國1-基隆,N1,16.515550456766046
25.22242,121.63275,70857 達龍營造-金山,RT20250000011894,1.0,8.0,1,0,新北市金山區中華路168號對面,5D-五股倉,1x,N_2224,1,國1-基隆,N1,16.384659917950234
25.24194,121.48857,68541 晉榮-歐立諾,RT20250000013345,1.0,8.0,1,0,新北市三芝區番子崙6-5號,5D-五股倉,1x,N_2225,1,台61-八里,TH61,14.170491675608174
25.25336,121.47376,67195 英城-淡水,"RT20250000011383,RT20250000011385",1.0,24.0,1,0,新北市三芝區大湖路&淡金公路上,5D-五股倉,1x,N_2226,3,台61-八里,TH61,14.094739264391965
