ClientID,Address_Raw,Service_Time,行車距離      ,郵遞區號3碼  ,郵遞區號 ,服務地點 ,Floor,Serial_No,Week1_Flag,Week2_Flag,Lat,Lon,排程總序號,Type,PointID,County,DepotID,Freq,Load,Cluster
5A-平鎮倉,74093 呈豐營造-觀音,8.0,25.29,328,桃園市觀音區,桃園市觀音區忠孝路546號,1,RT20250000011829,1.0,,25.058514,121.136464,1450,W1,0,Taiwan,PZ,1,8.0,7
5A-平鎮倉,75849 旭源營造-聯華,15.0,26.93,328,桃園市觀音區,桃園市觀音區工業一路18號-聯華,3,RT202500002509,,1.0,25.067964,121.126361,1450,W2,1,Taiwan,PZ,2,30.0,7
5A-平鎮倉,75849 旭源營造-聯華,15.0,26.93,328,桃園市觀音區,桃園市觀音區工業一路18號-聯華,5,RT202500002509,,1.0,25.067964,121.126361,1450,W2,2,Taiwan,PZ,2,30.0,7
5A-平鎮倉,75849 旭源營造-聯華,15.0,26.93,328,桃園市觀音區,桃園市觀音區工業一路18號-聯華,7,RT202500002509,,1.0,25.067964,121.126361,1450,W2,3,Taiwan,PZ,2,30.0,7
5A-平鎮倉,75674 豐達營造-觀音,8.0,28.34,328,桃園市觀音區,桃園市觀音區經建三路32號,1,RT20250000010286,,1.0,25.059261,121.122278,1450,W2,4,Taiwan,PZ,2,16.0,7
5A-平鎮倉,75674 豐達營造-觀音,8.0,28.34,328,桃園市觀音區,桃園市觀音區經建三路32號,1,RT20250000010286,,1.0,25.059261,121.122278,1450,W2,5,Taiwan,PZ,2,16.0,7
5A-平鎮倉,75674 豐達營造-觀音,8.0,28.34,328,桃園市觀音區,桃園市觀音區經建三路32號,1,RT20250000010286,,1.0,25.059261,121.122278,1450,W2,6,Taiwan,PZ,2,16.0,7
5A-平鎮倉,75674 豐達營造-觀音,8.0,28.34,328,桃園市觀音區,桃園市觀音區經建三路32號,1,RT20250000010286,,1.0,25.059261,121.122278,1450,W2,7,Taiwan,PZ,2,16.0,7
5A-平鎮倉,74801 亞通利大-法蘭摩沙,8.0,29.21,328,桃園市觀音區,桃園市觀音區經建一路5號對面工地,1,RT20250000012299,1.0,,25.053956,121.11872,1450,W1,8,Taiwan,PZ,1,8.0,7
5A-平鎮倉,74801 亞通利大-法蘭摩沙,8.0,29.21,328,桃園市觀音區,桃園市觀音區經建一路5號對面工地,1,RT20250000012299,1.0,,25.053956,121.11872,1450,W1,9,Taiwan,PZ,1,8.0,7
5A-平鎮倉,74801 亞通利大-法蘭摩沙,8.0,29.21,328,桃園市觀音區,桃園市觀音區經建一路5號對面工地,1,RT20250000012299,1.0,,25.053956,121.11872,1450,W1,10,Taiwan,PZ,1,8.0,7
5A-平鎮倉,74801 亞通利大-法蘭摩沙,8.0,29.21,328,桃園市觀音區,桃園市觀音區經建一路5號對面工地,1,RT20250000012299,1.0,,25.053956,121.11872,1450,W1,11,Taiwan,PZ,1,8.0,7
5A-平鎮倉,74801 亞通利大-法蘭摩沙,8.0,29.28,328,桃園市觀音區,桃園市觀音區經建一路5號對面工地,1,RT20250000012301,1.0,,25.053928,121.117942,1450,W1,12,Taiwan,PZ,1,8.0,7
5A-平鎮倉,74801 亞通利大-法蘭摩沙,8.0,29.28,328,桃園市觀音區,桃園市觀音區經建一路5號對面工地,1,RT20250000012301,1.0,,25.053928,121.117942,1450,W1,13,Taiwan,PZ,1,8.0,7
5A-平鎮倉,74801 亞通利大-法蘭摩沙,8.0,29.28,328,桃園市觀音區,桃園市觀音區經建一路5號對面工地,1,RT20250000013038,1.0,,25.053928,121.117942,1450,W1,14,Taiwan,PZ,1,8.0,7
5A-平鎮倉,74801 亞通利大-法蘭摩沙,8.0,29.28,328,桃園市觀音區,桃園市觀音區經建一路5號對面工地,1,RT20250000013038,1.0,,25.053928,121.117942,1450,W1,15,Taiwan,PZ,1,8.0,7
5A-平鎮倉,74801 亞通利大-法蘭摩沙,8.0,29.28,328,桃園市觀音區,桃園市觀音區經建一路5號對面工地,1,RT20250000013038,1.0,,25.053928,121.117942,1450,W1,16,Taiwan,PZ,1,8.0,7
5A-平鎮倉,74801 亞通利大-法蘭摩沙,8.0,29.28,328,桃園市觀音區,桃園市觀音區經建一路5號對面工地,1,RT20250000013038,1.0,,25.053928,121.117942,1450,W1,17,Taiwan,PZ,1,8.0,7
5A-平鎮倉,71951 乾隆建設-樂群街,8.0,30.55,328,桃園市觀音區,桃園市觀音區樂群街14巷,1,RT20250000011848,1.0,,25.050008,121.121361,1450,W1,18,Taiwan,PZ,1,8.0,7
5A-平鎮倉,71062 錦美紙業,8.0,32.03,328,桃園市觀音區,桃園市觀音區榮工北路10號-錦美紙業,1,RT20250000010339,,1.0,25.058208,121.127823,1450,W2,19,Taiwan,PZ,2,16.0,7
5A-平鎮倉,71062 錦美紙業,8.0,32.03,328,桃園市觀音區,桃園市觀音區榮工北路10號-錦美紙業,1,RT20250000010339,,1.0,25.058208,121.127823,1450,W2,20,Taiwan,PZ,2,16.0,7
5A-平鎮倉,76011 全新建設-觀音,8.0,34.29,328,桃園市觀音區,桃園市觀音區忠孝路298號旁(富貴一街上),1,RT202500003116,1.0,,25.054225,121.139408,1450,W1,21,Taiwan,PZ,1,8.0,7
5A-平鎮倉,76571 閎升營造-26地號,8.0,34.51,328,桃園市觀音區,桃園市觀音區成功路一段360巷30號,1,RT202500005792,1.0,,25.054433,121.137577,1450,W1,22,Taiwan,PZ,1,8.0,7
5A-平鎮倉,75540 昕揚建設-草福段39地號,8.0,34.57,328,桃園市觀音區,桃園市觀音區富貴一街113巷30號對面,1,RT202500001273,1.0,,25.05425,121.137027,1450,W1,23,Taiwan,PZ,1,8.0,7
5A-平鎮倉,76381 德山-草褔段55地號,8.0,34.68,328,桃園市觀音區,桃園市觀音區富貴二街25巷,1,RT202500004979,1.0,,25.053711,121.137194,1450,W1,24,Taiwan,PZ,1,8.0,7
5A-平鎮倉,77539 正冠開發-觀音區,8.0,34.83,328,桃園市觀音區,桃園市觀音區富貴一街與富貴二街交叉口-電聯定位,1,RT20250000010343,1.0,,25.052944,121.137172,1450,W1,25,Taiwan,PZ,1,8.0,7
5A-平鎮倉,77370 嘉禮建設-銜接#73157,8.0,35.1,328,桃園市觀音區,桃園市觀音區富貴三街中間工地,1,RT202500009563,1.0,,25.051786,121.139061,1450,W1,26,Taiwan,PZ,1,8.0,7
5A-平鎮倉,73800 駿龍營造-草福段293地號,8.0,35.5,328,桃園市觀音區,桃園市觀音區成功路一段&保障路-電聯帶定位,1,RT20250000013057,1.0,,25.054228,121.141036,1450,W1,27,Taiwan,PZ,1,8.0,7
5A-平鎮倉,72850 弘峻-草福段A區,8.0,35.64,328,桃園市觀音區,桃園市觀音區忠孝一街-附座標,1,RT202400005105,1.0,,25.053917,121.141614,1450,W1,28,Taiwan,PZ,1,8.0,7
5A-平鎮倉,75239 凱暉-草福段B區,8.0,35.66,328,桃園市觀音區,桃園市觀音區莊敬三街180號附近工地,1,RT20240000014900,1.0,,25.054003,121.141705,1450,W1,29,Taiwan,PZ,1,8.0,7
5A-平鎮倉,75239 凱暉-草福段B區,8.0,35.66,328,桃園市觀音區,桃園市觀音區莊敬三街180號附近工地-追加,1,RT202500007968,1.0,,25.054003,121.141705,1450,W1,30,Taiwan,PZ,1,8.0,7
5A-平鎮倉,77629 麗榮建設-莊敬三街,8.0,35.68,328,桃園市觀音區,桃園市觀音區莊敬三街,1,RT20250000010843,1.0,,25.054192,121.141927,1450,W1,31,Taiwan,PZ,1,8.0,7
5A-平鎮倉,74723 鼎騰建設-觀音,8.0,35.7,328,桃園市觀音區,桃園市觀音區莊敬三街172號旁,1,RT20250000012065,1.0,,25.054214,121.142033,1450,W1,32,Taiwan,PZ,1,8.0,7
5A-平鎮倉,75706 偉軒營造-觀音,8.0,35.82,328,桃園市觀音區,桃園市觀音區桃35鄉道155號,1,RT202500001859,1.0,,25.053483,121.141433,1450,W1,33,Taiwan,PZ,1,8.0,7
5A-平鎮倉,73710 竣鵬建設-翰林苑,8.0,35.95,328,桃園市觀音區,桃園市觀音區忠孝一街-電聯帶定位,1,RT20250000011833,1.0,,25.053711,121.142339,1450,W1,34,Taiwan,PZ,1,8.0,7
5A-平鎮倉,74376 郡鼎建設-郡鼎佳禾,8.0,36.09,328,桃園市觀音區,桃園市觀音區忠孝一街-郡鼎佳禾,1,RT20240000011114,1.0,,25.053267,121.14263,1450,W1,35,Taiwan,PZ,1,8.0,7
5A-平鎮倉,76573 閎升營造-420地號,8.0,36.31,328,桃園市觀音區,桃園市觀音區忠孝一街239號,1,RT202500005793,1.0,,25.053058,121.143102,1450,W1,36,Taiwan,PZ,1,8.0,7
5A-平鎮倉,73478 長洲建設-觀音,8.0,36.32,328,桃園市觀音區,桃園市觀音區忠孝一街-草漯有應公斜對面,1,RT202400007406,1.0,,25.052933,121.143058,1450,W1,37,Taiwan,PZ,1,8.0,7
5A-平鎮倉,75338 嘉禮建設-388、389地號,8.0,36.37,328,桃園市觀音區,桃園市觀音區忠孝路107-3號-草漯萬應宮,1,RT2025000220,1.0,,25.052622,121.142705,1450,W1,38,Taiwan,PZ,1,8.0,7
5A-平鎮倉,72750 世霖-觀音253地號,8.0,36.79,328,桃園市觀音區,桃園市觀音區莊敬路698號,1,RT202400004631,1.0,,25.049883,121.140627,1450,W1,39,Taiwan,PZ,1,8.0,7
5A-平鎮倉,78365 宜佳建設-草漯段558地號新建工程,8.0,36.83,328,桃園市觀音區,桃園市觀音區莊敬路696號旁,1,RT20250000013964,1.0,,25.049641,121.140369,1450,W1,40,Taiwan,PZ,1,8.0,7
5A-平鎮倉,74984 乾宏建設-觀音忠孝路,8.0,37.1,328,桃園市觀音區,桃園市觀音區忠孝路111巷106號,1,RT20250000013180,1.0,,25.048527,121.140322,1450,W1,41,Taiwan,PZ,1,8.0,7
5A-平鎮倉,75849 旭源營造-聯華,8.0,46.52,328,桃園市觀音區,桃園市觀音區工業一路18號-聯華,1,RT202500005242,1.0,,25.06985,121.12682,1450,W1,42,Taiwan,PZ,1,8.0,7
5A-平鎮倉,75849 旭源營造-聯華,8.0,46.52,328,桃園市觀音區,桃園市觀音區工業一路18號-聯華,1,RT202500005242,1.0,,25.06985,121.12682,1450,W1,43,Taiwan,PZ,1,8.0,7
5A-平鎮倉,66368 利德工程-大園,8.0,28.46,337,桃園市大園區,桃園市大園區埔心里埔心77-12號旁組合屋(工務所)-帶過去定位點,1,RT202300007705,1.0,,25.043889,121.217892,1440,W1,44,Taiwan,PZ,1,8.0,5
5A-平鎮倉,66368 利德工程-大園,8.0,28.46,337,桃園市大園區,桃園市大園區埔心里埔心77-12號旁組合屋(工務所)-帶過去定位點,1,RT202300007705,1.0,,25.043889,121.217892,1440,W1,45,Taiwan,PZ,1,8.0,5
5A-平鎮倉,66368 利德工程-大園,8.0,28.46,337,桃園市大園區,桃園市大園區埔心里埔心77-12號旁組合屋(工務所)-帶過去定位點,1,RT202300007705,1.0,,25.043889,121.217892,1440,W1,46,Taiwan,PZ,1,8.0,5
5A-平鎮倉,66368 利德工程-大園,8.0,28.46,337,桃園市大園區,桃園市大園區埔心里埔心77-12號旁組合屋(工務所)-帶過去定位點,1,RT202300007705,1.0,,25.043889,121.217892,1440,W1,47,Taiwan,PZ,1,8.0,5
5A-平鎮倉,66368 利德工程-大園,8.0,28.46,337,桃園市大園區,桃園市大園區埔心里埔心77-12號旁組合屋(工務所)-帶過去定位點,1,RT202300007705,1.0,,25.043889,121.217892,1440,W1,48,Taiwan,PZ,1,8.0,5
5A-平鎮倉,66368 利德工程-大園,8.0,28.46,337,桃園市大園區,桃園市大園區埔心里埔心77-12號旁組合屋(工務所)-帶過去定位點,1,RT202300007705,1.0,,25.043889,121.217892,1440,W1,49,Taiwan,PZ,1,8.0,5
5A-平鎮倉,72726 弘棋-田心段815地號,8.0,33.08,337,桃園市大園區,桃園市大園區華興路二段2號對面工地,1,RT202500007209,1.0,,25.048319,121.198697,1440,W1,50,Taiwan,PZ,1,8.0,5
5A-平鎮倉,77062 超揚營造-近埔心國小,8.0,37.49,337,桃園市大園區,桃園市大園區中正東路一段189巷35號-埔心國小附近,1,RT202500008021,1.0,,25.049591,121.227156,1440,W1,51,Taiwan,PZ,1,8.0,12
5A-平鎮倉,77175 廣利宏營造有限公司,8.0,37.51,337,桃園市大園區,桃園市大園區中正東路一段189巷35號埔心國小旁工地-大園重劃區,1,RT202500008746,1.0,,25.049533,121.226939,1440,W1,52,Taiwan,PZ,1,8.0,12
5A-平鎮倉,78215 茂成建設-中正東路一段,8.0,37.66,337,桃園市大園區,桃園市大園區中正東路一段189巷143號-大園重劃區-附地標,1,RT20250000013302,1.0,,25.049489,121.228025,1440,W1,53,Taiwan,PZ,1,8.0,12
5A-平鎮倉,77568 永融-橫埔段341~345,8.0,37.76,337,桃園市大園區,桃園市大園區中正東路一段189巷-航空城-橫埔段341~345地號,1,RT20250000010505,1.0,,25.048964,121.227895,1440,W1,54,Taiwan,PZ,1,8.0,12
5A-平鎮倉,77567 永融-橫埔段30.49,8.0,37.82,337,桃園市大園區,桃園市大園區中正東路一段189巷-航空城-橫埔段30.49地號,1,RT20250000010503,1.0,,25.049136,121.228403,1440,W1,55,Taiwan,PZ,1,8.0,12
5A-平鎮倉,77561 昇皇營造-橫埔段41.42.43地號,8.0,37.9,337,桃園市大園區,桃園市大園區大竹南路-航空城-橫埔段41.42.43地號,1,RT20250000010454,1.0,,25.04848,121.228356,1440,W1,56,Taiwan,PZ,1,8.0,12
5A-平鎮倉,77566 永融-橫埔段37~39,8.0,37.94,337,桃園市大園區,桃園市大園區中正東路一段189巷-航空城-橫埔段37~39地號,1,RT20250000010502,1.0,,25.048322,121.227978,1440,W1,57,Taiwan,PZ,1,8.0,12
5A-平鎮倉,76025 南昌營造-劉倉宇住宅,8.0,38.02,337,桃園市大園區,桃園市大園區中正東路一段189巷129號,1,RT202500003156,1.0,,25.047966,121.227339,1440,W1,58,Taiwan,PZ,1,8.0,12
5A-平鎮倉,77440 永融-橫埔段100~106,8.0,38.03,337,桃園市大園區,桃園市大園區中正東路一段189巷,1,RT202500009895,1.0,,25.047944,121.227198,1440,W1,59,Taiwan,PZ,1,8.0,12
5A-平鎮倉,78007 民興營造-橫埔段64-67,8.0,38.16,337,桃園市大園區,桃園市大園區中正東路一段189巷83號-航空城-橫埔段64-67地號,1,RT20250000012506,1.0,,25.047861,121.228111,1440,W1,60,Taiwan,PZ,1,8.0,12
5A-平鎮倉,78250 常詠營造-橫埔段146.147地號,8.0,38.2,337,桃園市大園區,桃園市大園區大園重劃區-橫埔段146147地號-電聯定位,1,RT20250000013459,1.0,,25.047666,121.227734,1440,W1,61,Taiwan,PZ,1,8.0,12
5A-平鎮倉,77675 元豪工程-大園橫浦段,8.0,38.23,337,桃園市大園區,桃園市大園區中正東路一段189巷139號-附地標,1,RT20250000011037,1.0,,25.0476,121.227417,1440,W1,62,Taiwan,PZ,1,8.0,5
5A-平鎮倉,76990 築億營造-大園區-1,8.0,38.23,337,桃園市大園區,桃園市大園區中正東路１段438之1號-大園重劃區,1,RT202500007686,1.0,,25.047527,121.227456,1440,W1,63,Taiwan,PZ,1,8.0,5
5A-平鎮倉,78039 謙平營造-橫埔段277-282地號-2/2,8.0,38.37,337,桃園市大園區,桃園市大園區橫埔段277-282地號-大園重劃區,1,RT20250000012627,1.0,,25.046608,121.226798,1440,W1,64,Taiwan,PZ,1,8.0,5
5A-平鎮倉,78038 謙平營造-橫埔段285地號-1/2,8.0,38.4,337,桃園市大園區,桃園市大園區中正東路一段189巷151-1號-橫埔段285地號-大園重劃區,1,RT20250000012626,1.0,,25.046522,121.226789,1440,W1,65,Taiwan,PZ,1,8.0,5
5A-平鎮倉,77244 宏源工程-王新穎.林振清,8.0,38.53,337,桃園市大園區,桃園市大園區中正東路一段189巷97之10號-航空城,1,RT202500009027,1.0,,25.045827,121.225853,1440,W1,66,Taiwan,PZ,1,8.0,5
5A-平鎮倉,76888 國統-航空城橫浦段,8.0,38.64,337,桃園市大園區,桃園市大園區埔心里,1,RT202500007252,1.0,,25.046552,121.22595,1440,W1,67,Taiwan,PZ,1,8.0,5
5A-平鎮倉,77545 建鴻土木-埔心六路,8.0,38.82,337,桃園市大園區,桃園市大園區埔心六路-航空城,1,RT20250000010405,1.0,,25.047011,121.225775,1440,W1,68,Taiwan,PZ,1,8.0,5
5A-平鎮倉,78211 茂成建設-橫埔段222地號,8.0,38.97,337,桃園市大園區,桃園市大園區中正東路一段-大園重劃區-橫埔段222地號-附地標,1,RT20250000013293,1.0,,25.047114,121.225084,1440,W1,69,Taiwan,PZ,1,8.0,5
5A-平鎮倉,77313 晟富工程行,8.0,39.18,337,桃園市大園區,桃園市大園區中正東路一段35號埔心國小旁-大園重劃區-電聯定位,1,RT202500009253,1.0,,25.048469,121.224445,1440,W1,70,Taiwan,PZ,1,8.0,5
5A-平鎮倉,78106 謙平營造-橫埔段368-368地號-4/4,8.0,39.4,337,桃園市大園區,桃園市大園區大園重劃區-橫埔段368-368地號,1,RT20250000012889,1.0,,25.047766,121.225231,1440,W1,71,Taiwan,PZ,1,8.0,5
5A-平鎮倉,77181 鴻城建設-大園區,8.0,39.41,337,桃園市大園區,桃園市大園區中正東路一段189巷35號-埔心國小附近-大園重劃區,1,RT202500008754,1.0,,25.047866,121.22532,1440,W1,72,Taiwan,PZ,1,8.0,5
5A-平鎮倉,77695 睿騏營造-埔心一路,8.0,39.53,337,桃園市大園區,桃園市大園區埔心一路及六路口-近埔心國小-電聯定位,1,RT20250000011120,1.0,,25.047886,121.226178,1440,W1,73,Taiwan,PZ,1,8.0,5
5A-平鎮倉,77187 民興營造-橫埔段363地號,8.0,39.58,337,桃園市大園區,桃園市大園區中正東路一段189巷83號,1,RT202500008789,1.0,,25.048069,121.226609,1440,W1,74,Taiwan,PZ,1,8.0,5
5A-平鎮倉,78325 勤實創新營造-福海段227.228地號,8.0,40.17,337,桃園市大園區,桃園市大園區大海路附近-福海段227.228地號-附地標,1,RT20250000013759,1.0,,25.049436,121.229848,1440,W1,75,Taiwan,PZ,1,8.0,12
5A-平鎮倉,76454 景盛土木-同#75557,8.0,40.18,337,桃園市大園區,桃園市大園區大竹南路81號,1,RT202500005291,1.0,,25.04953,121.230017,1440,W1,76,Taiwan,PZ,1,8.0,12
5A-平鎮倉,77546 建鴻土木-桃航三路,8.0,40.21,337,桃園市大園區,桃園市大園區桃航三路-航空城,1,RT20250000010406,1.0,,25.04928,121.230606,1440,W1,77,Taiwan,PZ,1,8.0,12
5A-平鎮倉,77988 億龍營造-以利亞,8.0,40.34,337,桃園市大園區,桃園市大園區桃航三路&大海路路口,1,RT20250000012380,1.0,,25.049016,121.230264,1440,W1,78,Taiwan,PZ,1,8.0,12
5A-平鎮倉,77569 將豪營造-福海段1416.1417,8.0,40.47,337,桃園市大園區,桃園市大園區大竹南路-航空城-福海段1416.1417地號,1,RT20250000010510,1.0,,25.049764,121.229514,1440,W1,79,Taiwan,PZ,1,8.0,12
5A-平鎮倉,77701 景盛土木-福海段174~178,8.0,40.5,337,桃園市大園區,桃園市大園區大竹南路81號-航空城-福海段174~178地號,1,RT20250000011138,1.0,,25.049994,121.229681,1440,W1,80,Taiwan,PZ,1,8.0,12
5A-平鎮倉,78333 子紳營造-福海段443地號,8.0,41.21,337,桃園市大園區,桃園市大園區大竹南路進去(A1-1.福海段443地號)-附地標,1,RT20250000013786,1.0,,25.047564,121.234455,1440,W1,81,Taiwan,PZ,1,8.0,12
5A-平鎮倉,75882 陳春木-大園,8.0,44.8,337,桃園市大園區,桃園市大園區中正東路1段438號-帶定位,1,RT202500002634,1.0,,25.043527,121.224367,1440,W1,82,Taiwan,PZ,1,8.0,5
5A-平鎮倉,76094 弘達流通-全聯觀音,8.0,61.81,328,桃園市觀音區,桃園市觀音區工業七路10號,1,RT20250000012204,,1.0,25.052894,121.110306,1450,W2,83,Taiwan,PZ,2,16.0,7
5A-平鎮倉,76094 弘達流通-全聯觀音,8.0,61.81,328,桃園市觀音區,桃園市觀音區工業七路10號,1,RT20250000012204,,1.0,25.052894,121.110306,1450,W2,84,Taiwan,PZ,2,16.0,7
5A-平鎮倉,70388 福順營造-觀音,8.0,63.77,328,桃園市觀音區,桃園市觀音區玉林路一段789號,1,RT20250000011849,1.0,,25.053067,121.096652,1450,W1,85,Taiwan,PZ,1,8.0,7
5A-平鎮倉,75058 玄通營造,8.0,68.3,328,桃園市觀音區,桃園市觀音區環科路528號-聯華二期,1,RT20250000012968,,1.0,25.041255,121.067928,1450,W2,86,Hsinchu,PZ,2,16.0,7
5A-平鎮倉,75058 玄通營造,8.0,68.3,328,桃園市觀音區,桃園市觀音區環科路528號-聯華二期,1,RT20250000012968,,1.0,25.041255,121.067928,1450,W2,87,Hsinchu,PZ,2,16.0,7
5A-平鎮倉,61755 韓商現代工程股份有限公司台灣分公司,8.0,70.83,328,桃園市觀音區,桃園市觀音區電廠路1號(大潭電廠)-出入需換證件,1,RT202500009997,,1.0,25.033278,121.051778,1450,W2,88,Hsinchu,PZ,2,16.0,7
5A-平鎮倉,61755 韓商現代工程股份有限公司台灣分公司,8.0,70.83,328,桃園市觀音區,桃園市觀音區電廠路1號(大潭電廠)-出入需換證件,1,RT202500009997,,1.0,25.033278,121.051778,1450,W2,89,Hsinchu,PZ,2,16.0,7
5A-平鎮倉,61755 韓商現代工程股份有限公司台灣分公司,8.0,70.83,328,桃園市觀音區,桃園市觀音區電廠路1號(大潭電廠)-出入需換證件,1,RT202500009997,,1.0,25.033278,121.051778,1450,W2,90,Hsinchu,PZ,2,16.0,7
5A-平鎮倉,61755 韓商現代工程股份有限公司台灣分公司,8.0,70.83,328,桃園市觀音區,桃園市觀音區電廠路1號(大潭電廠)-出入需換證件,1,RT202500009997,,1.0,25.033278,121.051778,1450,W2,91,Hsinchu,PZ,2,16.0,7
5A-平鎮倉,61755 韓商現代工程股份有限公司台灣分公司,8.0,70.83,328,桃園市觀音區,桃園市觀音區電廠路1號(大潭電廠)-出入需換證件,1,RT202500009997,,1.0,25.033278,121.051778,1450,W2,92,Hsinchu,PZ,2,16.0,7
5A-平鎮倉,61755 韓商現代工程股份有限公司台灣分公司,8.0,70.83,328,桃園市觀音區,桃園市觀音區電廠路1號(大潭電廠)-出入需換證件,1,RT202500009997,,1.0,25.033278,121.051778,1450,W2,93,Hsinchu,PZ,2,16.0,7
5A-平鎮倉,61755 韓商現代工程股份有限公司台灣分公司,8.0,70.83,328,桃園市觀音區,桃園市觀音區電廠路1號(大潭電廠)-出入需換證件,1,RT202500009997,,1.0,25.033278,121.051778,1450,W2,94,Hsinchu,PZ,2,16.0,7
5A-平鎮倉,61755 韓商現代工程股份有限公司台灣分公司,8.0,70.83,328,桃園市觀音區,桃園市觀音區電廠路1號(大潭電廠)-出入需換證件,1,RT202500009997,,1.0,25.033278,121.051778,1450,W2,95,Hsinchu,PZ,2,16.0,7
5A-平鎮倉,61755 韓商現代工程股份有限公司台灣分公司,8.0,70.83,328,桃園市觀音區,桃園市觀音區電廠路1號(大潭電廠)-出入需換證件,1,RT202500009997,,1.0,25.033278,121.051778,1450,W2,96,Hsinchu,PZ,2,16.0,7
5A-平鎮倉,61755 韓商現代工程股份有限公司台灣分公司,8.0,70.83,328,桃園市觀音區,桃園市觀音區電廠路1號(大潭電廠)-出入需換證件,1,RT202500009997,,1.0,25.033278,121.051778,1450,W2,97,Hsinchu,PZ,2,16.0,7
5A-平鎮倉,77121 台灣中油-觀塘,8.0,71.26,328,桃園市觀音區,桃園市觀音區電廠一路-觀塘-附定位照,1,RT202500008524,1.0,,25.03415,121.04865,1450,W1,98,Hsinchu,PZ,1,8.0,7
5A-平鎮倉,77066 東陞鼎營造-三俊街,8.0,33.38,238,新北市樹林區,新北市樹林區三俊街255巷1-1號,1,RT202500008043,1.0,,25.014417,121.422342,1180,W1,99,Taipei,WG,1,8.0,3
5A-平鎮倉,73858 新高山-樹林吳秉修,8.0,35.74,238,新北市樹林區,新北市樹林區樹新路50巷巷底,1,RT202500009499,1.0,,24.996227,121.42962,1180,W1,100,Taipei,WG,1,8.0,3
5A-平鎮倉,52749 文強-土城區,8.0,38.99,236,新北市土城區,新北市土城區中央路一段189巷內-停車場,1,RT20250000011841,,1.0,24.986769,121.446458,1150,W2,101,Taipei,WG,2,16.0,1
5A-平鎮倉,66738 瑞助-土城(三期),8.0,39.91,236,新北市土城區,新北市土城區莊園街123之10地號-停車場旁-三期(警衛室後休息站旁),1,RT202500009523,1.0,,24.981811,121.446325,1150,W1,102,Taipei,WG,1,8.0,1
5A-平鎮倉,66738 瑞助-土城(三期),8.0,39.91,236,新北市土城區,新北市土城區莊園街123之10地號-停車場旁-三期(警衛室後休息站旁),1,RT202500009523,1.0,,24.981811,121.446325,1150,W1,103,Taipei,WG,1,8.0,1
5A-平鎮倉,66738 瑞助-土城(三期),8.0,39.91,236,新北市土城區,新北市土城區莊園街123之10地號-停車場旁-三期,1,RT202500009524,1.0,,24.981811,121.446325,1150,W1,104,Taipei,WG,1,8.0,1
5A-平鎮倉,66738 瑞助-土城(三期),8.0,39.91,236,新北市土城區,新北市土城區莊園街123之10地號-停車場旁-三期,1,RT202500009524,1.0,,24.981811,121.446325,1150,W1,105,Taipei,WG,1,8.0,1
5A-平鎮倉,78295 吉宗營造-土城區,8.0,42.55,236,新北市土城區,新北市土城區中山路91號,1,RT20250000013595,1.0,,24.969948,121.432017,1150,W1,106,Taipei,WG,1,8.0,1
5A-平鎮倉,78295 吉宗營造-土城區,8.0,42.55,236,新北市土城區,新北市土城區中山路91號,1,RT20250000013595,1.0,,24.969948,121.432017,1150,W1,107,Taipei,WG,1,8.0,1
5A-平鎮倉,71629 展榮工程行,8.0,44.42,236,新北市土城區,新北市土城區福安街70巷底,1,RT202500007134,1.0,,24.965139,121.417959,1150,W1,108,Taipei,WG,1,8.0,1
5A-平鎮倉,70911 仁基建設,27.0,45.69,236,新北市土城區,新北市土城區中州路30巷1號-7F,7,RT20250000010513,1.0,,24.958372,121.413058,1150,W1,109,Taipei,WG,1,27.0,3
5A-平鎮倉,70911 仁基建設,8.0,45.69,236,新北市土城區,新北市土城區中州路30巷1號,1,RT20250000011007,1.0,,24.958372,121.413058,1150,W1,110,Taipei,WG,1,8.0,3
5A-平鎮倉,70911 仁基建設,8.0,45.72,236,新北市土城區,新北市土城區中州路30巷1號,1,RT20250000011006,1.0,,24.958872,121.412839,1150,W1,111,Taipei,WG,1,8.0,3
5A-平鎮倉,70652 旭?建設有限公司,17.0,48.87,236,新北市土城區,新北市土城區承天路16號,11,RT202500008606,1.0,,24.963572,121.437597,1150,W1,112,Taipei,WG,1,17.0,1
5A-平鎮倉,70652 旭?建設有限公司,22.0,48.87,236,新北市土城區,新北市土城區承天路16號-13F,13,RT20250000013393,1.0,,24.963572,121.437597,1150,W1,113,Taipei,WG,1,22.0,1
5A-平鎮倉,70652 旭?建設有限公司,19.5,49.22,236,新北市土城區,新北市土城區承天路16號-9F,9,RT20250000013689,1.0,,24.964739,121.438469,1150,W1,114,Taipei,WG,1,19.5,1
5A-平鎮倉,70652 旭?建設有限公司,8.0,49.39,236,新北市土城區,新北市土城區承天路16號,1,RT202500009927,1.0,,24.9639,121.438614,1150,W1,115,Taipei,WG,1,8.0,1
5A-平鎮倉,70652 旭?建設有限公司,17.0,49.4,236,新北市土城區,新北市土城區承天路16號,3,RT202500004183,1.0,,24.963728,121.43858,1150,W1,116,Taipei,WG,1,17.0,1
5A-平鎮倉,70652 旭?建設有限公司,17.0,49.4,236,新北市土城區,新北市土城區承天路16號,5,RT202500004183,1.0,,24.963728,121.43858,1150,W1,117,Taipei,WG,1,17.0,1
5A-平鎮倉,70652 旭?建設有限公司,17.0,49.4,236,新北市土城區,新北市土城區承天路16號,7,RT202500004183,,,24.963728,121.43858,1150,Unknown,118,Taipei,WG,1,17.0,1
5A-平鎮倉,70064 晉達營造-土城,8.0,49.75,236,新北市土城區,新北市土城區承天路62巷8號,1,RT202500006734,1.0,,24.961819,121.440819,1150,W1,119,Taipei,WG,1,8.0,1
5A-平鎮倉,76250 順業營造-土城,8.0,49.92,236,新北市土城區,新北市土城區承天路66號對面,1,RT202500004178,1.0,,24.962483,121.441539,1150,W1,120,Taipei,WG,1,8.0,1
5A-平鎮倉,76857 鴻燊營造-南天母路,8.0,51.24,236,新北市土城區,新北市土城區南天母路67號對面工地,1,RT202500007145,1.0,,24.957111,121.446219,1150,W1,121,Taipei,WG,1,8.0,1
5A-平鎮倉,75149 壯源工程-土城,8.0,52.5,236,新北市土城區,新北市土城區忠義路88號對面,1,RT20250000013577,1.0,,24.962192,121.444072,1150,W1,122,Taipei,WG,1,8.0,1
5A-平鎮倉,75728 基億營造-土城,8.0,54.55,236,新北市土城區,新北市土城區永和街85號附近40公尺圍籬,1,RT202500001953,1.0,,24.955414,121.435966,1150,W1,123,Taipei,WG,1,8.0,1
5A-平鎮倉,75763 鵬宇營造-土城,8.0,59.6,236,新北市土城區,新北市土城區延吉街296巷36號,1,RT202500002133,1.0,,24.98548,121.463928,1150,W1,124,Taipei,WG,1,8.0,1
5A-平鎮倉,71689 鴻信-一品學苑,8.0,60.79,236,新北市土城區,新北市土城區青福街76號,1,RT20230000015308,1.0,,24.978673,121.457308,1150,W1,125,Taipei,WG,1,8.0,1
5A-平鎮倉,71689 鴻信-一品學苑,8.0,60.79,236,新北市土城區,新北市土城區青福街76號,1,RT20230000015308,1.0,,24.978673,121.457308,1150,W1,126,Taipei,WG,1,8.0,1
5A-平鎮倉,70244 徐坤山-青雲路,8.0,62.38,236,新北市土城區,新北市土城區青雲路649號,1,RT202500007967,1.0,,24.967123,121.462219,1150,W1,127,Taipei,WG,1,8.0,1
5A-平鎮倉,70652 旭?建設有限公司,8.0,73.9,236,新北市土城區,新北市土城區承天路16號(旭?),1,RT202500009926,1.0,,24.963544,121.438358,1150,W1,128,Taipei,WG,1,8.0,1
5A-平鎮倉,70652 旭?建設有限公司,8.0,73.9,236,新北市土城區,新北市土城區承天路16號(旭?),1,RT202500009926,1.0,,24.963544,121.438358,1150,W1,129,Taipei,WG,1,8.0,1
5A-平鎮倉,76285 程峰營造-樹林服務所,8.0,78.54,238,新北市樹林區,新北市樹林區水源街220號（浮洲加壓站）,1,RT202500004266,1.0,,24.978695,121.426328,1180,W1,130,Taipei,WG,1,8.0,1
5A-平鎮倉,76818 鎮昇營造-八德街,8.0,79.88,238,新北市樹林區,新北市樹林區八德街210號旁,1,RT202500007018,1.0,,24.973178,121.417673,1180,W1,131,Taipei,WG,1,8.0,3
5A-平鎮倉,77794 江林營造-八德街,8.0,80.53,238,新北市樹林區,新北市樹林區八德街224-1號-前2小時電聯,1,RT20250000011451,1.0,,24.972078,121.415339,1180,W1,132,Taipei,WG,1,8.0,3
5A-平鎮倉,77129 明煜營造-統琳實業,8.0,82.54,238,新北市樹林區,新北市樹林區味王街87-1號,1,RT202500008541,1.0,,24.972456,121.410781,1180,W1,133,Taipei,WG,1,8.0,3
5A-平鎮倉,71684 陳順良,8.0,83.32,238,新北市樹林區,新北市樹林區東豐街50-6號對面-報廢場,1,RT20250000013545,1.0,,24.972681,121.410708,1180,W1,134,Taipei,WG,1,8.0,3
5A-平鎮倉,72562 僕人營造-樹林,8.0,85.88,238,新北市樹林區,新北市樹林區大安路537巷7弄3號,1,RT20250000010782,1.0,,24.984386,121.413328,1180,W1,135,Taipei,WG,1,8.0,3
5A-平鎮倉,78254 福旺營造-柑園橋過溪段,8.0,90.58,238,新北市樹林區,新北市樹林區西圳街一段118巷3號-附地標,1,RT20250000013467,1.0,,24.965083,121.399644,1180,W1,136,Taipei,WG,1,8.0,3
5A-平鎮倉,78018 尚鋐營造有限公司,8.0,80.08,356,苗栗縣後龍鎮,苗栗縣後龍鎮114-1號-後龍清海宮,1,RT20250000012543,1.0,,24.599547,120.722845,1610,W1,137,Miaoli,PZ,1,8.0,9
5A-平鎮倉,78018 尚鋐營造有限公司,8.0,80.08,356,苗栗縣後龍鎮,苗栗縣後龍鎮114-1號-後龍清海宮,1,RT20250000012543,1.0,,24.599547,120.722845,1610,W1,138,Miaoli,PZ,1,8.0,9
5A-平鎮倉,78018 尚鋐營造有限公司,8.0,80.08,356,苗栗縣後龍鎮,苗栗縣後龍鎮114-1號-後龍清海宮,1,RT20250000012543,1.0,,24.599547,120.722845,1610,W1,139,Miaoli,PZ,1,8.0,9
5A-平鎮倉,78018 尚鋐營造有限公司,8.0,80.08,356,苗栗縣後龍鎮,苗栗縣後龍鎮114-1號-後龍清海宮,1,RT20250000012543,1.0,,24.599547,120.722845,1610,W1,140,Miaoli,PZ,1,8.0,9
5A-平鎮倉,78018 尚鋐營造有限公司,8.0,80.08,356,苗栗縣後龍鎮,苗栗縣後龍鎮114-1號-後龍清海宮,1,RT20250000012543,1.0,,24.599547,120.722845,1610,W1,141,Miaoli,PZ,1,8.0,9
5A-平鎮倉,78018 尚鋐營造有限公司,8.0,80.08,356,苗栗縣後龍鎮,苗栗縣後龍鎮114-1號-後龍清海宮,1,RT20250000012543,1.0,,24.599547,120.722845,1610,W1,142,Miaoli,PZ,1,8.0,9
5A-平鎮倉,78018 尚鋐營造有限公司,8.0,80.08,356,苗栗縣後龍鎮,苗栗縣後龍鎮114-1號-後龍清海宮,1,RT20250000012543,1.0,,24.599547,120.722845,1610,W1,143,Miaoli,PZ,1,8.0,9
5A-平鎮倉,78018 尚鋐營造有限公司,8.0,80.08,356,苗栗縣後龍鎮,苗栗縣後龍鎮114-1號-後龍清海宮,1,RT20250000012543,1.0,,24.599547,120.722845,1610,W1,144,Miaoli,PZ,1,8.0,9
5A-平鎮倉,78018 尚鋐營造有限公司,8.0,80.08,356,苗栗縣後龍鎮,苗栗縣後龍鎮114-1號-後龍清海宮,1,RT20250000012543,1.0,,24.599547,120.722845,1610,W1,145,Miaoli,PZ,1,8.0,9
5A-平鎮倉,78018 尚鋐營造有限公司,8.0,80.08,356,苗栗縣後龍鎮,苗栗縣後龍鎮114-1號-後龍清海宮,1,RT20250000012543,1.0,,24.599547,120.722845,1610,W1,146,Miaoli,PZ,1,8.0,9
5A-平鎮倉,73963 長見營造-苗栗長春,8.0,93.78,360,苗栗縣苗栗市,苗栗縣苗栗市福安里福星252之1號-長春石油化學,1,RT20250000012839,1.0,,24.594611,120.808839,1620,W1,147,Miaoli,PZ,1,8.0,9
5A-平鎮倉,72291 騰元-苗栗高鐵,8.0,97.65,356,苗栗縣後龍鎮,苗栗縣後龍鎮頂椅七街&新港一路交叉口,1,RT20250000010605,1.0,,24.615056,120.825792,1610,W1,148,Miaoli,PZ,1,8.0,9
5A-平鎮倉,76686 競捷營造-造橋鄉,8.0,103.51,361,苗栗縣造橋鄉,"苗栗縣造橋鄉平興鄉24°37'10.3""N 120°51'27.4""E",1,RT202500006382,1.0,,24.619325,120.857075,1600,W1,149,Miaoli,PZ,1,8.0,9
5A-平鎮倉,77997 千誠營造-造橋鄉,8.0,106.73,361,苗栗縣造橋鄉,苗栗縣造橋鄉13鄰東興36號-凱撒衛浴-造橋發貨中心附近-附地標,1,RT20250000012451,1.0,,24.640622,120.869323,1600,W1,150,Miaoli,PZ,1,8.0,9
5A-平鎮倉,77997 千誠營造-造橋鄉,8.0,106.73,361,苗栗縣造橋鄉,苗栗縣造橋鄉13鄰東興36號-凱撒衛浴-造橋發貨中心附近-附地標,1,RT20250000012451,1.0,,24.640622,120.869323,1600,W1,151,Miaoli,PZ,1,8.0,9
5A-平鎮倉,76540 景賀營造-大西二街,8.0,110.38,361,苗栗縣造橋鄉,苗栗縣造橋鄉大西二街126巷3號,1,RT202500005678,1.0,,24.623542,120.894864,1600,W1,152,Miaoli,PZ,1,8.0,9
5A-平鎮倉,66320 安住-頭份,8.0,113.96,351,苗栗縣頭份市,苗栗縣頭份市尖豐路557號,1,RT20250000010302,1.0,,24.64703,120.884808,1590,W1,153,Miaoli,PZ,1,8.0,9
5A-平鎮倉,66320 安住-頭份,8.0,113.96,351,苗栗縣頭份市,苗栗縣頭份市尖豐路557號,1,RT20250000010302,1.0,,24.64703,120.884808,1590,W1,154,Miaoli,PZ,1,8.0,9
5A-平鎮倉,70680 龍裕營造-永貞路,8.0,117.44,351,苗栗縣頭份市,苗栗縣頭份市永貞路1段181巷15號,1,RT20250000011852,1.0,,24.676086,120.883555,1590,W1,155,Miaoli,PZ,1,8.0,9
5A-平鎮倉,70680 龍裕營造-永貞路,8.0,117.44,351,苗栗縣頭份市,苗栗縣頭份市永貞路1段181巷15號,1,RT20250000011852,1.0,,24.676086,120.883555,1590,W1,156,Miaoli,PZ,1,8.0,9
5A-平鎮倉,76905 力源營造-中華路,8.0,118.66,351,苗栗縣頭份市,苗栗縣頭份市中華路200號旁邊工地,1,RT202500007365,1.0,,24.665678,120.881692,1590,W1,157,Miaoli,PZ,1,8.0,9
5A-平鎮倉,73099 大証環保-竹南,8.0,119.79,350,苗栗縣竹南鎮,苗栗縣竹南鎮大埔頂5號,1,RT202400005969,1.0,,24.6588,120.873867,1580,W1,158,Miaoli,PZ,1,8.0,9
5A-平鎮倉,76503 聖穎營造-談文車站,8.0,121.5,361,苗栗縣造橋鄉,苗栗縣造橋鄉仁愛路29號-談文車站,1,RT202500005510,1.0,,24.656403,120.858372,1600,W1,159,Miaoli,PZ,1,8.0,9
5A-平鎮倉,76346 佛教仁欽-寶吉祥佛寺,8.0,125.26,361,苗栗縣造橋鄉,"苗栗縣造橋鄉龍昇村-寶吉祥佛寺24°38'47.1""N 120°50'15.3""E",1,RT202500004736,1.0,,24.633148,120.838136,1600,W1,160,Miaoli,PZ,1,8.0,9
5A-平鎮倉,75911 隨形工程-寶吉祥寺,8.0,126.22,361,苗栗縣造橋鄉,苗栗縣造橋鄉龍昇村五鄰九車籠8-1號對面工地-依座標,1,RT20250000013419,1.0,,24.629953,120.836705,1600,W1,161,Miaoli,PZ,1,8.0,9
5A-平鎮倉,75381 潤弘精密-國泰路,8.0,134.82,350,苗栗縣竹南鎮,苗栗縣竹南鎮國泰路-附座標,1,RT2025000420,1.0,,24.675045,120.877409,1580,W1,162,Miaoli,PZ,1,8.0,9
5A-平鎮倉,75381 潤弘精密-國泰路,8.0,134.84,350,苗栗縣竹南鎮,苗栗縣竹南鎮國泰路-附座標,1,RT202500001907,1.0,,24.674875,120.877328,1580,W1,163,Miaoli,PZ,1,8.0,9
5A-平鎮倉,67595 潤弘-竹南,8.0,141.43,350,苗栗縣竹南鎮,苗栗縣竹南鎮鳳梨坑19-3號,1,RT202500007557,1.0,,24.726211,120.898755,1580,W1,164,Hsinchu,PZ,1,8.0,9
5A-平鎮倉,67595 潤弘-竹南,8.0,141.43,350,苗栗縣竹南鎮,苗栗縣竹南鎮鳳梨坑19-3號,1,RT202500007557,1.0,,24.726211,120.898755,1580,W1,165,Hsinchu,PZ,1,8.0,9
5A-平鎮倉,67595 潤弘-竹南,8.0,141.45,350,苗栗縣竹南鎮,苗栗縣竹南鎮鳳梨坑19-3號,1,RT202500003727,1.0,,24.726428,120.898836,1580,W1,166,Hsinchu,PZ,1,8.0,9
5A-平鎮倉,67595 潤弘-竹南,8.0,141.45,350,苗栗縣竹南鎮,苗栗縣竹南鎮鳳梨坑19-3號,1,RT202500003727,1.0,,24.726428,120.898836,1580,W1,167,Hsinchu,PZ,1,8.0,9
5A-平鎮倉,67595 潤弘-竹南,8.0,141.45,350,苗栗縣竹南鎮,苗栗縣竹南鎮鳳梨坑19-3號,1,RT202500003726,1.0,,24.726428,120.898836,1580,W1,168,Hsinchu,PZ,1,8.0,9
5A-平鎮倉,67595 潤弘-竹南,8.0,141.45,350,苗栗縣竹南鎮,苗栗縣竹南鎮鳳梨坑19-3號,1,RT202500003726,1.0,,24.726428,120.898836,1580,W1,169,Hsinchu,PZ,1,8.0,9
5A-平鎮倉,67595 潤弘-竹南,8.0,141.45,350,苗栗縣竹南鎮,苗栗縣竹南鎮鳳梨坑19-3號,1,RT202500003726,1.0,,24.726428,120.898836,1580,W1,170,Hsinchu,PZ,1,8.0,9
5A-平鎮倉,67595 潤弘-竹南,8.0,141.45,350,苗栗縣竹南鎮,苗栗縣竹南鎮鳳梨坑19-3號,1,RT202500003726,1.0,,24.726428,120.898836,1580,W1,171,Hsinchu,PZ,1,8.0,9
5A-平鎮倉,67595 潤弘-竹南,8.0,141.73,350,苗栗縣竹南鎮,苗栗縣竹南鎮鳳梨坑19-3號,1,RT202500007558,1.0,,24.725445,120.896944,1580,W1,172,Hsinchu,PZ,1,8.0,9
5A-平鎮倉,67595 潤弘-竹南,8.0,141.73,350,苗栗縣竹南鎮,苗栗縣竹南鎮鳳梨坑19-3號,1,RT202500007558,1.0,,24.725445,120.896944,1580,W1,173,Hsinchu,PZ,1,8.0,9
5A-平鎮倉,67595 潤弘-竹南,8.0,142.32,350,苗栗縣竹南鎮,苗栗縣竹南鎮鳳梨坑19-3號,1,RT202500001925,1.0,,24.727389,120.896691,1580,W1,174,Hsinchu,PZ,1,8.0,9
5A-平鎮倉,67595 潤弘-竹南,8.0,142.32,350,苗栗縣竹南鎮,苗栗縣竹南鎮鳳梨坑19-3號,1,RT202500001925,1.0,,24.727389,120.896691,1580,W1,175,Hsinchu,PZ,1,8.0,9
5A-平鎮倉,73467 順業營造-公館,8.0,175.96,363,苗栗縣公館鄉,苗栗縣公館鄉玉泉村玉泉34號,1,RT20250000013371,1.0,,24.508794,120.824556,1640,W1,176,Miaoli,PZ,1,8.0,9
5A-平鎮倉,73467 順業營造-公館,8.0,175.96,363,苗栗縣公館鄉,苗栗縣公館鄉玉泉村玉泉34號,1,RT20250000013371,1.0,,24.508794,120.824556,1640,W1,177,Miaoli,PZ,1,8.0,9
5A-平鎮倉,75567 加豐營造-公館,8.0,176.79,363,苗栗縣公館鄉,苗栗縣公館鄉玉泉村13鄰353號附近24 30 22.3  120 49 29.9,1,RT202500001347,1.0,,24.506106,120.82502,1640,W1,178,Miaoli,PZ,1,8.0,9
5A-平鎮倉,75567 加豐營造-公館,8.0,176.79,363,苗栗縣公館鄉,苗栗縣公館鄉玉泉村13鄰353號附近24 30 22.3  120 49 29.9,1,RT202500001347,1.0,,24.506106,120.82502,1640,W1,179,Miaoli,PZ,1,8.0,9
5A-平鎮倉,75280 正裕科技-內湖,8.0,54.6,114,臺北市內湖區,臺北市內湖區堤頂大道二段405號,1,RT202500008271,1.0,,25.080203,121.564114,1375,W1,180,Taipei,WG,1,8.0,8
5A-平鎮倉,69723 世久營造-松湖E/S地下變電所,8.0,56.46,114,臺北市內湖區,臺北市內湖區南京東路六段-環東公園,1,RT20250000011249,1.0,,25.054192,121.575167,1375,W1,181,Taipei,WG,1,8.0,8
5A-平鎮倉,69723 世久營造-松湖E/S地下變電所,8.0,56.46,114,臺北市內湖區,臺北市內湖區南京東路六段-環東公園,1,RT20250000011249,1.0,,25.054192,121.575167,1375,W1,182,Taipei,WG,1,8.0,8
5A-平鎮倉,38974 日商鹿島營造(股),8.0,56.68,114,臺北市內湖區,臺北市內湖區潭美街與安興街岔口,1,RT202500004262,1.0,,25.054381,121.574389,1375,W1,183,Taipei,WG,1,8.0,8
5A-平鎮倉,73639 正裕科技-內湖,8.0,56.92,114,臺北市內湖區,臺北市內湖區南京東路六段501號,1,RT202500008273,1.0,,25.055761,121.573673,1375,W1,184,Taipei,WG,1,8.0,8
5A-平鎮倉,38543 萊爾富國際(股),8.0,58.47,114,臺北市內湖區,臺北市內湖區新湖三路36號-萊爾富,1,RT20240000015116,1.0,,25.062861,121.575306,1375,W1,185,Taipei,WG,1,8.0,8
5A-平鎮倉,74676 豐達營造-內湖,8.0,58.97,114,臺北市內湖區,臺北市內湖區行愛路140巷21號對面工地,1,RT20240000012585,1.0,,25.063992,121.579703,1375,W1,186,Taipei,WG,1,8.0,8
5A-平鎮倉,74676 豐達營造-內湖,8.0,58.97,114,臺北市內湖區,臺北市內湖區行愛路140巷21號對面工地,1,RT20240000012585,1.0,,25.063992,121.579703,1375,W1,187,Taipei,WG,1,8.0,8
5A-平鎮倉,70361 利晉工程-內湖,8.0,59.52,114,臺北市內湖區,臺北市內湖區新湖一路191號旁,1,RT202500009481,1.0,,25.060917,121.580278,1375,W1,188,Taipei,WG,1,8.0,8
5A-平鎮倉,61908 昌圓實業有限公司,8.0,60.1,114,臺北市內湖區,臺北市內湖區瑞光路316巷66號(洗車場),1,RT202500005479,1.0,,25.075303,121.5727,1375,W1,189,Taipei,WG,1,8.0,8
5A-平鎮倉,70361 利晉工程-內湖,8.0,60.27,114,臺北市內湖區,臺北市內湖區新湖一路191號旁,1,RT202500009480,1.0,,25.059756,121.579736,1375,W1,190,Taipei,WG,1,8.0,8
5A-平鎮倉,78113 中友機電工程-B1644玉成臨,8.0,61.84,115,臺北市南港區,臺北市南港區忠孝東路六段39號-後方空地,1,RT20250000012905,1.0,,25.048761,121.583975,1365,W1,191,Taipei,WG,1,8.0,8
5A-平鎮倉,65510 豐譽聯合-南港,8.0,63.26,115,臺北市南港區,臺北市南港區昆陽街161號旁工地,1,RT20250000013448,,1.0,25.048439,121.594964,1365,W2,192,Taipei,WG,2,16.0,8
5A-平鎮倉,66948 利晉-國產建材,8.0,63.9,115,臺北市南港區,臺北市南港區南港路３段33號,1,RT20250000013369,1.0,,25.052456,121.592208,1365,W1,193,Taipei,WG,1,8.0,8
5A-平鎮倉,66948 利晉-國產建材,8.0,63.9,115,臺北市南港區,臺北市南港區南港路３段33號,1,RT20250000013369,1.0,,25.052456,121.592208,1365,W1,194,Taipei,WG,1,8.0,8
5A-平鎮倉,66948 利晉-國產建材,8.0,63.9,115,臺北市南港區,臺北市南港區南港路３段33號,1,RT20250000013369,1.0,,25.052456,121.592208,1365,W1,195,Taipei,WG,1,8.0,8
5A-平鎮倉,77638 利晉工程-緯穎內湖總部,8.0,66.18,114,臺北市內湖區,臺北市內湖區石潭路及金莊路口旁工地,1,RT20250000013358,1.0,,25.063528,121.58828,1375,W1,196,Taipei,WG,1,8.0,8
5A-平鎮倉,77638 利晉工程-緯穎內湖總部,8.0,66.18,114,臺北市內湖區,臺北市內湖區石潭路及金莊路口旁工地,1,RT20250000013358,1.0,,25.063528,121.58828,1375,W1,197,Taipei,WG,1,8.0,8
5A-平鎮倉,73377 正豪營造-國醫中心,8.0,68.13,114,臺北市內湖區,臺北市內湖區金湖路363巷巷底-白色八米大門,1,RT202500009162,1.0,,25.071831,121.597758,1375,W1,198,Taipei,WG,1,8.0,8
5A-平鎮倉,73377 正豪營造-國醫中心,8.0,68.13,114,臺北市內湖區,臺北市內湖區金湖路363巷巷底-白色八米大門,1,RT202500009162,1.0,,25.071831,121.597758,1375,W1,199,Taipei,WG,1,8.0,8
5A-平鎮倉,73377 正豪營造-國醫中心,8.0,68.13,114,臺北市內湖區,臺北市內湖區金湖路363巷巷底-白色八米大門,1,RT202500009162,1.0,,25.071831,121.597758,1375,W1,200,Taipei,WG,1,8.0,8
5A-平鎮倉,73377 正豪營造-國醫中心,12.0,68.17,114,臺北市內湖區,臺北市內湖區金湖路363巷巷底-白色八米大門,4,RT202500008143,1.0,,25.07212,121.597858,1375,W1,201,Taipei,WG,1,12.0,8
5A-平鎮倉,73377 正豪營造-國醫中心,12.0,68.26,114,臺北市內湖區,臺北市內湖區金湖路363巷巷底-白色八米大門,2,RT202500006665,1.0,,25.072603,121.598144,1375,W1,202,Taipei,WG,1,12.0,8
5A-平鎮倉,73300 新琦營造-內湖,8.0,71.28,114,臺北市內湖區,臺北市內湖區文德路66巷36弄3號,1,RT202400006765,1.0,,25.075831,121.580845,1375,W1,203,Taipei,WG,1,8.0,8
5A-平鎮倉,72529 騰森營造-碧湖文森,8.0,71.89,114,臺北市內湖區,臺北市內湖區內湖路2段76巷巷口-內湖國小對面,1,RT202400003400,1.0,,25.079264,121.581114,1375,W1,204,Taipei,WG,1,8.0,8
5A-平鎮倉,76419 威毅-內湖,8.0,73.1,114,臺北市內湖區,臺北市內湖區內湖路二段179巷224弄3號,1,RT202500005175,1.0,,25.084147,121.584869,1375,W1,205,Taipei,WG,1,8.0,8
5A-平鎮倉,68385 品宣建設-內湖,8.0,73.18,114,臺北市內湖區,臺北市內湖區內湖路２段179巷47號,1,RT20250000013734,1.0,,25.084511,121.585327,1375,W1,206,Taipei,WG,1,8.0,8
5A-平鎮倉,73835 信昶營造-內湖,8.0,73.37,114,臺北市內湖區,臺北市內湖區內湖路二段179巷,1,RT202400008867,1.0,,25.084944,121.584583,1375,W1,207,Taipei,WG,1,8.0,8
5A-平鎮倉,75861 田禾營造-內湖,8.0,74.8,114,臺北市內湖區,臺北市內湖區環山路二段50巷10弄6號,1,RT20250000012304,1.0,,25.0872,121.573539,1375,W1,208,Taipei,WG,1,8.0,8
5A-平鎮倉,73984 正裕科技-內湖,8.0,76.86,114,臺北市內湖區,臺北市內湖區堤頂大道一段-附座標,1,RT202500008272,1.0,,25.069306,121.573061,1375,W1,209,Taipei,WG,1,8.0,8
5A-平鎮倉,77282 凱至-劍南路,8.0,79.21,114,臺北市內湖區,臺北市中山區(內湖區)劍南路上-附地標,1,RT202500009164,1.0,,25.088286,121.554089,1375,W1,210,Taipei,WG,1,8.0,8
5A-平鎮倉,68118 大都會-濱江街,8.0,90.64,114,臺北市內湖區,臺北市松山區(內湖區)濱江街888號對面,1,RT20240000014061,1.0,,25.071178,121.560442,1375,W1,211,Taipei,WG,1,8.0,8
5A-平鎮倉,44628 萬洲通國際企業股份有限公司,8.0,117.01,114,臺北市內湖區,臺北市松山區(內湖區)濱江街453號-洗車場,1,RT202500007556,1.0,,25.070628,121.564608,1375,W1,212,Taipei,WG,1,8.0,8
5A-平鎮倉,66232 合輝建設開發-桃園,8.0,26.41,330,桃園市桃園區,桃園市桃園區朝陽街&青溪二路交叉口工地,1,RT20250000012281,1.0,,25.003694,121.311472,1420,W1,213,Taoyuan,PZ,1,8.0,10
5A-平鎮倉,75106 宏濱營造-富櫻翫,8.0,26.77,330,桃園市桃園區,桃園市桃園區中央街293號對面,1,RT20250000012454,1.0,,25.004014,121.314744,1420,W1,214,Taoyuan,PZ,1,8.0,10
5A-平鎮倉,75695 啟程營造有限公司,8.0,26.89,330,桃園市桃園區,桃園市桃園區中央街218號,1,RT202500001793,1.0,,25.002992,121.314847,1420,W1,215,Taoyuan,PZ,1,8.0,10
5A-平鎮倉,75106 宏濱營造-富櫻翫,8.0,26.89,330,桃園市桃園區,桃園市桃園區中央街293號對面,1,RT202500002925,1.0,,25.003042,121.314831,1420,W1,216,Taoyuan,PZ,1,8.0,10
5A-平鎮倉,78322 中毅營造-小檜溪D案,8.0,27.67,330,桃園市桃園區,桃園市桃園區朝陽街506號旁工地,1,RT20250000013748,1.0,,25.006319,121.310553,1420,W1,217,Taiwan,PZ,1,8.0,10
5A-平鎮倉,78322 中毅營造-小檜溪D案,8.0,27.67,330,桃園市桃園區,桃園市桃園區朝陽街506號旁工地,1,RT20250000013748,1.0,,25.006319,121.310553,1420,W1,218,Taiwan,PZ,1,8.0,10
5A-平鎮倉,78322 中毅營造-小檜溪D案,8.0,27.67,330,桃園市桃園區,桃園市桃園區朝陽街506號旁工地,1,RT20250000013748,1.0,,25.006319,121.310553,1420,W1,219,Taiwan,PZ,1,8.0,10
5A-平鎮倉,77291 久旺營造-朝陽街,8.0,27.85,330,桃園市桃園區,桃園市桃園區朝陽街508號,1,RT202500009182,1.0,,25.007781,121.309925,1420,W1,220,Taiwan,PZ,1,8.0,10
5A-平鎮倉,77291 久旺營造-朝陽街,8.0,27.85,330,桃園市桃園區,桃園市桃園區朝陽街508號,1,RT202500009182,1.0,,25.007781,121.309925,1420,W1,221,Taiwan,PZ,1,8.0,10
5A-平鎮倉,77467 優美地建設-正康一街,8.0,28.86,330,桃園市桃園區,桃園市桃園區正康一街136巷14號旁,1,RT20250000013356,1.0,,25.003444,121.307753,1420,W1,222,Taiwan,PZ,1,8.0,10
5A-平鎮倉,75371 宜康建設-正康一街,8.0,29.18,330,桃園市桃園區,桃園市桃園區正康一街81號旁,1,RT2025000381,1.0,,25.001444,121.307389,1420,W1,223,Taiwan,PZ,1,8.0,10
5A-平鎮倉,69793 六大營造-陸昇中正案,16.0,29.37,330,桃園市桃園區,桃園市桃園區中正路457號旁,4,RT202500002755,1.0,,25.001639,121.306639,1420,W1,224,Taiwan,PZ,1,16.0,10
5A-平鎮倉,69793 六大營造-陸昇中正案,16.0,29.37,330,桃園市桃園區,桃園市桃園區中正路457號旁,4,RT202500002755,1.0,,25.001639,121.306639,1420,W1,225,Taiwan,PZ,1,16.0,10
5A-平鎮倉,69793 六大營造-陸昇中正案,8.0,29.37,330,桃園市桃園區,桃園市桃園區中正路457號旁,1,RT202500007207,1.0,,25.001639,121.306639,1420,W1,226,Taiwan,PZ,1,8.0,10
5A-平鎮倉,69793 六大營造-陸昇中正案,8.0,29.37,330,桃園市桃園區,桃園市桃園區中正路457號旁,1,RT202500007207,1.0,,25.001639,121.306639,1420,W1,227,Taiwan,PZ,1,8.0,10
5A-平鎮倉,69793 六大營造-陸昇中正案,16.0,29.38,330,桃園市桃園區,桃園市桃園區中正路457號旁,7,RT202500006021,1.0,,25.001858,121.306714,1420,W1,228,Taiwan,PZ,1,16.0,10
5A-平鎮倉,69793 六大營造-陸昇中正案,16.0,29.38,330,桃園市桃園區,桃園市桃園區中正路457號旁,7,RT202500006021,1.0,,25.001858,121.306714,1420,W1,229,Taiwan,PZ,1,16.0,10
5A-平鎮倉,69793 六大營造-陸昇中正案,16.0,29.38,330,桃園市桃園區,桃園市桃園區中正路457號旁-11F,11,RT202500008613,1.0,,25.001858,121.306714,1420,W1,230,Taiwan,PZ,1,16.0,10
5A-平鎮倉,69793 六大營造-陸昇中正案,16.0,29.38,330,桃園市桃園區,桃園市桃園區中正路457號旁,15,RT20250000011899,1.0,,25.001858,121.306714,1420,W1,231,Taiwan,PZ,1,16.0,10
5A-平鎮倉,76883 達龍營造-宜暘青安,8.0,30.09,330,桃園市桃園區,桃園市桃園區新生路110號旁,1,RT202500007244,1.0,,24.996727,121.308439,1420,W1,232,Taiwan,PZ,1,8.0,10
5A-平鎮倉,73022 忠謀營造-岑維旅館,8.0,30.96,330,桃園市桃園區,桃園市桃園區朝陽街一段92號,1,RT202500004852,1.0,,24.994436,121.313897,1420,W1,233,Taoyuan,PZ,1,8.0,10
5A-平鎮倉,77132 高鼎盛開發-延壽街,8.0,33.23,330,桃園市桃園區,桃園市桃園區延壽街7號旁工地,1,RT202500008554,1.0,,24.99163,121.293661,1420,W1,234,Taiwan,PZ,1,8.0,10
5A-平鎮倉,68542 嘉順-延壽街,8.0,33.4,330,桃園市桃園區,桃園市桃園區延壽街60號,1,RT202500009848,1.0,,24.992816,121.292661,1420,W1,235,Taiwan,PZ,1,8.0,10
5A-平鎮倉,77870 好記營造-中興北路,8.0,33.74,330,桃園市桃園區,桃園市桃園區中山路812巷27弄11號-附圖定位,1,RT20250000011679,1.0,,24.991789,121.290202,1420,W1,236,Taiwan,PZ,1,8.0,10
5A-平鎮倉,77870 好記營造-中興北路,8.0,33.74,330,桃園市桃園區,桃園市桃園區中山路812巷27弄11號-附圖定位,1,RT20250000011679,1.0,,24.991789,121.290202,1420,W1,237,Taiwan,PZ,1,8.0,10
5A-平鎮倉,73891 坤宥營造-桃園,8.0,34.91,330,桃園市桃園區,桃園市桃園區力行路698號對面,1,RT20250000013179,1.0,,24.998339,121.290577,1420,W1,238,Taiwan,PZ,1,8.0,10
5A-平鎮倉,76106 京澄建設-文中一路,8.0,35.46,330,桃園市桃園區,桃園市桃園區文中一路與文中一路25巷交叉口,1,RT202500003645,1.0,,24.996472,121.293164,1420,W1,239,Taiwan,PZ,1,8.0,10
5A-平鎮倉,74840 京澄建設-中路二段316地號,8.0,35.46,330,桃園市桃園區,桃園市桃園區文中路 & 文中一路交叉口,1,RT20240000013197,1.0,,24.996491,121.293247,1420,W1,240,Taiwan,PZ,1,8.0,10
5A-平鎮倉,74840 京澄建設-中路二段316地號,8.0,35.46,330,桃園市桃園區,桃園市桃園區文中路 & 文中一路交叉口,1,RT202500003644,1.0,,24.996472,121.293164,1420,W1,241,Taiwan,PZ,1,8.0,10
5A-平鎮倉,77148 福鄉營造-333地號,8.0,35.66,330,桃園市桃園區,桃園市桃園區力行路469巷58號5號對面工地,1,RT202500008588,1.0,,24.997414,121.294297,1420,W1,242,Taiwan,PZ,1,8.0,10
5A-平鎮倉,71061 誠永,8.0,36.16,330,桃園市桃園區,桃園市桃園區保定三街95號,1,RT20250000011505,1.0,,24.998444,121.297802,1420,W1,243,Taiwan,PZ,1,8.0,10
5A-平鎮倉,71061 誠永,8.0,36.16,330,桃園市桃園區,桃園市桃園區保定三街95號,1,RT20250000011505,1.0,,24.998444,121.297802,1420,W1,244,Taiwan,PZ,1,8.0,10
5A-平鎮倉,65988 嘉順-桃園,8.0,36.73,330,桃園市桃園區,桃園市桃園區孝一街96號旁工地,1,RT202500007263,1.0,,24.997083,121.302389,1420,W1,245,Taiwan,PZ,1,8.0,10
5A-平鎮倉,75167 六大營造-六大中正案,8.0,38.06,330,桃園市桃園區,桃園市桃園區中正路648巷&大連三街交叉口,1,RT20240000014640,1.0,,25.005547,121.304828,1420,W1,246,Taiwan,PZ,1,8.0,10
5A-平鎮倉,75167 六大營造-六大中正案,8.0,38.06,330,桃園市桃園區,桃園市桃園區中正路648巷&大連三街交叉口,1,RT20240000014640,1.0,,25.005547,121.304828,1420,W1,247,Taiwan,PZ,1,8.0,10
5A-平鎮倉,73147 陽明營造-百川新埔A區,8.0,38.88,330,桃園市桃園區,桃園市桃園區新埔三街43巷1號旁,1,RT202500006900,1.0,,25.010506,121.303267,1420,W1,248,Taiwan,PZ,1,8.0,10
5A-平鎮倉,74384 陽明營造-百川新埔B,8.0,38.88,330,桃園市桃園區,桃園市桃園區新埔三街50號對面,1,RT202500006902,1.0,,25.010506,121.303267,1420,W1,249,Taiwan,PZ,1,8.0,10
5A-平鎮倉,74384 陽明營造-百川新埔B,8.0,38.91,330,桃園市桃園區,桃園市桃園區新埔三街50號對面,1,RT20240000011149,1.0,,25.010714,121.303356,1420,W1,250,Taiwan,PZ,1,8.0,10
5A-平鎮倉,74480 大英營造-新埔段,8.0,39.14,330,桃園市桃園區,桃園市桃園區新埔六街2號對面-慈文國小對面工地,1,RT20240000011610,1.0,,25.012208,121.303628,1420,W1,251,Taiwan,PZ,1,8.0,10
5A-平鎮倉,74480 大英營造-新埔段,8.0,39.14,330,桃園市桃園區,桃園市桃園區新埔六街2號對面-慈文國小對面工地,1,RT20240000011610,1.0,,25.012208,121.303628,1420,W1,252,Taiwan,PZ,1,8.0,10
5A-平鎮倉,73546 康駿建設-桃園,8.0,40.31,330,桃園市桃園區,桃園市桃園區同德五街272號對面,1,RT202400007785,1.0,,25.012325,121.294966,1420,W1,253,Taiwan,PZ,1,8.0,10
5A-平鎮倉,77168 富迎鑫建-慈文段,8.0,40.78,330,桃園市桃園區,桃園市桃園區中埔二街8號旁,1,RT202500008720,1.0,,25.009264,121.297094,1420,W1,254,Taiwan,PZ,1,8.0,10
5A-平鎮倉,75847 威臺營造-永順街83巷,8.0,40.96,330,桃園市桃園區,桃園市桃園區永順街83巷2號,1,RT202500002491,1.0,,25.008281,121.296175,1420,W1,255,Taiwan,PZ,1,8.0,10
5A-平鎮倉,77166 參碩實業-龍源路,8.0,12.45,325,桃園市龍潭區,桃園市龍潭區龍源路881號旁工地,1,RT20250000013364,1.0,,24.818423,121.225728,1430,W1,256,Taiwan,PZ,1,8.0,6
5A-平鎮倉,76062 秀傳企業-龍源693地號,8.0,13.21,325,桃園市龍潭區,桃園市龍潭區粗坑路82巷30弄2號,1,RT202500003317,1.0,,24.815867,121.221639,1430,W1,257,Taiwan,PZ,1,8.0,6
5A-平鎮倉,73917 弘光開發-龍源路,8.0,14.96,325,桃園市龍潭區,桃園市龍潭區龍源路239巷,1,RT20250000013171,1.0,,24.824823,121.212072,1430,W1,258,Taiwan,PZ,1,8.0,6
5A-平鎮倉,75765 家禾營造-宏益金,8.0,15.6,325,桃園市龍潭區,桃園市龍潭區龍源路252巷122號,1,RT20250000013226,1.0,,24.821331,121.212219,1430,W1,259,Taiwan,PZ,1,8.0,6
5A-平鎮倉,75547 永曜營造-石園二村,8.0,19.29,325,桃園市龍潭區,桃園市龍潭區八德路(石園二村)-附座標,1,RT20250000013304,1.0,,24.831381,121.236725,1430,W1,260,Taiwan,PZ,1,8.0,6
5A-平鎮倉,71862 美森原國際有限公司,8.0,20.72,325,桃園市龍潭區,桃園市龍潭區民族路331巷(風之彩社區),1,RT20250000013325,1.0,,24.837225,121.234964,1430,W1,261,Taiwan,PZ,1,8.0,6
5A-平鎮倉,74385 鑫建豪營-富甲三林,8.0,21.68,325,桃園市龍潭區,桃園市龍潭區富華街三林段550號旁,1,RT20250000010255,1.0,,24.835155,121.228831,1430,W1,262,Taiwan,PZ,1,8.0,6
5A-平鎮倉,77615 鑫建豪營-禾浥,8.0,22.25,325,桃園市龍潭區,桃園市龍潭區三林段富華街395巷61號,1,RT20250000010730,1.0,,24.838633,121.228528,1430,W1,263,Taiwan,PZ,1,8.0,6
5A-平鎮倉,72808 鼎璿-龍潭,8.0,24.74,325,桃園市龍潭區,桃園市龍潭區龍華路526巷29號,1,RT202400004841,1.0,,24.854717,121.21715,1430,W1,264,Taiwan,PZ,1,8.0,6
5A-平鎮倉,76869 鼎碩營造-龍華路,8.0,24.96,325,桃園市龍潭區,桃園市龍潭區龍華路526巷98號旁,1,RT202500007198,1.0,,24.853878,121.215203,1430,W1,265,Taiwan,PZ,1,8.0,6
5A-平鎮倉,76943 雙晟營造-金龍路,8.0,25.18,325,桃園市龍潭區,桃園市龍潭區金龍路170號旁,1,RT202500007481,1.0,,24.854478,121.213478,1430,W1,266,Taiwan,PZ,1,8.0,6
5A-平鎮倉,75669 誠洲營造-?泰建設住宅新建工程,8.0,25.88,325,桃園市龍潭區,桃園市龍潭區(平鎮區)金龍路112巷298號後面,1,RT202500001694,1.0,,24.851456,121.208431,1430,W1,267,Taiwan,PZ,1,8.0,6
5A-平鎮倉,74091 恩興營造-龍潭,8.0,28.28,325,桃園市龍潭區,桃園市龍潭區中正路三林段118號旁工地,1,RT20250000013228,1.0,,24.851022,121.226986,1430,W1,268,Taiwan,PZ,1,8.0,6
5A-平鎮倉,77633 王進忠-房子修繕,8.0,28.41,325,桃園市龍潭區,桃園市龍潭區龍吟街23巷2號,1,RT20250000013002,1.0,,24.850158,121.227306,1430,W1,269,Taiwan,PZ,1,8.0,6
5A-平鎮倉,76529 松信營造-棒壘球場,8.0,29.68,325,桃園市龍潭區,桃園市龍潭區中正路三段239巷-龍潭體育園區棒壘球場-附圖,1,RT20250000013182,,1.0,24.855794,121.232567,1430,W2,270,Taiwan,PZ,2,16.0,6
5A-平鎮倉,76529 松信營造-棒壘球場,8.0,29.68,325,桃園市龍潭區,桃園市龍潭區中正路三段239巷-龍潭體育園區棒壘球場-附圖,1,RT20250000013182,,1.0,24.855794,121.232567,1430,W2,271,Taiwan,PZ,2,16.0,6
5A-平鎮倉,75812 五城-龍華路310,8.0,32.15,325,桃園市龍潭區,桃園市龍潭區龍華路310號,1,RT202500002346,1.0,,24.859558,121.217781,1430,W1,272,Taiwan,PZ,1,8.0,6
5A-平鎮倉,73673 信益建築-春園日安,8.0,32.44,325,桃園市龍潭區,桃園市龍潭區東龍路42巷底,1,RT202500007989,1.0,,24.859347,121.216861,1430,W1,273,Taiwan,PZ,1,8.0,6
5A-平鎮倉,76961 好記營造-大昌路,8.0,33.29,325,桃園市龍潭區,桃園市龍潭區大昌路二段518之1號-對面工地,1,RT202500007542,1.0,,24.857389,121.221611,1430,W1,274,Taiwan,PZ,1,8.0,6
5A-平鎮倉,76961 好記營造-大昌路,8.0,33.29,325,桃園市龍潭區,桃園市龍潭區大昌路二段518之1號-對面工地,1,RT202500007542,1.0,,24.857389,121.221611,1430,W1,275,Taiwan,PZ,1,8.0,6
5A-平鎮倉,75548 永曜營造-石園三村,8.0,36.04,325,桃園市龍潭區,桃園市龍潭區武漢路85巷(石園三村)-附座標,1,RT20250000013251,1.0,,24.870859,121.235019,1430,W1,276,Taiwan,PZ,1,8.0,6
5A-平鎮倉,77526 寬和營造-奉慈段,8.0,36.6,325,桃園市龍潭區,桃園市龍潭區中興路240巷7弄14號,1,RT20250000010271,1.0,,24.875442,121.233564,1430,W1,277,Taiwan,PZ,1,8.0,6
5A-平鎮倉,75568 泰貿豐-員林路三段,8.0,39.41,325,桃園市龍潭區,桃園市大溪區(龍潭區)員林路三段380巷口,1,RT20250000012307,1.0,,24.877961,121.250703,1430,W1,278,Taiwan,PZ,1,8.0,6
5A-平鎮倉,75941 睦陞建設-龍潭,8.0,40.35,325,桃園市龍潭區,桃園市龍潭區中興路九龍段80號,1,RT20250000013707,1.0,,24.880475,121.249014,1430,W1,279,Taiwan,PZ,1,8.0,6
5A-平鎮倉,69510 達龍營造-慈禪宮,8.0,42.37,325,桃園市龍潭區,桃園市龍潭區龍平路105之2號(1065巷口),1,RT20250000012194,1.0,,24.884055,121.238141,1430,W1,280,Taiwan,PZ,1,8.0,6
5A-平鎮倉,77612 萬昱建設-中豐路,8.0,45.32,325,桃園市龍潭區,桃園市龍潭區中豐路504巷,1,RT20250000010701,1.0,,24.883303,121.213036,1430,W1,281,Taiwan,PZ,1,8.0,6
5A-平鎮倉,77106 盛北營造-新鳥樹林,8.0,45.35,325,桃園市龍潭區,桃園市龍潭區中豐路504巷9號旁,1,RT202500008348,1.0,,24.883267,121.212811,1430,W1,282,Taiwan,PZ,1,8.0,6
5A-平鎮倉,77115 伯皇營造-龍祥段,8.0,46.73,325,桃園市龍潭區,桃園市龍潭區聖亭路300巷208號旁,1,RT202500008428,1.0,,24.873664,121.208442,1430,W1,283,Taiwan,PZ,1,8.0,6
5A-平鎮倉,76244 鼎運營造-,8.0,47.51,325,桃園市龍潭區,桃園市龍潭區聖亭路八德段10號,1,RT202500004163,1.0,,24.873153,121.202514,1430,W1,284,Taiwan,PZ,1,8.0,6
5A-平鎮倉,75636 筑睎建設-龍潭,8.0,47.71,325,桃園市龍潭區,桃園市龍潭區聖亭路11巷37號,1,RT202500001610,1.0,,24.873573,121.200878,1430,W1,285,Taiwan,PZ,1,8.0,6
5A-平鎮倉,77904 名騰建設-梅龍三街,8.0,48.78,325,桃園市龍潭區,桃園市龍潭區梅龍三街130號旁工地,1,RT20250000011789,1.0,,24.871245,121.19465,1430,W1,286,Taiwan,PZ,1,8.0,6
5A-平鎮倉,77904 名騰建設-梅龍三街,8.0,48.78,325,桃園市龍潭區,桃園市龍潭區梅龍三街130號旁工地,1,RT20250000011789,1.0,,24.871245,121.19465,1430,W1,287,Taiwan,PZ,1,8.0,6
5A-平鎮倉,76014 首善營造-梅龍路,8.0,50.08,325,桃園市龍潭區,桃園市龍潭區梅龍路515巷進去大約200公尺有帆布-追加,1,RT20250000013585,1.0,,24.875828,121.190727,1430,W1,288,Taiwan,PZ,1,8.0,6
5A-平鎮倉,76014 首善營造-梅龍路,8.0,50.22,325,桃園市龍潭區,桃園市龍潭區梅龍路515巷進去大約200公尺有帆布-附定位圖,1,RT202500009229,1.0,,24.875125,121.190575,1430,W1,289,Taiwan,PZ,1,8.0,6
5A-平鎮倉,76014 首善營造-梅龍路,8.0,50.28,325,桃園市龍潭區,桃園市龍潭區梅龍路515巷進去大約200公尺有帆布,1,RT202500007408,1.0,,24.874853,121.190164,1430,W1,290,Taiwan,PZ,1,8.0,6
5A-平鎮倉,76014 首善營造-梅龍路,8.0,50.28,325,桃園市龍潭區,桃園市龍潭區梅龍路515巷進去大約200公尺有帆布,1,RT202500007408,1.0,,24.874853,121.190164,1430,W1,291,Taiwan,PZ,1,8.0,6
5A-平鎮倉,78064 日鼎營造-龍潭區,8.0,50.79,325,桃園市龍潭區,桃園市龍潭區梅龍路583號,1,RT20250000012734,1.0,,24.876578,121.1892,1430,W1,292,Taiwan,PZ,1,8.0,6
5A-平鎮倉,76693 泰貿豐-湧光路一段,8.0,52.16,325,桃園市龍潭區,桃園市龍潭區湧光路一段169巷,1,RT20250000013308,1.0,,24.885561,121.192761,1430,W1,293,Taiwan,PZ,1,8.0,6
5A-平鎮倉,77100 遠城營造-龍潭區,8.0,53.66,325,桃園市龍潭區,桃園市龍潭區聖亭路八德段408巷102號,1,RT202500008341,1.0,,24.884752,121.201856,1430,W1,294,Taiwan,PZ,1,8.0,6
5A-平鎮倉,74252 潤弘精密-中科院,8.0,62.61,325,桃園市龍潭區,桃園市龍潭區文化路1095號對面,1,RT20240000010671,,1.0,24.858314,121.251256,1430,W2,295,Taiwan,PZ,2,16.0,6
5A-平鎮倉,74252 潤弘精密-中科院,8.0,62.61,325,桃園市龍潭區,桃園市龍潭區文化路1095號對面,1,RT20240000010671,,1.0,24.858314,121.251256,1430,W2,296,Taiwan,PZ,2,16.0,6
5A-平鎮倉,62206 長源汽車股份有限公司,8.0,63.06,325,桃園市龍潭區,桃園市大溪區(龍潭區)石園路828號附近-電聯帶定位,1,RT202500003460,1.0,,24.862125,121.250867,1430,W1,297,Taiwan,PZ,1,8.0,6
5A-平鎮倉,77459 三星-國防大學,8.0,65.0,335,桃園市大溪區,桃園市大溪區石園路75號-國防大學,1,RT20250000012736,1.0,,24.874145,121.263931,1428,W1,298,Taiwan,PZ,1,8.0,6
5A-平鎮倉,77459 三星-國防大學,8.0,65.17,335,桃園市大溪區,桃園市大溪區石園路75號-國防大學,1,RT20250000012052,1.0,,24.873875,121.26535,1428,W1,299,Taiwan,PZ,1,8.0,6
5A-平鎮倉,77459 三星-國防大學,8.0,65.3,335,桃園市大溪區,桃園市大溪區石園路75號-國防大學,1,RT20250000010007,1.0,,24.874642,121.264728,1428,W1,300,Taiwan,PZ,1,8.0,6
5A-平鎮倉,77459 三星-國防大學,8.0,65.38,335,桃園市大溪區,桃園市大溪區石園路327號旁工地-原地址大溪區石園路75號-國防大學,1,RT20250000012512,1.0,,24.875236,121.265181,1428,W1,301,Taiwan,PZ,1,8.0,6
5A-平鎮倉,77459 三星-國防大學,8.0,65.38,335,桃園市大溪區,桃園市大溪區石園路327號旁工地-原地址大溪區石園路75號-國防大學,1,RT20250000012512,1.0,,24.875236,121.265181,1428,W1,302,Taiwan,PZ,1,8.0,6
5A-平鎮倉,77825 晴邑建設-大溪瑞源段,8.0,65.96,335,桃園市大溪區,桃園市大溪區石園路276巷7號旁-自行定位,1,RT20250000011536,1.0,,24.87427,121.262242,1428,W1,303,Taiwan,PZ,1,8.0,6
5A-平鎮倉,77229 捷瑞營造-竹北-3,8.0,38.73,302,新竹縣竹北市,新竹縣竹北市隘口七街52號隔壁工地,1,RT202500008942,1.0,,24.801667,121.040222,1560,W1,304,Hsinchu,PZ,1,8.0,0
5A-平鎮倉,72891 冠輝-文小三校舍,8.0,38.91,302,新竹縣竹北市,新竹縣竹北市隘口三街&高鐵八路交叉口,1,RT202500005290,1.0,,24.802556,121.04083,1560,W1,305,Hsinchu,PZ,1,8.0,0
5A-平鎮倉,72891 冠輝-文小三校舍,8.0,38.91,302,新竹縣竹北市,新竹縣竹北市隘口三街&高鐵八路交叉口,1,RT202500005290,1.0,,24.802556,121.04083,1560,W1,306,Hsinchu,PZ,1,8.0,0
5A-平鎮倉,72891 冠輝-文小三校舍,8.0,38.91,302,新竹縣竹北市,新竹縣竹北市隘口三街&高鐵八路交叉口,1,RT202500005290,1.0,,24.802556,121.04083,1560,W1,307,Hsinchu,PZ,1,8.0,0
5A-平鎮倉,72891 冠輝-文小三校舍,8.0,38.91,302,新竹縣竹北市,新竹縣竹北市隘口三街&高鐵八路交叉口,1,RT202500005290,1.0,,24.802556,121.04083,1560,W1,308,Hsinchu,PZ,1,8.0,0
5A-平鎮倉,72891 冠輝-文小三校舍,8.0,38.91,302,新竹縣竹北市,新竹縣竹北市隘口三街&高鐵八路交叉口,1,RT202500004792,1.0,,24.802756,121.040925,1560,W1,309,Hsinchu,PZ,1,8.0,0
5A-平鎮倉,72891 冠輝-文小三校舍,8.0,38.91,302,新竹縣竹北市,新竹縣竹北市隘口三街&高鐵八路交叉口,1,RT202500004792,1.0,,24.802756,121.040925,1560,W1,310,Hsinchu,PZ,1,8.0,0
5A-平鎮倉,66440 聯森建設-隘興段,8.0,39.0,302,新竹縣竹北市,新竹縣竹北市隘口三街&高鐵八路交叉口,1,RT20250000012493,1.0,,24.803019,121.040291,1560,W1,311,Hsinchu,PZ,1,8.0,0
5A-平鎮倉,71168 大將作-欣悅護理之家,8.0,39.29,302,新竹縣竹北市,新竹縣竹北市隘口一街&高鐵八路交叉口,1,RT20250000012942,1.0,,24.80485,121.041408,1560,W1,312,Hsinchu,PZ,1,8.0,0
5A-平鎮倉,71168 大將作-欣悅護理之家,8.0,39.29,302,新竹縣竹北市,新竹縣竹北市隘口一街&高鐵八路交叉口,1,RT20250000012942,1.0,,24.80485,121.041408,1560,W1,313,Hsinchu,PZ,1,8.0,0
5A-平鎮倉,74475 璉嶸營造-竹北,8.0,39.69,302,新竹縣竹北市,新竹縣竹北市高鐵七路6號旁,1,RT202500003252,1.0,,24.806186,121.039294,1560,W1,314,Hsinchu,PZ,1,8.0,0
5A-平鎮倉,76494 鴻翰營造-鴻磬,17.0,39.88,302,新竹縣竹北市,新竹縣竹北市高鐵三路隘口一街路口-高鐵派出所正後方,13,RT20250000012786,1.0,,24.805683,121.038058,1560,W1,315,Hsinchu,PZ,1,17.0,0
5A-平鎮倉,76494 鴻翰營造-鴻磬,17.0,39.88,302,新竹縣竹北市,新竹縣竹北市高鐵三路隘口一街路口-高鐵派出所正後方,7,RT202500006867,1.0,,24.805683,121.038058,1560,W1,316,Hsinchu,PZ,1,17.0,0
5A-平鎮倉,76494 鴻翰營造-鴻磬,17.0,39.88,302,新竹縣竹北市,新竹縣竹北市高鐵三路隘口一街路口-高鐵派出所正後方,9,RT202500008135,1.0,,24.805683,121.038058,1560,W1,317,Hsinchu,PZ,1,17.0,0
5A-平鎮倉,76494 鴻翰營造-鴻磬,17.0,39.88,302,新竹縣竹北市,新竹縣竹北市高鐵三路隘口一街路口-高鐵派出所正後方-13F,11,RT20250000012377,1.0,,24.805683,121.038058,1560,W1,318,Hsinchu,PZ,1,17.0,0
5A-平鎮倉,76494 鴻翰營造-鴻磬,17.0,39.89,302,新竹縣竹北市,新竹縣竹北市高鐵三路隘口一街路口-高鐵派出所正後方,3,RT202500005451,1.0,,24.805692,121.038033,1560,W1,319,Hsinchu,PZ,1,17.0,0
5A-平鎮倉,76494 鴻翰營造-鴻磬,17.0,39.89,302,新竹縣竹北市,新竹縣竹北市高鐵三路隘口一街路口-高鐵派出所正後方,5,RT202500005451,1.0,,24.805692,121.038033,1560,W1,320,Hsinchu,PZ,1,17.0,0
5A-平鎮倉,73785 合石建設-隘口一街,8.0,39.9,302,新竹縣竹北市,新竹縣竹北市隘口一街70號,1,RT202400008612,1.0,,24.80575,121.037858,1560,W1,321,Hsinchu,PZ,1,8.0,0
5A-平鎮倉,73785 合石建設-隘口一街,8.0,39.9,302,新竹縣竹北市,新竹縣竹北市隘口一街70號,1,RT202400008612,1.0,,24.80575,121.037858,1560,W1,322,Hsinchu,PZ,1,8.0,0
5A-平鎮倉,73785 合石建設-隘口一街,13.0,39.95,302,新竹縣竹北市,新竹縣竹北市隘口一街70號,4,RT20250000013910,1.0,,24.80585,121.037408,1560,W1,323,Hsinchu,PZ,1,13.0,0
5A-平鎮倉,75835 文亮營造-竹北,8.0,40.6,302,新竹縣竹北市,新竹縣竹北市隘口六街57號旁,1,RT202500002462,1.0,,24.803436,121.033847,1560,W1,324,Hsinchu,PZ,1,8.0,0
5A-平鎮倉,77400 潤澄營造-隘口二路,8.0,41.04,302,新竹縣竹北市,新竹縣竹北市隘口二路12巷60號隔壁,1,RT202500009735,1.0,,24.802042,121.034161,1560,W1,325,Hsinchu,PZ,1,8.0,0
5A-平鎮倉,70692 康乃薾國際實驗,8.0,42.02,302,新竹縣竹北市,新竹縣竹北市六家五路與高鐵六路交岔口,1,RT202500009010,1.0,,24.801597,121.03898,1560,W1,326,Hsinchu,PZ,1,8.0,0
5A-平鎮倉,72573 麗明-聯發科,8.0,42.96,302,新竹縣竹北市,新竹縣竹北市高鐵八路(十三甲伯公廟旁工地),1,RT202400004423,,1.0,24.808483,121.041866,1560,W2,327,Hsinchu,PZ,2,16.0,0
5A-平鎮倉,72573 麗明-聯發科,8.0,42.96,302,新竹縣竹北市,新竹縣竹北市高鐵八路(十三甲伯公廟旁工地),1,RT202400004423,,1.0,24.808483,121.041866,1560,W2,328,Hsinchu,PZ,2,16.0,0
5A-平鎮倉,72573 麗明-聯發科,8.0,42.96,302,新竹縣竹北市,新竹縣竹北市高鐵八路(十三甲伯公廟旁工地),1,RT202400004426,,1.0,24.808483,121.041866,1560,W2,329,Hsinchu,PZ,2,16.0,0
5A-平鎮倉,72573 麗明-聯發科,8.0,42.96,302,新竹縣竹北市,新竹縣竹北市高鐵八路(十三甲伯公廟旁工地),1,RT202400004426,,1.0,24.808483,121.041866,1560,W2,330,Hsinchu,PZ,2,16.0,0
5A-平鎮倉,72573 麗明-聯發科,8.0,43.15,302,新竹縣竹北市,新竹縣竹北市高鐵八路(十三甲伯公廟旁工地),1,RT202500005543,,1.0,24.807572,121.042569,1560,W2,331,Hsinchu,PZ,2,16.0,0
5A-平鎮倉,72573 麗明-聯發科,8.0,43.15,302,新竹縣竹北市,新竹縣竹北市高鐵八路(十三甲伯公廟旁工地),1,RT202500005543,,1.0,24.807572,121.042569,1560,W2,332,Hsinchu,PZ,2,16.0,0
5A-平鎮倉,74475 璉嶸營造-竹北,8.0,43.68,302,新竹縣竹北市,新竹縣竹北市高鐵七路6號旁,1,RT20240000011600,1.0,,24.806411,121.039497,1560,W1,333,Hsinchu,PZ,1,8.0,0
5A-平鎮倉,78025 松恩國際-高鐵二路,8.0,44.27,302,新竹縣竹北市,新竹縣竹北市高鐵二路156號工地,1,RT20250000012570,1.0,,24.804178,121.036964,1560,W1,334,Hsinchu,PZ,1,8.0,0
5A-平鎮倉,78315 金石發營造-隘興段565地號,8.0,44.64,302,新竹縣竹北市,新竹縣竹北市嘉政九街31號旁-隘興段565地號,1,RT20250000013682,1.0,,24.805881,121.035158,1560,W1,335,Hsinchu,PZ,1,8.0,0
5A-平鎮倉,74453 捷瑞營造-中壢,8.0,45.8,302,新竹縣竹北市,新竹縣竹北市六家五路一段241號,1,RT20250000011067,1.0,,24.807847,121.028575,1560,W1,336,Hsinchu,PZ,1,8.0,0
5A-平鎮倉,76946 捷瑞營造-竹北-2,8.0,46.44,302,新竹縣竹北市,新竹縣竹北市六家一路一段60號旁,1,RT202500007495,1.0,,24.811008,121.02567,1560,W1,337,Hsinchu,PZ,1,8.0,0
5A-平鎮倉,77902 旺展企業社,8.0,46.93,302,新竹縣竹北市,新竹縣竹北市六家五路一段218號,1,RT20250000011786,1.0,,24.808336,121.027409,1560,W1,338,Hsinchu,PZ,1,8.0,0
5A-平鎮倉,76647 山境建設-同#74787,8.0,47.51,302,新竹縣竹北市,新竹縣竹北市復興六路59號,1,RT202500006185,1.0,,24.811656,121.029636,1560,W1,339,Hsinchu,PZ,1,8.0,0
5A-平鎮倉,77815 金統營造-嘉豐七街,8.0,48.16,302,新竹縣竹北市,新竹縣竹北市嘉豐七街101號旁工地,1,RT20250000011516,1.0,,24.811653,121.032406,1560,W1,340,Hsinchu,PZ,1,8.0,0
5A-平鎮倉,71678 春竹-竹北,8.0,48.2,302,新竹縣竹北市,新竹縣竹北市復興二路&嘉豐七街交叉口,1,RT20230000015264,1.0,,24.811867,121.032575,1560,W1,341,Hsinchu,PZ,1,8.0,0
5A-平鎮倉,68600 廣德-永興段562地號,8.0,48.46,302,新竹縣竹北市,新竹縣竹北市嘉豐六路1段39號旁,1,RT202500008764,1.0,,24.813517,121.031864,1560,W1,342,Hsinchu,PZ,1,8.0,0
5A-平鎮倉,78258 勝展工程行-繩索公園,8.0,48.72,302,新竹縣竹北市,新竹縣竹北市嘉豐三街302號-繩索公園,1,RT20250000013837,,1.0,24.815269,121.030861,1560,W2,343,Hsinchu,PZ,2,16.0,0
5A-平鎮倉,75443 吉邑營造-嘉興路,8.0,49.38,302,新竹縣竹北市,新竹縣竹北市嘉興路120號,1,RT2025000764,1.0,,24.816083,121.025959,1560,W1,344,Hsinchu,PZ,1,8.0,0
5A-平鎮倉,75360 吉邑營造-成功五街,8.0,49.79,302,新竹縣竹北市,新竹縣竹北市成功五街85號旁,1,RT2025000319,1.0,,24.81862,121.023798,1560,W1,345,Hsinchu,PZ,1,8.0,0
5A-平鎮倉,72885 彰京-台元段,8.0,53.13,302,新竹縣竹北市,新竹縣竹北市環北路一段269巷10號旁,1,RT20250000013705,,1.0,24.841677,121.019675,1560,W2,346,Hsinchu,PZ,2,16.0,11
5A-平鎮倉,72885 彰京-台元段,8.0,53.13,302,新竹縣竹北市,新竹縣竹北市環北路一段269巷10號旁,1,RT20250000013705,,1.0,24.841677,121.019675,1560,W2,347,Hsinchu,PZ,2,16.0,11
5A-平鎮倉,78260 勝展工程行-竹仁公園,8.0,54.2,302,新竹縣竹北市,新竹縣竹北市文化街-竹仁公園-附地標,1,RT20250000013830,,1.0,24.835983,121.016064,1560,W2,348,Hsinchu,PZ,2,16.0,11
5A-平鎮倉,78260 勝展工程行-竹仁公園,8.0,54.2,302,新竹縣竹北市,新竹縣竹北市文化街-竹仁公園-附地標,1,RT20250000013830,,1.0,24.835983,121.016064,1560,W2,349,Hsinchu,PZ,2,16.0,11
5A-平鎮倉,78259 勝展工程行-新崙公園,8.0,56.72,302,新竹縣竹北市,新竹縣竹北市光明六路上-新崙公園-附地標,1,RT20250000013826,,1.0,24.833391,120.999969,1560,W2,350,Hsinchu,PZ,2,16.0,11
5A-平鎮倉,78259 勝展工程行-新崙公園,8.0,56.72,302,新竹縣竹北市,新竹縣竹北市光明六路上-新崙公園-附地標,1,RT20250000013826,,1.0,24.833391,120.999969,1560,W2,351,Hsinchu,PZ,2,16.0,11
5A-平鎮倉,53576 日月亭-中壢,8.0,7.57,320,桃園市中壢區,桃園市中壢區廣明路128號旁停車場-廣明停車場,1,RT2025000283,1.0,,24.954667,121.214,1438,W1,352,Taiwan,PZ,1,8.0,2
5A-平鎮倉,72039 定峰工程-中正路,8.0,7.82,320,桃園市中壢區,桃園市中壢區中正路455號對面,1,RT202400001055,1.0,,24.956869,121.214094,1438,W1,353,Taiwan,PZ,1,8.0,2
5A-平鎮倉,76352 陳柏升-國鼎鵝肉,8.0,8.34,320,桃園市中壢區,桃園市中壢區民族路196號-國鼎鵝肉(宋俊宏婦產科對面),1,RT202500004793,1.0,,24.956272,121.210347,1438,W1,354,Taiwan,PZ,1,8.0,2
5A-平鎮倉,76875 泓賀營造-中壢區,8.0,9.22,320,桃園市中壢區,桃園市中壢區義民路70號,1,RT202500007217,1.0,,24.953836,121.216117,1438,W1,355,Taiwan,PZ,1,8.0,2
5A-平鎮倉,73047 閤勝營造-義民路,8.0,9.6,320,桃園市中壢區,桃園市中壢區義民路一段23號,1,RT20250000013177,1.0,,24.95655,121.21787,1438,W1,356,Taiwan,PZ,1,8.0,2
5A-平鎮倉,60180 遠碩-中壢國小,8.0,10.16,320,桃園市中壢區,桃園市中壢區延平路622號,1,RT20250000010812,1.0,,24.953847,121.220689,1438,W1,357,Taiwan,PZ,1,8.0,2
5A-平鎮倉,60180 遠碩-中壢國小,8.0,10.16,320,桃園市中壢區,桃園市中壢區延平路622號,1,RT20250000010812,1.0,,24.953847,121.220689,1438,W1,358,Taiwan,PZ,1,8.0,2
5A-平鎮倉,71325 世久營造-CJ18標,8.0,10.56,320,桃園市中壢區,桃園市中壢區永樂路35巷18號對面-CJ18,1,RT20230000013904,1.0,,24.952531,121.223434,1438,W1,359,Taiwan,PZ,1,8.0,2
5A-平鎮倉,63773 世久-中壢郵局,8.0,11.17,320,桃園市中壢區,桃園市中壢區建國路36號(中壢郵局)-電聯定位,1,RT202500005278,1.0,,24.955194,121.225164,1438,W1,360,Taiwan,PZ,1,8.0,2
5A-平鎮倉,63773 世久-中壢郵局,17.0,11.17,320,桃園市中壢區,桃園市中壢區建國路36號(中壢郵局)-6F-電聯定位,6,RT20250000012483,1.0,,24.955194,121.225164,1438,W1,361,Taiwan,PZ,1,17.0,2
5A-平鎮倉,63773 世久-中壢郵局,17.0,11.17,320,桃園市中壢區,桃園市中壢區建國路36號(中壢郵局)-4F-電聯定位,4,RT20250000012482,1.0,,24.955194,121.225164,1438,W1,362,Taiwan,PZ,1,17.0,2
5A-平鎮倉,69535 大陸工程-CM01標,8.0,12.24,320,桃園市中壢區,桃園市中壢區健行路底(後車站前)CM01標-1131231,1,RT20240000014505,,1.0,24.952842,121.225789,1438,W2,363,Taiwan,PZ,2,16.0,2
5A-平鎮倉,37999 大陸工程-CM01標,8.0,12.28,320,桃園市中壢區,桃園市中壢區新興路123號-後火車站鐵路警察辦公室,1,RT20240000014495,,1.0,24.952694,121.225389,1438,W2,364,Taiwan,PZ,2,16.0,2
5A-平鎮倉,62690 大陸工程-C006 標,8.0,12.54,320,桃園市中壢區,桃園市中壢區健行路&中北路交叉口南側-被扣錢,1,RT20240000014515,,1.0,24.952144,121.226423,1438,W2,365,Taiwan,PZ,2,16.0,2
5A-平鎮倉,70727 森業營造股份有限公司,8.0,13.75,320,桃園市中壢區,桃園市中壢區中山東路一段232號232之2號,1,RT202500002384,,1.0,24.956664,121.234519,1438,W2,366,Taiwan,PZ,2,16.0,2
5A-平鎮倉,77630 名賞工程-中山東路,8.0,14.06,320,桃園市中壢區,桃園市中壢區中山東路一段276巷51號旁工地,1,RT20250000010844,1.0,,24.956128,121.233189,1438,W1,367,Taiwan,PZ,1,8.0,2
5A-平鎮倉,75324 東陞鼎營造-桂林街,8.0,15.26,320,桃園市中壢區,桃園市中壢區桂林街5號旁-健行大學旁,1,RT2025000145,1.0,,24.949086,121.231128,1438,W1,368,Taiwan,PZ,1,8.0,2
5A-平鎮倉,75662 泰貿豐-林口,8.0,15.69,320,桃園市中壢區,桃園市中壢區吉長街53號旁,1,RT202500001681,1.0,,24.946733,121.23112,1438,W1,369,Taiwan,PZ,1,8.0,6
5A-平鎮倉,78224 晉煌營造-後興路二段,8.0,16.08,320,桃園市中壢區,桃園市中壢區後興路二段525號,1,RT20250000013310,1.0,,24.944666,121.230867,1438,W1,370,Taiwan,PZ,1,8.0,6
5A-平鎮倉,77663 大竣工程-品聚,8.0,16.36,320,桃園市中壢區,桃園市中壢區龍岡路二段321巷102弄20衖65號,1,RT20250000010961,1.0,,24.943277,121.232692,1438,W1,371,Taiwan,PZ,1,8.0,6
5A-平鎮倉,72998 日富-龍興小學,8.0,17.5,320,桃園市中壢區,桃園市中壢區龍勇路141號旁工地,1,RT20250000011880,1.0,,24.939205,121.234177,1438,W1,372,Taiwan,PZ,1,8.0,6
5A-平鎮倉,72998 日富-龍興小學,8.0,17.5,320,桃園市中壢區,桃園市中壢區龍勇路141號旁工地,1,RT20250000011880,1.0,,24.939205,121.234177,1438,W1,373,Taiwan,PZ,1,8.0,6
5A-平鎮倉,72998 日富-龍興小學,8.0,17.5,320,桃園市中壢區,桃園市中壢區龍勇路141號旁工地,1,RT20250000011880,1.0,,24.939205,121.234177,1438,W1,374,Taiwan,PZ,1,8.0,6
5A-平鎮倉,72998 日富-龍興小學,8.0,17.5,320,桃園市中壢區,桃園市中壢區龍勇路141號旁工地,1,RT20250000011880,1.0,,24.939205,121.234177,1438,W1,375,Taiwan,PZ,1,8.0,6
5A-平鎮倉,76808 坤宥營造-龍岡路,8.0,18.68,320,桃園市中壢區,桃園市中壢區龍岡路三段37巷92弄102號,1,RT202500006995,1.0,,24.939333,121.235527,1438,W1,376,Taiwan,PZ,1,8.0,6
5A-平鎮倉,76713 富鏵建設-國泰街,8.0,20.28,320,桃園市中壢區,桃園市中壢區國泰街141號對面工地,1,RT202500006571,1.0,,24.949977,121.237161,1438,W1,377,Taiwan,PZ,1,8.0,2
5A-平鎮倉,76786 建智營造-69KV松樹~普仁線電纜管理工程(第二期),8.0,20.87,320,桃園市中壢區,桃園市中壢區中山東路2段328號附近,1,RT202500006906,1.0,,24.949583,121.24148,1438,W1,378,Taiwan,PZ,1,8.0,2
5A-平鎮倉,77398 建智營造-中山東路,8.0,21.39,320,桃園市中壢區,桃園市中壢區中山東路二段323巷59號,1,RT202500009721,1.0,,24.950658,121.24353,1438,W1,379,Taiwan,PZ,1,8.0,2
5A-平鎮倉,52290 旭富資訊-許揚,8.0,23.14,320,桃園市中壢區,桃園市中壢區至善里龍昌路128號,1,RT202500007451,1.0,,24.938841,121.249625,1438,W1,380,Taiwan,PZ,1,8.0,6
5A-平鎮倉,74157 宇惠建設-中壢,8.0,23.62,320,桃園市中壢區,桃園市中壢區龍昌路226巷70號旁,1,RT202500009558,1.0,,24.936497,121.24735,1438,W1,381,Taiwan,PZ,1,8.0,6
5A-平鎮倉,76145 東騏營造-悠境,8.0,23.64,320,桃園市中壢區,桃園市中壢區後寮一路321巷50號旁,1,RT202500003814,1.0,,24.936469,121.247152,1438,W1,382,Taiwan,PZ,1,8.0,6
5A-平鎮倉,76904 泓賀營造-龍岡路,8.0,25.63,320,桃園市中壢區,桃園市中壢區龍岡路３段742號,1,RT202500007362,1.0,,24.92644,121.24333,1438,W1,383,Taiwan,PZ,1,8.0,6
5A-平鎮倉,76893 金世營造-埤塘公園,8.0,28.55,320,桃園市中壢區,桃園市中壢區榮民南路800號-士校生態埤塘公園-自行定位-附圖,1,RT20250000013176,,1.0,24.940797,121.259133,1438,W2,384,Taiwan,PZ,2,16.0,6
5A-平鎮倉,76893 金世營造-埤塘公園,8.0,28.55,320,桃園市中壢區,桃園市中壢區榮民南路800號-士校生態埤塘公園-自行定位-附圖,1,RT20250000013176,,1.0,24.940797,121.259133,1438,W2,385,Taiwan,PZ,2,16.0,6
5A-平鎮倉,77631 廣安營造-普忠路,8.0,30.16,320,桃園市中壢區,桃園市中壢區普忠路737號,1,RT20250000010845,1.0,,24.951769,121.253106,1438,W1,386,Taiwan,PZ,1,8.0,2
5A-平鎮倉,77134 友新營造股份有限公司,8.0,31.71,320,桃園市中壢區,桃園市中壢區普忠路211巷186-1號附近,1,RT202500008560,1.0,,24.962908,121.245883,1438,W1,387,Taiwan,PZ,1,8.0,2
5A-平鎮倉,69225 森業-內壢守衛室,8.0,31.84,320,桃園市中壢區,桃園市中壢區普忠路230號-原遠東路(內壢火車站附近)守衛室,1,RT202500002381,,1.0,24.964006,121.245611,1438,W2,388,Taiwan,PZ,2,16.0,2
5A-平鎮倉,72186 森業-內壢守衛室,8.0,32.73,320,桃園市中壢區,桃園市中壢區中華路1段743巷40號(靠六和汽車),1,RT202500002385,,1.0,24.967203,121.249411,1438,W2,389,Taiwan,PZ,2,16.0,2
5A-平鎮倉,70234 森業-中北路,8.0,33.22,320,桃園市中壢區,桃園市中壢區永福路1200號附近工地,1,RT202500002383,,1.0,24.968248,121.250925,1438,W2,390,Taiwan,PZ,2,16.0,2
5A-平鎮倉,69226 森業-內壢守衛室,8.0,34.34,320,桃園市中壢區,桃園市中壢區興仁路二段(內壢火車站附近)守衛室,1,RT202500002382,,1.0,24.973039,121.259536,1438,W2,391,Taiwan,PZ,2,16.0,4
5A-平鎮倉,75439 天南營造-元智大學,8.0,34.9,320,桃園市中壢區,桃園市中壢區遠東路81巷1~3號,1,RT2025000758,1.0,,24.971936,121.262908,1438,W1,392,Taiwan,PZ,1,8.0,4
5A-平鎮倉,75439 天南營造-元智大學,8.0,34.9,320,桃園市中壢區,桃園市中壢區遠東路81巷1~3號,1,RT2025000758,1.0,,24.971936,121.262908,1438,W1,393,Taiwan,PZ,1,8.0,4
5A-平鎮倉,76357 遠揚營造-元智大學,8.0,35.35,320,桃園市中壢區,桃園市中壢區遠東路135號旁-元智大學旁,1,RT202500004806,1.0,,24.968814,121.264414,1438,W1,394,Taiwan,PZ,1,8.0,10
5A-平鎮倉,77485 高上營造-榮民路,8.0,36.24,320,桃園市中壢區,桃園市中壢區榮民路285巷13號,1,RT20250000010083,1.0,,24.963978,121.261758,1438,W1,395,Taiwan,PZ,1,8.0,4
5A-平鎮倉,63678 大陸工程,8.0,31.1,337,桃園市大園區,桃園市大園區坑果路460號捷運工地(38號),1,RT20240000014525,,1.0,25.085133,121.26555,1440,W2,396,Taiwan,WG,2,16.0,12
5A-平鎮倉,58318 大陸工程,8.0,31.13,337,桃園市大園區,桃園市大園區?林18-19-捷運工地(36號),1,RT20240000014516,,1.0,25.08505,121.266553,1440,W2,397,Taiwan,WG,2,16.0,12
5A-平鎮倉,75600 毅富營造- 蘆竹,8.0,36.44,338,桃園市蘆竹區,桃園市蘆竹區長興路一段10號對面,1,RT202500001502,,1.0,25.059461,121.293961,1415,W2,398,Taiwan,WG,2,16.0,13
5A-平鎮倉,75600 毅富營造- 蘆竹,8.0,36.44,338,桃園市蘆竹區,桃園市蘆竹區長興路一段10號對面,1,RT202500001502,,1.0,25.059461,121.293961,1415,W2,399,Taiwan,WG,2,16.0,13
5A-平鎮倉,76618 長友營造-勝忠國際,8.0,37.76,338,桃園市蘆竹區,桃園市蘆竹區榮安路8號旁,1,RT20250000011826,,1.0,25.060144,121.284216,1415,W2,400,Taiwan,WG,2,16.0,4
5A-平鎮倉,76618 長友營造-勝忠國際,8.0,37.76,338,桃園市蘆竹區,桃園市蘆竹區榮安路8號旁,1,RT20250000011826,,1.0,25.060144,121.284216,1415,W2,401,Taiwan,WG,2,16.0,4
5A-平鎮倉,76618 長友營造-勝忠國際,8.0,37.76,338,桃園市蘆竹區,桃園市蘆竹區榮安路8號旁,1,RT20250000011826,,1.0,25.060144,121.284216,1415,W2,402,Taiwan,WG,2,16.0,4
5A-平鎮倉,78377 森峰營造股份有限公司,8.0,41.04,338,桃園市蘆竹區,桃園市蘆竹區建新街43號旁,1,RT20250000014007,1.0,,25.0378,121.300111,1415,W1,403,Taiwan,WG,1,8.0,13
5A-平鎮倉,77396 長友營造-長榮航空園區,8.0,42.48,338,桃園市蘆竹區,桃園市蘆竹區新南路１段376號-長榮航空園區-電聯定位,1,RT202500009716,,1.0,25.040569,121.29708,1415,W2,404,Taiwan,WG,2,16.0,4
5A-平鎮倉,59934 大陸工程-蘆興街,8.0,45.6,337,桃園市大園區,桃園市大園區三民路２段957號(三民料場帳棚旁)(24號.32號)),1,RT20240000014521,,1.0,25.0381,121.281614,1440,W2,405,Taiwan,PZ,2,16.0,12
5A-平鎮倉,59934 大陸工程-蘆興街,8.0,45.6,337,桃園市大園區,桃園市大園區三民路２段957號(三民料場帳棚旁)(24號.32號)),1,RT20240000014521,,1.0,25.0381,121.281614,1440,W2,406,Taiwan,PZ,2,16.0,12
5A-平鎮倉,57802 大陸工程,8.0,45.78,338,桃園市蘆竹區,桃園市蘆竹區中正北路與南竹路二段交叉口捷運工程工地-電聯定位,1,RT20240000014498,,1.0,25.038727,121.282742,1415,W2,407,Taiwan,PZ,2,16.0,4
5A-平鎮倉,62252 大陸工程,8.0,45.78,338,桃園市蘆竹區,桃園市蘆竹區中正北路321號(捷運工地)-電聯+座標定位,1,RT20240000014501,,1.0,25.038727,121.282742,1415,W2,408,Taiwan,PZ,2,16.0,4
5A-平鎮倉,59935 大陸工程-G13車站,8.0,47.8,338,桃園市蘆竹區,桃園市蘆竹區中正北路與南竹路二段交叉口捷運G13工地-電聯定位,1,RT20240000014503,,1.0,25.04965,121.275759,1415,W2,409,Taiwan,PZ,2,16.0,12
5A-平鎮倉,59789 大陸工程-機捷坑口站對面警衛亭旁,8.0,47.8,338,桃園市蘆竹區,桃園市蘆竹區中正北路(座標定位)-電聯定位,1,RT20240000014517,,1.0,25.04965,121.275759,1415,W2,410,Taiwan,PZ,2,16.0,12
5A-平鎮倉,60885 大陸工程-G02,8.0,50.3,338,桃園市蘆竹區,桃園市蘆竹區南竹路２段216-6號捷運工地-電聯定位,1,RT20240000014511,,1.0,25.063325,121.2653,1415,W2,411,Taiwan,PZ,2,16.0,12
5A-平鎮倉,60885 大陸工程-G02,8.0,50.3,338,桃園市蘆竹區,桃園市蘆竹區南竹路２段216-6號捷運工地-電聯定位,1,RT20240000014511,,1.0,25.063325,121.2653,1415,W2,412,Taiwan,PZ,2,16.0,12
5A-平鎮倉,61870 大陸工程,8.0,51.02,338,桃園市蘆竹區,桃園市大園區(蘆竹區)三民路２段957號(三民料場帳棚旁)附圖自行定位,1,RT202100005270,,1.0,25.06835,121.261603,1415,W2,413,Taiwan,PZ,2,16.0,12
5A-平鎮倉,61870 大陸工程,8.0,51.02,338,桃園市蘆竹區,桃園市大園區(蘆竹區)三民路２段957號(三民料場帳棚旁)附圖自行定位,1,RT202100005270,,1.0,25.06835,121.261603,1415,W2,414,Taiwan,PZ,2,16.0,12
5A-平鎮倉,77036 佳運工程行-航空城-5,8.0,51.6,338,桃園市蘆竹區,桃園市蘆竹區八股路171巷250號-附地標-大園重劃區,1,RT202500007901,1.0,,25.066658,121.261911,1415,W1,415,Taiwan,PZ,1,8.0,12
5A-平鎮倉,76949 佳運工程行-航空城-2,8.0,52.28,337,桃園市大園區,桃園市大園區三民路二段957號-大園重劃區內,1,RT202500007499,1.0,,25.063083,121.257208,1440,W1,416,Taiwan,PZ,1,8.0,12
5A-平鎮倉,77238 富鋒營造-大園區-3,8.0,52.63,338,桃園市蘆竹區,桃園市蘆竹區蘆竹里富華段149地號-大園重劃區-附地標,1,RT202500008990,1.0,,25.058614,121.252575,1415,W1,417,Taiwan,PZ,1,8.0,12
5A-平鎮倉,77266 聯碩營造-八股路,8.0,52.77,338,桃園市蘆竹區,桃園市蘆竹區八股路240號-會合點,1,RT202500009089,1.0,,25.061839,121.255581,1415,W1,418,Taiwan,PZ,1,8.0,12
5A-平鎮倉,77228 逢麟土木-富華段110地號,8.0,52.92,338,桃園市蘆竹區,桃園市蘆竹區八股路207號-重劃區,1,RT202500008941,1.0,,25.058672,121.251886,1415,W1,419,Taiwan,PZ,1,8.0,12
5A-平鎮倉,78256 晟富工程行-三石段146地號,8.0,53.09,338,桃園市蘆竹區,桃園市蘆竹區三石段146地號-大園重劃區-附地標,1,RT20250000013465,1.0,,25.057714,121.250597,1415,W1,420,Taiwan,PZ,1,8.0,12
5A-平鎮倉,78218 田禾營造-三石段150.151.151-1.152地號,8.0,53.09,337,桃園市大園區,桃園市大園區三石段150.151.151-1.152地號-大園重劃區,1,RT20250000013306,1.0,,25.057433,121.250206,1440,W1,421,Taiwan,PZ,1,8.0,12
5A-平鎮倉,78045 南昌營造-黃天城-三十段153地號,8.0,53.09,337,桃園市大園區,桃園市大園區三民路二段957號對面-航空城-電聯定位,1,RT20250000012641,1.0,,25.057444,121.250203,1440,W1,422,Taiwan,PZ,1,8.0,12
5A-平鎮倉,78059 陳春木-徐慶龍新建-富華段182地號,8.0,53.46,338,桃園市蘆竹區,桃園市蘆竹區八股路302-1號,1,RT20250000012714,1.0,,25.058342,121.253042,1415,W1,423,Taiwan,PZ,1,8.0,12
5A-平鎮倉,76950 富羿營造-八股路,8.0,53.46,338,桃園市蘆竹區,桃園市蘆竹區八股路226號附近,1,RT202500009333,1.0,,25.058367,121.252969,1415,W1,424,Taiwan,PZ,1,8.0,12
5A-平鎮倉,77300 騰暘營造-航空城,8.0,53.5,338,桃園市蘆竹區,桃園市蘆竹區八股路航空城-重劃區,1,RT202500009220,1.0,,25.057389,121.250917,1415,W1,425,Taiwan,PZ,1,8.0,12
5A-平鎮倉,78190 東廷工程行-富華段435地號,8.0,53.56,338,桃園市蘆竹區,桃園市蘆竹區八股路附近-富華段435地號-大園重劃區-電聯定位,1,RT20250000013208,1.0,,25.057767,121.251342,1415,W1,426,Taiwan,PZ,1,8.0,12
5A-平鎮倉,77537 峻崴營造-航空城,8.0,53.63,337,桃園市大園區,桃園市大園區三民路二段957號對面-航空城,1,RT20250000010326,1.0,,25.057831,121.251928,1440,W1,427,Taiwan,PZ,1,8.0,12
5A-平鎮倉,76617 名賞工程-八股路,8.0,53.78,338,桃園市蘆竹區,桃園市蘆竹區八股路275號,1,RT202500006037,1.0,,25.056769,121.252186,1415,W1,428,Taiwan,PZ,1,8.0,12
5A-平鎮倉,76617 名賞工程-八股路,8.0,53.78,338,桃園市蘆竹區,桃園市蘆竹區八股路275號,1,RT202500006037,1.0,,25.056769,121.252186,1415,W1,429,Taiwan,PZ,1,8.0,12
5A-平鎮倉,77998 翊僑營造-航空城,8.0,53.95,338,桃園市蘆竹區,桃園市蘆竹區富華段230地號-大園重劃區-附地標,1,RT20250000012452,1.0,,25.057925,121.253281,1415,W1,430,Taiwan,PZ,1,8.0,12
5A-平鎮倉,78017 弘億營造-徐家鴻等2筆,8.0,54.88,338,桃園市蘆竹區,桃園市蘆竹區富華路22號-大園航空程,1,RT20250000012526,1.0,,25.061575,121.256033,1415,W1,431,Taiwan,PZ,1,8.0,12
5A-平鎮倉,48239 宗運交通有限公司,8.0,56.38,338,桃園市蘆竹區,桃園市蘆竹區八股路366-1號,1,RT202500008775,1.0,,25.051,121.252833,1415,W1,432,Taiwan,PZ,1,8.0,12
5A-平鎮倉,48239 宗運交通有限公司,8.0,56.38,338,桃園市蘆竹區,桃園市蘆竹區八股路366-1號,1,RT202500008775,1.0,,25.051,121.252833,1415,W1,433,Taiwan,PZ,1,8.0,12
5A-平鎮倉,76709 南昌營造-南青路,8.0,57.95,338,桃園市蘆竹區,"桃園市蘆竹區南青路25°02'32.7""N 121°14'42.2""E",1,RT202500006529,1.0,,25.042552,121.24525,1415,W1,434,Taiwan,PZ,1,8.0,12
5A-平鎮倉,77339 北揚-1137~1143地號,8.0,58.82,338,桃園市蘆竹區,桃園市蘆竹區大竹北路966之1號-航空城-會合點,1,RT202500009367,1.0,,25.047277,121.241366,1415,W1,435,Taiwan,PZ,1,8.0,12
5A-平鎮倉,75557 佳運工程-航空城,8.0,58.86,338,桃園市蘆竹區,桃園市蘆竹區宏竹路101巷130號附近,1,RT202500001393,1.0,,25.047525,121.241647,1415,W1,436,Taiwan,PZ,1,8.0,12
5A-平鎮倉,75557 佳運工程-航空城,8.0,58.86,338,桃園市蘆竹區,桃園市蘆竹區宏竹路101巷130號附近,1,RT202500001320,1.0,,25.047525,121.241647,1415,W1,437,Taiwan,PZ,1,8.0,12
5A-平鎮倉,78052 佳運工程行-航空城-13,8.0,59.07,338,桃園市蘆竹區,桃園市蘆竹區宏竹路101巷-福海段1201-1206地號-附地標,1,RT20250000012670,1.0,,25.047191,121.242014,1415,W1,438,Taiwan,PZ,1,8.0,12
5A-平鎮倉,78052 佳運工程行-航空城-13,8.0,59.07,338,桃園市蘆竹區,桃園市蘆竹區宏竹路101巷-福海段1201-1206地號-附地標,1,RT20250000012670,1.0,,25.047191,121.242014,1415,W1,439,Taiwan,PZ,1,8.0,12
5A-平鎮倉,76583 前衛營造-福海段969地號,8.0,59.46,338,桃園市蘆竹區,"桃園市蘆竹區大竹北路1020號25°02'51.5""N 121°14'21.8""E附近",1,RT202500005826,1.0,,25.047619,121.239372,1415,W1,440,Taiwan,PZ,1,8.0,12
5A-平鎮倉,75363 前衛營造-蘆竹,8.0,59.81,338,桃園市蘆竹區,桃園市蘆竹區大竹北路1020號附近25 02 45.97  121 14 49.19-500公尺,1,RT202500003511,1.0,,25.049033,121.241883,1415,W1,441,Taiwan,PZ,1,8.0,12
5A-平鎮倉,75363 前衛營造-蘆竹,8.0,59.81,338,桃園市蘆竹區,桃園市蘆竹區大竹北路1020號附近25 02 45.97  121 14 49.19-500公尺,1,RT202500003511,1.0,,25.049033,121.241883,1415,W1,442,Taiwan,PZ,1,8.0,12
5A-平鎮倉,77536 有城營造-航空城,8.0,60.1,337,桃園市大園區,桃園市蘆竹區(大園區)大竹北路1020號-航空城,1,RT20250000010325,1.0,,25.050044,121.240869,1440,W1,443,Taiwan,PZ,1,8.0,12
5A-平鎮倉,75557 佳運工程-航空城,8.0,60.42,338,桃園市蘆竹區,桃園市蘆竹區宏竹路101巷130號附近,1,RT202500003774,1.0,,25.048239,121.238486,1415,W1,444,Taiwan,PZ,1,8.0,12
5A-平鎮倉,75557 佳運工程-航空城,8.0,60.42,338,桃園市蘆竹區,桃園市蘆竹區宏竹路101巷130號附近,1,RT202500003774,1.0,,25.048239,121.238486,1415,W1,445,Taiwan,PZ,1,8.0,12
5A-平鎮倉,75557 佳運工程-航空城,8.0,60.42,338,桃園市蘆竹區,桃園市蘆竹區宏竹路101巷130號附近,1,RT202500003774,1.0,,25.048239,121.238486,1415,W1,446,Taiwan,PZ,1,8.0,12
5A-平鎮倉,75557 佳運工程-航空城,8.0,60.42,338,桃園市蘆竹區,桃園市蘆竹區宏竹路101巷130號附近,1,RT202500003774,1.0,,25.048239,121.238486,1415,W1,447,Taiwan,PZ,1,8.0,12
5A-平鎮倉,75557 佳運工程-航空城,8.0,61.72,338,桃園市蘆竹區,桃園市蘆竹區宏竹路101巷130號附近,1,RT202500005671,1.0,,25.051528,121.232164,1415,W1,448,Taiwan,PZ,1,8.0,12
5A-平鎮倉,76033 豫德營造-大園區,8.0,63.15,337,桃園市大園區,"桃園市大園區大竹北路1085巷165號25°02'36.1""N 121°14'09.7""E",1,RT202500003173,1.0,,25.043452,121.236177,1440,W1,449,Taiwan,PZ,1,8.0,12
5A-平鎮倉,76414 陳春木-蕭國亨等三人,8.0,63.28,337,桃園市大園區,桃園市大園區大竹北路1085巷121號附近-重劃區,1,RT202500005162,1.0,,25.043947,121.235786,1440,W1,450,Taiwan,PZ,1,8.0,12
5A-平鎮倉,77213 朝成營造-大園區1,8.0,63.42,337,桃園市大園區,桃園市大園區大竹北路1085巷107號-大園重劃區-附地標,1,RT202500008875,1.0,,25.043633,121.235216,1440,W1,451,Taiwan,PZ,1,8.0,12
5A-平鎮倉,77824 同立營造-宏竹路,8.0,64.93,338,桃園市蘆竹區,桃園市蘆竹區宏竹路202號附近空地-航空城,1,RT20250000011535,1.0,,25.044802,121.2459,1415,W1,452,Taiwan,PZ,1,8.0,12
5A-平鎮倉,73846 尚美營造-慶達汽車,8.0,65.41,338,桃園市蘆竹區,桃園市蘆竹區南青路392號旁,1,RT202400008918,1.0,,25.043722,121.247272,1415,W1,453,Taiwan,PZ,1,8.0,12
5A-平鎮倉,61591 大陸工程,8.0,70.8,337,桃園市大園區,桃園市大園區坑?路218巷口(橋頭邊)-捷運工地-(37號),1,RT20240000014500,,1.0,25.083644,121.262542,1440,W2,454,Taiwan,WG,2,16.0,12
5A-平鎮倉,75778 長友營造-長榮桂冠酒店,8.0,48.59,104,臺北市中山區,臺北市中山區松江路63號,1,RT202500003523,,1.0,25.048433,121.53373,1295,W2,455,Taipei,WG,2,16.0,8
5A-平鎮倉,75267 ?源營造-中山區,8.0,50.65,104,臺北市中山區,臺北市中山區民生東路一段18號,1,RT20250000010038,,1.0,25.058017,121.523684,1295,W2,456,Taipei,WG,2,16.0,8
5A-平鎮倉,77925 嘉大-友樂町,8.0,52.08,103,臺北市大同區,臺北市大同區延平北路二段38號,1,RT20250000011928,,1.0,25.055117,121.511686,1300,W2,457,Taipei,WG,2,16.0,1
5A-平鎮倉,73937 台成營造-蘭州街,8.0,53.54,103,臺北市大同區,臺北市大同區蘭州街118號,1,RT20250000012433,1.0,,25.065464,121.515636,1300,W1,458,Taipei,WG,1,8.0,8
5A-平鎮倉,75302 百輝營造-大龍街,8.0,53.92,103,臺北市大同區,臺北市大同區大龍街91巷19號,1,RT20250028,1.0,,25.067289,121.51722,1300,W1,459,Taipei,WG,1,8.0,8
5A-平鎮倉,64885 永筑建設-埕光集合住宅,8.0,54.28,103,臺北市大同區,臺北市大同區民族西路176號-永筑埕光,1,RT20250000010299,1.0,,25.068606,121.514961,1300,W1,460,Taipei,WG,1,8.0,8
5A-平鎮倉,70243 永筑建設-永筑埕曦,8.0,54.32,103,臺北市大同區,臺北市大同區民族西路188號,1,RT202500008307,1.0,,25.068528,121.514503,1300,W1,461,Taipei,WG,1,8.0,8
5A-平鎮倉,72852 涪國建設-哈密街,8.0,55.23,103,臺北市大同區,臺北市大同區哈密街59巷31弄6號,1,RT202500004844,1.0,,25.075373,121.515719,1300,W1,462,Taipei,WG,1,8.0,8
5A-平鎮倉,75366 佑霖營造-士林,8.0,57.91,111,臺北市士林區,臺北市士林區延平北路六段261巷9弄,1,RT2025000352,1.0,,25.08845,121.503736,1290,W1,463,Taipei,WG,1,8.0,8
5A-平鎮倉,64447 上勤-士林,8.0,58.46,111,臺北市士林區,臺北市士林區永平街與社中街口,1,RT202300001295,1.0,,25.09203,121.505117,1290,W1,464,Taipei,WG,1,8.0,8
5A-平鎮倉,64447 上勤-士林,29.0,58.46,111,臺北市士林區,臺北市士林區永平街與社中街口,8,RT202500008790,1.0,,25.09203,121.505117,1290,W1,465,Taipei,WG,1,29.0,8
5A-平鎮倉,74783 天澤營造-士林,8.0,58.91,111,臺北市士林區,臺北市士林區延平北路六段116巷66號,1,RT20240000013027,1.0,,25.090547,121.508483,1290,W1,466,Taipei,WG,1,8.0,8
5A-平鎮倉,77460 寶固營造-同#70534,8.0,60.81,111,臺北市士林區,臺北市士林區大南路258號(工地),1,RT20250000010014,1.0,,25.088583,121.520214,1290,W1,467,Taipei,WG,1,8.0,8
5A-平鎮倉,72778 禾碩建設-芝山綻之,8.0,63.02,111,臺北市士林區,臺北市士林區文林路689號-追加,1,RT20250000010749,1.0,,25.10135,121.521756,1290,W1,468,Taipei,WG,1,8.0,8
5A-平鎮倉,72778 禾碩建設-芝山綻之,8.0,63.03,111,臺北市士林區,臺北市士林區文林路689號,1,RT202400004740,1.0,,25.101375,121.5219,1290,W1,469,Taipei,WG,1,8.0,8
5A-平鎮倉,73631 樹盛營造-陽明段,8.0,63.6,111,臺北市士林區,臺北市士林區美崙街9號旁,1,RT202400008055,1.0,,25.097225,121.523398,1290,W1,470,Taipei,WG,1,8.0,8
5A-平鎮倉,70843 璞承營造-築觀,8.0,64.14,111,臺北市士林區,臺北市士林區中山北路五段635號旁工地,1,RT20240000014374,1.0,,25.096472,121.527473,1290,W1,471,Taipei,WG,1,8.0,8
5A-平鎮倉,70843 璞承營造-築觀,8.0,64.14,111,臺北市士林區,臺北市士林區中山北路五段633號,1,RT20240000014370,1.0,,25.096502,121.527581,1290,W1,472,Taipei,WG,1,8.0,8
5A-平鎮倉,70843 璞承營造-築觀,8.0,64.14,111,臺北市士林區,臺北市士林區中山北路五段633號,1,RT20240000014370,1.0,,25.096502,121.527581,1290,W1,473,Taipei,WG,1,8.0,8
5A-平鎮倉,69014 久翔-士林,8.0,64.93,111,臺北市士林區,臺北市士林區中正路213巷47號,1,RT20250000012775,1.0,,25.093869,121.526884,1290,W1,474,Taipei,WG,1,8.0,8
5A-平鎮倉,63717 麗明-士林五號倉庫,8.0,65.03,111,臺北市士林區,臺北市士林區中山北路５段505巷38號對面工地,1,RT20250000012764,1.0,,25.093022,121.526973,1290,W1,475,Taipei,WG,1,8.0,8
5A-平鎮倉,75497 大都會汽車-舊莊站,8.0,68.9,104,臺北市中山區,臺北市中山區建國北路三段-建北站,1,RT20250000011024,,1.0,25.067031,121.534172,1295,W2,476,Taipei,WG,2,16.0,8
5A-平鎮倉,75497 大都會汽車-舊莊站,8.0,68.9,104,臺北市中山區,臺北市中山區建國北路三段-建北站,1,RT20250000011024,,1.0,25.067031,121.534172,1295,W2,477,Taipei,WG,2,16.0,8
5A-平鎮倉,75497 大都會汽車-舊莊站,8.0,68.9,104,臺北市中山區,臺北市中山區建國北路三段-建北站,1,RT20250000011024,,1.0,25.067031,121.534172,1295,W2,478,Taipei,WG,2,16.0,8
5A-平鎮倉,75497 大都會汽車-舊莊站,8.0,68.9,104,臺北市中山區,臺北市中山區建國北路三段-建北站,1,RT20250000011024,,1.0,25.067031,121.534172,1295,W2,479,Taipei,WG,2,16.0,8
5A-平鎮倉,77276 瑞助營造-民族西路,8.0,70.56,104,臺北市中山區,臺北市中山區民族西路29號對面工地,1,RT202500009152,1.0,,25.06785,121.519859,1295,W1,480,Taipei,WG,1,8.0,8
5A-平鎮倉,74950 群創保全-萬華,8.0,76.65,108,臺北市萬華區,臺北市萬華區中華路二段416巷10弄9號旁空地,1,RT20240000013698,1.0,,25.028017,121.504761,1310,W1,481,Taipei,WG,1,8.0,1
5A-平鎮倉,76026 銘倫營造-和岩心悅,8.0,77.16,108,臺北市萬華區,臺北市萬華區中華路二段150巷29號,1,RT202500003157,1.0,,25.030375,121.503072,1310,W1,482,Taipei,WG,1,8.0,1
5A-平鎮倉,77349 稻田營造-艋舺公園,8.0,78.31,108,臺北市萬華區,臺北市萬華區和平西路三段125號-艋舺公園工地,1,RT202500009418,1.0,,25.035666,121.500028,1310,W1,483,Taipei,WG,1,8.0,4
5A-平鎮倉,77349 稻田營造-艋舺公園,8.0,78.31,108,臺北市萬華區,臺北市萬華區和平西路三段125號-艋舺公園工地,1,RT202500009418,1.0,,25.035666,121.500028,1310,W1,484,Taipei,WG,1,8.0,1
5A-平鎮倉,77795 上申營造-大理高中,8.0,79.44,108,臺北市萬華區,臺北市萬華區長順街2號-大理高中,1,RT20250000011450,1.0,,25.030517,121.491844,1310,W1,485,Taipei,WG,1,8.0,4
5A-平鎮倉,65114 統營營造-福民,8.0,80.03,108,臺北市萬華區,臺北市萬華區西園路2段320巷61號(艋舺大道旁),1,RT202500005754,1.0,,25.027414,121.490458,1310,W1,486,Taipei,WG,1,8.0,1
5A-平鎮倉,65114 統營營造-福民,8.0,80.03,108,臺北市萬華區,臺北市萬華區西園路2段320巷61號(艋舺大道旁),1,RT202500005754,1.0,,25.027414,121.490458,1310,W1,487,Taipei,WG,1,8.0,1
5A-平鎮倉,65114 統營營造-福民,8.0,80.1,108,臺北市萬華區,臺北市萬華區西園路２段320巷56弄16-1號(艋舺大道旁),1,RT20250000010236,1.0,,25.02782,121.490414,1310,W1,488,Taipei,WG,1,8.0,4
5A-平鎮倉,65114 統營營造-福民,8.0,80.1,108,臺北市萬華區,臺北市萬華區西園路２段320巷56弄16-1號(艋舺大道旁),1,RT20250000010236,1.0,,25.02782,121.490414,1310,W1,489,Taipei,WG,1,8.0,1
5A-平鎮倉,48610 大陸工程(股),8.0,81.97,108,臺北市萬華區,臺北市萬華區萬大路長泰街口-萬大國小-CQ850A,1,RT20250000013233,,1.0,25.022575,121.499114,1310,W2,490,Taipei,WG,2,16.0,1
5A-平鎮倉,48610 大陸工程(股),8.0,81.97,108,臺北市萬華區,臺北市萬華區萬大路長泰街口-萬大國小-CQ850A,1,RT20250000013233,,1.0,25.022575,121.499114,1310,W2,491,Taipei,WG,2,16.0,1
5A-平鎮倉,48610 大陸工程(股),8.0,81.97,108,臺北市萬華區,臺北市萬華區長泰街128號-CQ850A,1,RT20250000013232,,1.0,25.022575,121.499114,1310,W2,492,Taipei,WG,2,16.0,1
5A-平鎮倉,55683 大都會汽車客運股份有限公司,8.0,83.59,108,臺北市萬華區,臺北市萬華區萬大路附近-華中橋下-電聯帶定位,1,RT202500004015,,1.0,25.016569,121.495577,1310,W2,493,Taipei,WG,2,16.0,1
5A-平鎮倉,55683 大都會汽車客運股份有限公司,8.0,83.59,108,臺北市萬華區,臺北市萬華區萬大路附近-華中橋下-電聯帶定位,1,RT202500004015,,1.0,25.016569,121.495577,1310,W2,494,Taipei,WG,2,16.0,1
5A-平鎮倉,55683 大都會汽車客運股份有限公司,8.0,83.59,108,臺北市萬華區,臺北市萬華區萬大路附近-華中橋下-電聯帶定位,1,RT202500004015,,1.0,25.016569,121.495577,1310,W2,495,Taipei,WG,2,16.0,1
5A-平鎮倉,55683 大都會汽車客運股份有限公司,8.0,83.59,108,臺北市萬華區,臺北市萬華區萬大路附近-華中橋下-電聯帶定位,1,RT202500004015,,1.0,25.016569,121.495577,1310,W2,496,Taipei,WG,2,16.0,1
5A-平鎮倉,75738 維昌營造-哈密街,8.0,59.3,103,臺北市大同區,臺北市大同區哈密街118號,1,RT202500001977,1.0,,25.072939,121.514222,1300,W1,497,Taipei,WG,1,8.0,8
5A-平鎮倉,72380 御楓-印象天青,8.0,16.3,326,桃園市楊梅區,桃園市楊梅區甡甡路693巷62號,1,RT202400002683,1.0,,24.890577,121.125906,1470,W1,498,Hsinchu,PZ,1,8.0,5
5A-平鎮倉,65228 台灣玩具-楊梅,8.0,20.5,326,桃園市楊梅區,桃園市楊梅區自立街326號(賜福宮土地公旁),1,RT202500003988,1.0,,24.909192,121.153169,1470,W1,499,Taiwan,PZ,1,8.0,5
5A-平鎮倉,65228 台灣玩具-楊梅,8.0,20.5,326,桃園市楊梅區,桃園市楊梅區自立街326號(賜福宮土地公旁),1,RT202500003988,1.0,,24.909192,121.153169,1470,W1,500,Taiwan,PZ,1,8.0,5
5A-平鎮倉,75979 羅大為營造-玩具圖書館,8.0,20.6,326,桃園市楊梅區,桃園市楊梅區自立街326號-臺灣玩具圖書館,1,RT202500002982,1.0,,24.909103,121.152906,1470,W1,501,Taiwan,PZ,1,8.0,5
5A-平鎮倉,67032 寶欣建設-楊梅,8.0,21.1,326,桃園市楊梅區,桃園市楊梅區新農街85號對面工地,1,RT202500003984,1.0,,24.909633,121.149158,1470,W1,502,Taiwan,PZ,1,8.0,5
5A-平鎮倉,67032 寶欣建設-楊梅,8.0,21.1,326,桃園市楊梅區,桃園市楊梅區新農街85號對面工地,1,RT202500003984,1.0,,24.909633,121.149158,1470,W1,503,Taiwan,PZ,1,8.0,5
5A-平鎮倉,78348 聯詠立工程-楊梅透天魏宅,8.0,21.9,326,桃園市楊梅區,桃園市楊梅區楊新北路21巷3弄29號-魏宅,1,RT20250000013893,1.0,,24.913786,121.149977,1470,W1,504,Taiwan,PZ,1,8.0,5
5A-平鎮倉,77048 廣昱建設-中山北路,8.0,23.1,326,桃園市楊梅區,桃園市楊梅區中山北路一段390巷50號-陽明國小校門口對面,1,RT20250000013423,1.0,,24.911264,121.158447,1470,W1,505,Taiwan,PZ,1,8.0,5
5A-平鎮倉,77048 廣昱建設-中山北路,8.0,23.1,326,桃園市楊梅區,桃園市楊梅區中山北路一段390巷50號-陽明國小校門口對面,1,RT202500007942,1.0,,24.911194,121.158544,1470,W1,506,Taiwan,PZ,1,8.0,5
5A-平鎮倉,77877 合盛營造-楊梅交流道,8.0,24.4,326,桃園市楊梅區,桃園市楊梅區楊梅交流道附近-電聯定位,1,RT20250000011701,1.0,,24.908908,121.16575,1470,W1,507,Taiwan,PZ,1,8.0,5
5A-平鎮倉,77877 合盛營造-楊梅交流道,8.0,24.4,326,桃園市楊梅區,桃園市楊梅區楊梅交流道附近-電聯定位,1,RT20250000011701,1.0,,24.908908,121.16575,1470,W1,508,Taiwan,PZ,1,8.0,5
5A-平鎮倉,70730 駿晟企業社,8.0,24.6,326,桃園市楊梅區,桃園市楊梅區元化街6號,1,RT20250000010768,1.0,,24.909483,121.166756,1470,W1,509,Taiwan,PZ,1,8.0,5
5A-平鎮倉,72384 樹盛-光鈦國際,8.0,25.8,326,桃園市楊梅區,桃園市楊梅區新農街二段209巷63號對面,1,RT202400002693,1.0,,24.914403,121.170056,1470,W1,510,Taiwan,PZ,1,8.0,5
5A-平鎮倉,72384 樹盛-光鈦國際,8.0,25.8,326,桃園市楊梅區,桃園市楊梅區新農街二段209巷63號對面,1,RT202400002693,1.0,,24.914403,121.170056,1470,W1,511,Taiwan,PZ,1,8.0,5
5A-平鎮倉,70841 合悅建設股份有限公司,8.0,26.3,326,桃園市楊梅區,桃園市楊梅區新農街二段&三民北路交叉口,1,RT20250000011806,1.0,,24.912603,121.169975,1470,W1,512,Taiwan,PZ,1,8.0,5
5A-平鎮倉,75124 李雅琦,8.0,26.5,326,桃園市楊梅區,桃園市楊梅區三元街272巷15弄26號旁,1,RT20240000014434,1.0,,24.911842,121.168856,1470,W1,513,Taiwan,PZ,1,8.0,5
5A-平鎮倉,74905 盛北營造-頭重溪,8.0,27.7,326,桃園市楊梅區,桃園市楊梅區瑞坪路18巷38號旁,1,RT20240000013703,1.0,,24.905603,121.175414,1470,W1,514,Taiwan,PZ,1,8.0,5
5A-平鎮倉,75131 瑞星工程-楊梅楊光國小,8.0,28.5,326,桃園市楊梅區,桃園市楊梅區瑞溪路一段88號-楊光國小,1,RT20240000014459,1.0,,24.905864,121.170106,1470,W1,515,Taiwan,PZ,1,8.0,5
5A-平鎮倉,75131 瑞星工程-楊梅楊光國小,8.0,28.6,326,桃園市楊梅區,桃園市楊梅區瑞溪路一段88號-楊光國小,1,RT2025000484,1.0,,24.905836,121.16947,1470,W1,516,Taiwan,PZ,1,8.0,5
5A-平鎮倉,54617 太平洋-頭重溪,8.0,30.3,326,桃園市楊梅區,桃園市楊梅區三民路一直走 看到陽光山林 警衛室大門前100公尺,1,RT202500006171,1.0,,24.896652,121.170464,1470,W1,517,Taiwan,PZ,1,8.0,5
5A-平鎮倉,54617 太平洋-頭重溪,8.0,30.3,326,桃園市楊梅區,桃園市楊梅區三民路一直走 看到陽光山林 警衛室大門前100公尺,1,RT202500006171,1.0,,24.896652,121.170464,1470,W1,518,Taiwan,PZ,1,8.0,5
5A-平鎮倉,54617 太平洋-頭重溪,8.0,30.4,326,桃園市楊梅區,桃園市楊梅區三民路一直走 會看到陽光四季,1,RT202500006170,1.0,,24.896652,121.170278,1470,W1,519,Taiwan,PZ,1,8.0,5
5A-平鎮倉,77831 永融-葉佳銘,8.0,31.7,326,桃園市楊梅區,桃園市楊梅區迎旭三街39號(陽光山林),1,RT20250000012145,1.0,,24.893025,121.168261,1470,W1,520,Taiwan,PZ,1,8.0,5
5A-平鎮倉,77829 天晴空間營造有限公司,8.0,32.7,326,桃園市楊梅區,桃園市楊梅區裕成路3巷-土地公廟旁-電聯定位(愛買山上小路),1,RT20250000011543,1.0,,24.890686,121.168706,1470,W1,521,Taiwan,PZ,1,8.0,5
5A-平鎮倉,75085 櫻花建設-頭重溪段三期,8.0,36.5,326,桃園市楊梅區,桃園市楊梅區金溪路209巷前100公尺,1,RT20240000014246,1.0,,24.900953,121.173153,1470,W1,522,Taiwan,PZ,1,8.0,5
5A-平鎮倉,75085 櫻花建設-頭重溪段三期,8.0,36.5,326,桃園市楊梅區,桃園市楊梅區金溪路209巷前100公尺,1,RT20240000014246,1.0,,24.900953,121.173153,1470,W1,523,Taiwan,PZ,1,8.0,5
5A-平鎮倉,75085 櫻花建設-頭重溪段三期,8.0,36.5,326,桃園市楊梅區,桃園市楊梅區金溪路209巷前100公尺,1,RT20240000014246,1.0,,24.900953,121.173153,1470,W1,524,Taiwan,PZ,1,8.0,5
5A-平鎮倉,61496 百傑建設股份有限公司,8.0,37.4,326,桃園市楊梅區,桃園市楊梅區三民東路344號旁工地,1,RT20250000010247,1.0,,24.901906,121.176631,1470,W1,525,Taiwan,PZ,1,8.0,5
5A-平鎮倉,78334 威臺營造-蘋果路,8.0,39.1,326,桃園市楊梅區,桃園市楊梅區蘋果路5號,1,RT20250000013796,1.0,,24.902542,121.184202,1470,W1,526,Taiwan,PZ,1,8.0,5
5A-平鎮倉,75053 旭源營造-蘋果路,8.0,39.2,326,桃園市楊梅區,桃園市楊梅區蘋果路9號旁,1,RT20240000014130,1.0,,24.902797,121.185827,1470,W1,527,Taiwan,PZ,1,8.0,5
5A-平鎮倉,75053 旭源營造-蘋果路,8.0,39.3,326,桃園市楊梅區,桃園市楊梅區蘋果路9號旁,1,RT202500006503,1.0,,24.903278,121.185233,1470,W1,528,Taiwan,PZ,1,8.0,5
5A-平鎮倉,75053 旭源營造-蘋果路,8.0,39.4,326,桃園市楊梅區,桃園市楊梅區蘋果路9號旁-追加,1,RT20250000011174,1.0,,24.903567,121.185608,1470,W1,529,Taiwan,PZ,1,8.0,5
5A-平鎮倉,75053 旭源營造-蘋果路,8.0,39.4,326,桃園市楊梅區,桃園市楊梅區蘋果路9號旁-追加,1,RT20250000013795,1.0,,24.904078,121.185427,1470,W1,530,Taiwan,PZ,1,8.0,5
5A-平鎮倉,77307 大東遠程-蘋果路,8.0,39.9,326,桃園市楊梅區,桃園市楊梅區蘋果路11號(金鍏電子廠內),1,RT20250000012441,1.0,,24.904122,121.186855,1470,W1,531,Taiwan,PZ,1,8.0,5
5A-平鎮倉,75760 固聖營造-消防埔心分隊,8.0,42.6,326,桃園市楊梅區,桃園市楊梅區金龍三路1號-消防埔心分隊,1,RT20250000013060,1.0,,24.910989,121.187461,1470,W1,532,Taiwan,PZ,1,8.0,5
5A-平鎮倉,78312 美亞鋼管廠-楊梅區,8.0,44.7,326,桃園市楊梅區,桃園市楊梅區永平路6號,1,RT20250000013677,1.0,,24.922903,121.185494,1470,W1,533,Taiwan,PZ,1,8.0,5
5A-平鎮倉,78312 美亞鋼管廠-楊梅區,8.0,44.7,326,桃園市楊梅區,桃園市楊梅區永平路6號,1,RT20250000013677,1.0,,24.922903,121.185494,1470,W1,534,Taiwan,PZ,1,8.0,5
5A-平鎮倉,78312 美亞鋼管廠-楊梅區,8.0,44.7,326,桃園市楊梅區,桃園市楊梅區永平路6號,1,RT20250000013677,1.0,,24.922903,121.185494,1470,W1,535,Taiwan,PZ,1,8.0,5
5A-平鎮倉,78312 美亞鋼管廠-楊梅區,8.0,44.7,326,桃園市楊梅區,桃園市楊梅區永平路6號,1,RT20250000013677,1.0,,24.922903,121.185494,1470,W1,536,Taiwan,PZ,1,8.0,5
5A-平鎮倉,77513 立本營造-青山二街,8.0,46.1,326,桃園市楊梅區,桃園市楊梅區青山二街308號,1,RT20250000010220,1.0,,24.920684,121.174398,1470,W1,537,Taiwan,PZ,1,8.0,5
5A-平鎮倉,65930 鎮揚建設-永平路,8.0,47.2,326,桃園市楊梅區,桃園市楊梅區永平路415號對面,1,RT202500006644,1.0,,24.920128,121.176739,1470,W1,538,Taiwan,PZ,1,8.0,5
5A-平鎮倉,73957 麒田營造-金總源,8.0,47.5,326,桃園市楊梅區,桃園市楊梅區永平路235號旁,1,RT202500009005,1.0,,24.92057,121.179314,1470,W1,539,Taiwan,PZ,1,8.0,5
5A-平鎮倉,76827 麒田-家立好,8.0,47.6,326,桃園市楊梅區,桃園市楊梅區永平路237號隔壁,1,RT202500007033,1.0,,24.920811,121.179842,1470,W1,540,Taiwan,PZ,1,8.0,5
5A-平鎮倉,76361 森峰營造-朋達廠房,8.0,48.1,326,桃園市楊梅區,桃園市楊梅區梅獅路一段226巷9弄188號旁,1,RT202500004816,1.0,,24.919011,121.1779,1470,W1,541,Taiwan,PZ,1,8.0,5
5A-平鎮倉,77302 景文-變電站,8.0,49.2,326,桃園市楊梅區,桃園市楊梅區梅獅路一段426巷-變電站(欣興電子後段),1,RT202500009227,1.0,,24.916003,121.17032,1470,W1,542,Taiwan,PZ,1,8.0,5
5A-平鎮倉,77302 景文-變電站,8.0,49.2,326,桃園市楊梅區,桃園市楊梅區梅獅路一段426巷-變電站(欣興電子後段),1,RT202500009227,1.0,,24.916003,121.17032,1470,W1,543,Taiwan,PZ,1,8.0,5
5A-平鎮倉,76441 鈜基營造-楷翔廠房,8.0,55.2,326,桃園市楊梅區,桃園市楊梅區楊湖路一段425巷156號旁,1,RT202500005266,1.0,,24.911536,121.130006,1470,W1,544,Hsinchu,PZ,1,8.0,5
5A-平鎮倉,77814 虹橋營造-資家科技,8.0,55.4,326,桃園市楊梅區,桃園市楊梅區楊湖路一段425巷211號,1,RT20250000011515,1.0,,24.909744,121.128723,1470,W1,545,Hsinchu,PZ,1,8.0,5
5A-平鎮倉,77814 虹橋營造-資家科技,8.0,55.6,326,桃園市楊梅區,桃園市楊梅區楊湖路一段425巷211號-追加,1,RT20250000013832,1.0,,24.910403,121.128059,1470,W1,546,Hsinchu,PZ,1,8.0,5
5A-平鎮倉,78206 金宏軒-淞譽二廠,8.0,55.7,326,桃園市楊梅區,桃園市楊梅區楊湖路一段425巷156號-淞譽二廠,1,RT20250000013248,1.0,,24.910664,121.128575,1470,W1,547,Hsinchu,PZ,1,8.0,5
5A-平鎮倉,78292 能九營造-楊梅區,8.0,56.0,326,桃園市楊梅區,桃園市楊梅區楊湖路一段585巷68號斜對面,1,RT20250000013587,1.0,,24.912267,121.128095,1470,W1,548,Hsinchu,PZ,1,8.0,5
5A-平鎮倉,77708 日陽包裝實業-楊湖路一段,8.0,56.3,326,桃園市楊梅區,桃園市楊梅區楊湖路一段639號工地-電聯定位,1,RT20250000011190,,1.0,24.912983,121.126678,1470,W2,549,Hsinchu,PZ,2,16.0,5
5A-平鎮倉,77708 日陽包裝實業-楊湖路一段,8.0,56.3,326,桃園市楊梅區,桃園市楊梅區楊湖路一段639號工地-電聯定位,1,RT20250000011190,,1.0,24.912983,121.126678,1470,W2,550,Hsinchu,PZ,2,16.0,5
5A-平鎮倉,76863 智己行銷-太平嶺,8.0,37.64,244,新北市林口區,新北市林口區太平里太平嶺27號,1,RT202500007170,1.0,,25.115228,121.376534,1400,W1,551,Taipei,WG,1,8.0,13
5A-平鎮倉,68684 三邑營造-林口,8.0,40.37,244,新北市林口區,新北市林口區湖子路(附座標),1,RT202500006663,1.0,,25.098427,121.388639,1400,W1,552,Taipei,WG,1,8.0,3
5A-平鎮倉,77694 甫仁營造有限公司,8.0,41.59,244,新北市林口區,新北市林口區中華路223巷1號隔壁工地,1,RT20250000011119,1.0,,25.089569,121.385319,1400,W1,553,Taipei,WG,1,8.0,3
5A-平鎮倉,73224 宜坤營造-林口,8.0,42.64,244,新北市林口區,新北市林口區中北三街-一品公園旁工地,1,RT20250000013063,1.0,,25.084077,121.383103,1400,W1,554,Taipei,WG,1,8.0,3
5A-平鎮倉,75635 上亞營造-力通麗林段,8.0,42.98,244,新北市林口區,新北市林口區中華一路3號旁工地,1,RT202500001606,1.0,,25.084111,121.381734,1400,W1,555,Taipei,WG,1,8.0,3
5A-平鎮倉,77042 政鼎營造-文化二路,8.0,43.35,244,新北市林口區,新北市林口區文化二路二段371號,1,RT202500007910,1.0,,25.086847,121.381656,1400,W1,556,Taipei,WG,1,8.0,3
5A-平鎮倉,76657 竣浩營造-林口,8.0,43.59,244,新北市林口區,新北市林口區文化二路２段490號旁工地,1,RT20250000013294,1.0,,25.088736,121.382886,1400,W1,557,Taipei,WG,1,8.0,3
5A-平鎮倉,76657 竣浩營造-林口,8.0,43.6,244,新北市林口區,新北市林口區文化二路２段490號旁工地-追加,1,RT20250000010979,1.0,,25.088755,121.382878,1400,W1,558,Taipei,WG,1,8.0,3
5A-平鎮倉,72470 稻田-A3計畫,8.0,44.69,244,新北市林口區,新北市林口區菁埔路1-58號,1,RT202400003099,1.0,,25.096608,121.38085,1400,W1,559,Taipei,WG,1,8.0,3
5A-平鎮倉,72470 稻田-A3計畫,8.0,44.69,244,新北市林口區,新北市林口區菁埔路1-58號,1,RT202400003099,1.0,,25.096608,121.38085,1400,W1,560,Taipei,WG,1,8.0,3
5A-平鎮倉,75503 稻田-A3計畫,8.0,45.04,244,新北市林口區,新北市林口區中湖路-附座標,1,RT202500001151,1.0,,25.098489,121.382317,1400,W1,561,Taipei,WG,1,8.0,3
5A-平鎮倉,72241 厚威股份,8.0,46.04,244,新北市林口區,新北市林口區菁埔路39之3號,1,RT202500002116,1.0,,25.097439,121.374567,1400,W1,562,Taoyuan,WG,1,8.0,3
5A-平鎮倉,72241 厚威股份,8.0,46.04,244,新北市林口區,新北市林口區菁埔路39之3號,1,RT202500002116,1.0,,25.097439,121.374567,1400,W1,563,Taoyuan,WG,1,8.0,3
5A-平鎮倉,76317 森睦營造-512新建工程,8.0,47.91,244,新北市林口區,新北市林口區文化北路二段550巷19弄,1,RT202500004405,1.0,,25.092489,121.378814,1400,W1,564,Taipei,WG,1,8.0,3
5A-平鎮倉,76317 森睦營造-512新建工程,8.0,47.91,244,新北市林口區,新北市林口區文化北路二段550巷19弄,1,RT202500004405,1.0,,25.092489,121.378814,1400,W1,565,Taipei,WG,1,8.0,3
5A-平鎮倉,78088 森睦營造-492新建工程,8.0,48.05,244,新北市林口區,新北市林口區文化北路二段550巷19弄-492建案,1,RT20250000012831,1.0,,25.092486,121.379511,1400,W1,566,Taipei,WG,1,8.0,3
5A-平鎮倉,78088 森睦營造-492新建工程,8.0,48.05,244,新北市林口區,新北市林口區文化北路二段550巷19弄-492建案,1,RT20250000012831,1.0,,25.092486,121.379511,1400,W1,567,Taipei,WG,1,8.0,3
5A-平鎮倉,76773 上亞營造-力通二期,8.0,49.12,244,新北市林口區,新北市林口區文林二街85號旁,1,RT202500009427,1.0,,25.0869,121.375514,1400,W1,568,Taoyuan,WG,1,8.0,3
5A-平鎮倉,77563 愛叡科技-銜接#74464 恆奕國際,8.0,50.05,244,新北市林口區,新北市林口區信義路&吉祥路交叉口-洗車場,1,RT20250000010473,1.0,,25.081039,121.376661,1400,W1,569,Taoyuan,WG,1,8.0,3
5A-平鎮倉,75000 廣宏泰營-林口,8.0,50.28,244,新北市林口區,新北市林口區信義路289號(接待中心旁邊工地),1,RT20240000013901,1.0,,25.08162,121.375314,1400,W1,570,Taoyuan,WG,1,8.0,3
5A-平鎮倉,75655 岱立營造-林口,8.0,50.65,244,新北市林口區,新北市林口區四維路&吉祥路口-林口健身工廠停車場旁,1,RT202500001740,1.0,,25.079889,121.375423,1400,W1,571,Taoyuan,WG,1,8.0,3
5A-平鎮倉,69423 鴻軒營造-天玥,8.0,50.66,244,新北市林口區,新北市林口區吉祥路工地,1,RT20250000010438,1.0,,25.079898,121.375578,1400,W1,572,Taoyuan,WG,1,8.0,3
5A-平鎮倉,75655 岱立營造-林口,8.0,50.75,244,新北市林口區,新北市林口區四維路&吉祥路口-林口健身工廠停車場旁,1,RT202500002463,1.0,,25.079231,121.375725,1400,W1,573,Taoyuan,WG,1,8.0,3
5A-平鎮倉,76830 鴻軒營造-天蒔案,8.0,51.07,244,新北市林口區,新北市林口區文化二路二段及吉祥路交叉口工地,1,RT202500007040,1.0,,25.080056,121.377361,1400,W1,574,Taoyuan,WG,1,8.0,3
5A-平鎮倉,76830 鴻軒營造-天蒔案,8.0,51.07,244,新北市林口區,新北市林口區文化二路二段及吉祥路交叉口工地,1,RT202500007040,1.0,,25.080056,121.377361,1400,W1,575,Taoyuan,WG,1,8.0,3
5A-平鎮倉,72811 鴻軒-天邸案,8.0,51.71,244,新北市林口區,新北市林口區文化三路二段41巷,1,RT202400004854,1.0,,25.079636,121.372778,1400,W1,576,Taoyuan,WG,1,8.0,3
5A-平鎮倉,72811 鴻軒-天邸案,8.0,51.71,244,新北市林口區,新北市林口區文化三路二段41巷,1,RT202400004854,1.0,,25.079636,121.372778,1400,W1,577,Taoyuan,WG,1,8.0,3
5A-平鎮倉,70410 春宏建設有限公司,8.0,51.78,244,新北市林口區,新北市林口區文化三路二段41巷35號對面,1,RT20250000013731,1.0,,25.079548,121.372067,1400,W1,578,Taoyuan,WG,1,8.0,3
5A-平鎮倉,75545 連翔建設-林口,8.0,52.13,244,新北市林口區,新北市林口區文化三路一段617巷,1,RT202500001278,1.0,,25.078495,121.370656,1400,W1,579,Taoyuan,WG,1,8.0,3
5A-平鎮倉,73282 寬和營造-林口,8.0,52.53,244,新北市林口區,新北市林口區民族路192號旁工地,1,RT202500001823,1.0,,25.076736,121.3686,1400,W1,580,Taoyuan,WG,1,8.0,3
5A-平鎮倉,70895 森碁營造-力行段437,8.0,53.14,244,新北市林口區,新北市林口區忠孝路256巷13號附近工地,1,RT202500007662,1.0,,25.074048,121.3654,1400,W1,581,Taoyuan,WG,1,8.0,3
5A-平鎮倉,70895 森碁營造-力行段437,8.0,53.14,244,新北市林口區,新北市林口區忠孝路256巷13號附近工地,1,RT202500007662,1.0,,25.074048,121.3654,1400,W1,582,Taoyuan,WG,1,8.0,3
5A-平鎮倉,70895 森碁營造-力行段437,8.0,53.14,244,新北市林口區,新北市林口區忠孝路256巷13號附近工地,1,RT202500007663,1.0,,25.074003,121.365417,1400,W1,583,Taoyuan,WG,1,8.0,3
5A-平鎮倉,70895 森碁營造-力行段437,8.0,53.14,244,新北市林口區,新北市林口區忠孝路256巷13號附近工地,1,RT202500007663,1.0,,25.074003,121.365417,1400,W1,584,Taoyuan,WG,1,8.0,3
5A-平鎮倉,68634 能九營造-林口,8.0,53.44,244,新北市林口區,新北市林口區忠孝一路78號,1,RT20250000012303,1.0,,25.073792,121.362656,1400,W1,585,Taoyuan,WG,1,8.0,3
5A-平鎮倉,66592 陳蓓玗工作室,8.0,53.65,244,新北市林口區,新北市林口區文化北路1段386號旁,1,RT202500008896,1.0,,25.07482,121.362831,1400,W1,586,Taoyuan,WG,1,8.0,3
5A-平鎮倉,66592 陳蓓玗工作室,8.0,53.65,244,新北市林口區,新北市林口區文化北路1段386號旁,1,RT202500008896,1.0,,25.07482,121.362831,1400,W1,587,Taoyuan,WG,1,8.0,3
5A-平鎮倉,70901 森睦-森睦750,8.0,54.2,244,新北市林口區,新北市林口區南勢一街47巷1號,1,RT20250000011896,1.0,,25.076486,121.361489,1400,W1,588,Taoyuan,WG,1,8.0,3
5A-平鎮倉,70901 森睦-森睦750,8.0,54.22,244,新北市林口區,新北市林口區南勢一街47巷1號,1,RT20250000011895,1.0,,25.076434,121.361342,1400,W1,589,Taoyuan,WG,1,8.0,3
5A-平鎮倉,70901 森睦-森睦750,8.0,54.22,244,新北市林口區,新北市林口區南勢一街47巷1號,1,RT20250000011895,1.0,,25.076434,121.361342,1400,W1,590,Taoyuan,WG,1,8.0,3
5A-平鎮倉,72087 地樺-國宅段,8.0,55.98,244,新北市林口區,新北市林口區公園路13號旁,1,RT202400001291,1.0,,25.066739,121.366264,1400,W1,591,Taoyuan,WG,1,8.0,3
5A-平鎮倉,65538 地樺-136林口,8.0,56.6,244,新北市林口區,新北市林口區文化二路１段8號郵局對面,1,RT20250000012801,1.0,,25.066622,121.363878,1400,W1,592,Taoyuan,WG,1,8.0,3
5A-平鎮倉,65538 地樺-136林口,8.0,56.6,244,新北市林口區,新北市林口區文化二路１段8號郵局對面,1,RT20250000012801,1.0,,25.066622,121.363878,1400,W1,593,Taoyuan,WG,1,8.0,3
5A-平鎮倉,65538 地樺-136林口,8.0,56.6,244,新北市林口區,新北市林口區文化二路１段8號郵局對面,1,RT20250000012801,1.0,,25.066622,121.363878,1400,W1,594,Taoyuan,WG,1,8.0,3
5A-平鎮倉,65538 地樺-136林口,8.0,56.6,244,新北市林口區,新北市林口區文化二路１段8號郵局對面,1,RT20250000012801,1.0,,25.066622,121.363878,1400,W1,595,Taoyuan,WG,1,8.0,3
5A-平鎮倉,65538 地樺-136林口,8.0,56.6,244,新北市林口區,新北市林口區文化二路１段8號郵局對面,1,RT20250000012801,1.0,,25.066622,121.363878,1400,W1,596,Taoyuan,WG,1,8.0,3
5A-平鎮倉,69521 里來亭-原#53592三水,8.0,57.34,244,新北市林口區,新北市林口區文化三路一段與忠孝三路(三井停車場)-電聯,1,RT202500007235,1.0,,25.068667,121.362139,1400,W1,597,Taoyuan,WG,1,8.0,3
5A-平鎮倉,74260 宏樸建設-曉霧,8.0,58.32,244,新北市林口區,新北市林口區八德路500巷15號對面,1,RT20240000010696,1.0,,25.067123,121.356581,1400,W1,598,Taoyuan,WG,1,8.0,3
5A-平鎮倉,75987 順東營造-林口,8.0,58.49,244,新北市林口區,新北市林口區文化北路一段60巷39號對面,1,RT202500003013,1.0,,25.067809,121.357325,1400,W1,599,Taoyuan,WG,1,8.0,3
5A-平鎮倉,76770 常興營造-林口,8.0,59.36,244,新北市林口區,新北市林口區源泉街152號對面工地,1,RT202500006875,1.0,,25.071156,121.354461,1400,W1,600,Taoyuan,WG,1,8.0,3
5A-平鎮倉,69324 森碁營造-力行段437,8.0,61.96,244,新北市林口區,新北市林口區文化北路二段166巷底,1,RT202500004568,1.0,,25.083347,121.372895,1400,W1,601,Taoyuan,WG,1,8.0,3
5A-平鎮倉,69324 森碁營造-力行段437,8.0,61.96,244,新北市林口區,新北市林口區文化北路二段166巷底,1,RT202500004568,1.0,,25.083347,121.372895,1400,W1,602,Taoyuan,WG,1,8.0,3
5A-平鎮倉,75596 協聖營造-林口,8.0,62.5,244,新北市林口區,"新北市林口區湖南里-林口工一工業區-25°05'07.0""N 121°22'12.7""E",1,RT202500001487,1.0,,25.085277,121.370278,1400,W1,603,Taoyuan,WG,1,8.0,3
5A-平鎮倉,75596 協聖營造-林口,8.0,62.51,244,新北市林口區,新北市林口區湖南里-林口工一工業區,1,RT202500005728,1.0,,25.085119,121.370306,1400,W1,604,Taoyuan,WG,1,8.0,3
5A-平鎮倉,78004 達宇開發,8.0,62.89,244,新北市林口區,新北市林口區頭湖二路  湖內公園對面,1,RT20250000012494,1.0,,25.087202,121.368442,1400,W1,605,Taoyuan,WG,1,8.0,3
5A-平鎮倉,76624 安信營造-三峽陳振良,8.0,27.56,237,新北市三峽區,新北市三峽區安坑路27號,1,RT202500006082,1.0,,24.928834,121.447669,1160,W1,606,Taipei,WG,1,8.0,1
5A-平鎮倉,77453 政鼎營造-介壽路二段,8.0,34.81,237,新北市三峽區,新北市三峽區介壽路二段138巷169號,1,RT202500009984,1.0,,24.930411,121.395836,1160,W1,607,Taoyuan,WG,1,8.0,4
5A-平鎮倉,77453 政鼎營造-介壽路二段,8.0,34.81,237,新北市三峽區,新北市三峽區介壽路二段138巷169號,1,RT202500009984,1.0,,24.930411,121.395836,1160,W1,608,Taoyuan,WG,1,8.0,4
5A-平鎮倉,73537 鈞安營造-還運,8.0,35.6,237,新北市三峽區,新北市三峽區佳福路18號旁工地,1,RT202500009014,1.0,,24.936644,121.394433,1160,W1,609,Taoyuan,WG,1,8.0,4
5A-平鎮倉,75725 亞億營造-三峽倉庫,8.0,37.57,237,新北市三峽區,新北市三峽區三樹路98巷156弄76號,1,RT202500001922,1.0,,24.941669,121.38753,1160,W1,610,Taoyuan,WG,1,8.0,4
5A-平鎮倉,76330 明秀營造-排水工程,8.0,39.84,237,新北市三峽區,新北市樹林區(三峽區)學勤路宇大成路路口,1,RT202500004574,1.0,,24.948594,121.382445,1160,W1,611,Taoyuan,WG,1,8.0,4
5A-平鎮倉,74853 慶源營造-敏昌機械,8.0,41.0,239,新北市鶯歌區,新北市樹林區(鶯歌區)柑園街二段177號,1,RT20240000013228,1.0,,24.952967,121.380153,1170,W1,612,Taoyuan,WG,1,8.0,4
5A-平鎮倉,77414 大將營造-三峽區,8.0,42.6,237,新北市三峽區,新北市三峽區大觀路90號旁工地,1,RT202500009813,1.0,,24.946591,121.373845,1160,W1,613,Taoyuan,WG,1,8.0,4
5A-平鎮倉,76611 大將營造-文澄苑,8.0,43.15,237,新北市三峽區,新北市三峽區國際一街15號旁,1,RT202500005955,1.0,,24.943008,121.37422,1160,W1,614,Taoyuan,WG,1,8.0,4
5A-平鎮倉,76687 家豪建設-大學段,8.0,43.32,237,新北市三峽區,新北市三峽區國際一街66號旁工地,1,RT202500006370,1.0,,24.942144,121.37275,1160,W1,615,Taoyuan,WG,1,8.0,4
5A-平鎮倉,74963 政鼎營造-萬鋒,8.0,46.0,237,新北市三峽區,新北市三峽區隆恩街178巷(從三鶯路128號對面進),1,RT20250000013287,1.0,,24.944608,121.361822,1160,W1,616,Taoyuan,PZ,1,8.0,4
5A-平鎮倉,73528 中鼎營造-德欣冷凍,8.0,46.29,239,新北市鶯歌區,新北市鶯歌區三鶯路130號-德欣冷凍,1,RT202500006756,1.0,,24.944344,121.359886,1170,W1,617,Taoyuan,PZ,1,8.0,4
5A-平鎮倉,66276 協泰營造-鶯歌,8.0,49.92,239,新北市鶯歌區,新北市鶯歌區國中街103號對面工地,1,RT20240000014918,1.0,,24.941511,121.341577,1170,W1,618,Taoyuan,PZ,1,8.0,10
5A-平鎮倉,66276 協泰營造-鶯歌,8.0,49.92,239,新北市鶯歌區,新北市鶯歌區國中街103號對面工地,1,RT20240000014918,1.0,,24.941511,121.341577,1170,W1,619,Taoyuan,PZ,1,8.0,10
5A-平鎮倉,66276 協泰營造-鶯歌,8.0,49.92,239,新北市鶯歌區,新北市鶯歌區國中街103號對面工地,1,RT20240000014918,1.0,,24.941511,121.341577,1170,W1,620,Taoyuan,PZ,1,8.0,10
5A-平鎮倉,73168 捷信營造-鶯歌,8.0,51.69,239,新北市鶯歌區,新北市鶯歌區永昌街18號旁,1,RT202500005355,1.0,,24.949822,121.343314,1170,W1,621,Taoyuan,PZ,1,8.0,10
5A-平鎮倉,76563 鼎璿營造-停車場,8.0,52.58,239,新北市鶯歌區,新北市鶯歌區育英街67號對面-鶯歌國小停車場育英街入口),1,RT202500005774,1.0,,24.952742,121.347319,1170,W1,622,Taoyuan,PZ,1,8.0,10
5A-平鎮倉,75502 鑫俋建設-鶯歌,8.0,53.9,239,新北市鶯歌區,新北市鶯歌區中正一路305號,1,RT202500001149,1.0,,24.957078,121.356419,1170,W1,623,Taoyuan,PZ,1,8.0,4
5A-平鎮倉,62961 寬和-鶯歌區,8.0,56.97,239,新北市鶯歌區,新北市鶯歌區鳳鳴路130號旁,1,RT20250000013336,1.0,,24.966194,121.334444,1170,W1,624,Taoyuan,PZ,1,8.0,10
5A-平鎮倉,78208 永鴻營造-一期,8.0,57.59,239,新北市鶯歌區,新北市鶯歌區鳳七路280號旁-一期,1,RT20250000013261,1.0,,24.970925,121.335094,1170,W1,625,Taoyuan,PZ,1,8.0,10
5A-平鎮倉,71747 東騏營造-鳳鳴,8.0,57.91,239,新北市鶯歌區,新北市鶯歌區龍五路280號旁,1,RT20230000015454,1.0,,24.972928,121.334914,1170,W1,626,Taoyuan,PZ,1,8.0,10
5A-平鎮倉,73628 川祥營造-鶯歌工務所,8.0,57.91,239,新北市鶯歌區,新北市鶯歌區鳳三路&龍三路交叉口-工務所,1,RT202400008052,1.0,,24.973223,121.334608,1170,W1,627,Taoyuan,PZ,1,8.0,10
5A-平鎮倉,73628 川祥營造-鶯歌工務所,8.0,57.91,239,新北市鶯歌區,新北市鶯歌區鳳三路&龍三路交叉口-工務所,1,RT202400008052,1.0,,24.973223,121.334608,1170,W1,628,Taoyuan,PZ,1,8.0,10
5A-平鎮倉,73629 川祥營造-鶯歌堆置場,8.0,58.56,239,新北市鶯歌區,新北市鶯歌區鳳福路&鳳鳴路交叉口-堆置場,1,RT202400008053,1.0,,24.974064,121.33142,1170,W1,629,Taoyuan,PZ,1,8.0,10
5A-平鎮倉,71352 澄果建設-鳳嗚186地號,8.0,59.0,239,新北市鶯歌區,新北市鶯歌區龍三路&鳳七路交叉口,1,RT20250000012816,1.0,,24.971353,121.330048,1170,W1,630,Taoyuan,PZ,1,8.0,10
5A-平鎮倉,71352 澄果建設-鳳嗚186地號,8.0,59.0,239,新北市鶯歌區,新北市鶯歌區龍三路&鳳七路交叉口,1,RT20250000012816,1.0,,24.971353,121.330048,1170,W1,631,Taoyuan,PZ,1,8.0,10
5A-平鎮倉,70160 京澄建設-鳳鳴段186地號,8.0,59.11,239,新北市鶯歌區,新北市鶯歌區龍三路&鳳七路交叉口,1,RT20250000011953,1.0,,24.972095,121.329623,1170,W1,632,Taoyuan,PZ,1,8.0,10
5A-平鎮倉,70160 京澄建設-鳳鳴段186地號,8.0,59.11,239,新北市鶯歌區,新北市鶯歌區龍三路&鳳七路交叉口,1,RT20250000011952,1.0,,24.972095,121.329623,1170,W1,633,Taoyuan,PZ,1,8.0,10
5A-平鎮倉,78209 永鴻營造-二期,8.0,59.25,239,新北市鶯歌區,新北市鶯歌區鳳七路280號旁-二期,1,RT20250000013264,1.0,,24.972881,121.3288,1170,W1,634,Taoyuan,PZ,1,8.0,10
5A-平鎮倉,75215 森睦營造-鳳鳴段26地號,8.0,59.38,239,新北市鶯歌區,新北市鶯歌區鳳福路8號對面,1,RT20240000014773,1.0,,24.973775,121.328411,1170,W1,635,Taoyuan,PZ,1,8.0,10
5A-平鎮倉,75215 森睦營造-鳳鳴段26地號,8.0,59.38,239,新北市鶯歌區,新北市鶯歌區鳳福路8號對面,1,RT20240000014773,1.0,,24.973775,121.328411,1170,W1,636,Taoyuan,PZ,1,8.0,10
5A-平鎮倉,78199 祥鼎營造-鶯歌區,8.0,60.11,239,新北市鶯歌區,新北市鶯歌區鳳福路177號旁工地,1,RT20250000013240,1.0,,24.976136,121.33077,1170,W1,637,Taoyuan,PZ,1,8.0,10
5A-平鎮倉,71893 新月建設-僑信路,8.0,60.78,239,新北市鶯歌區,桃園市桃園區(鶯歌區)鶯桃路２段58號,1,RT202500001500,1.0,,24.973067,121.324925,1170,W1,638,Taoyuan,PZ,1,8.0,10
5A-平鎮倉,71893 新月建設-僑信路,8.0,61.0,239,新北市鶯歌區,桃園市桃園區(鶯歌區)鶯桃路２段58號,1,RT2024000534,1.0,,24.97287,121.324534,1170,W1,639,Taoyuan,PZ,1,8.0,10
5A-平鎮倉,71893 新月建設-僑信路,8.0,61.13,239,新北市鶯歌區,桃園市桃園區(鶯歌區)桃鶯路2段58號,1,RT202500006042,1.0,,24.972809,121.323878,1170,W1,640,Taoyuan,PZ,1,8.0,10
5A-平鎮倉,71893 新月建設-僑信路,8.0,61.13,239,新北市鶯歌區,桃園市桃園區(鶯歌區)桃鶯路2段58號,1,RT202500006042,1.0,,24.972809,121.323878,1170,W1,641,Taoyuan,PZ,1,8.0,10
5A-平鎮倉,75147 靖敲敲室內裝修-三峽,8.0,70.45,237,新北市三峽區,新北市三峽區文化路129號,1,RT20250000013570,1.0,,24.936094,121.369914,1160,W1,642,Taoyuan,PZ,1,8.0,4
5A-平鎮倉,67388 中鼎營造-三峽,8.0,72.22,237,新北市三峽區,新北市三峽區大同路295號-追加,1,RT20250000013968,1.0,,24.924417,121.364133,1160,W1,643,Taoyuan,PZ,1,8.0,10
5A-平鎮倉,78385 隆準營造股份有限公司,8.0,75.08,237,新北市三峽區,新北市三峽區大埔路106號,1,RT20250000014033,1.0,,24.906636,121.366531,1160,W1,644,Taiwan,PZ,1,8.0,10
5A-平鎮倉,76812 文傑建設-嘉添門市,8.0,78.02,237,新北市三峽區,新北市三峽區嘉添路109-2號1樓-7-ELEVEN嘉添門市附近,1,RT202500007007,1.0,,24.911244,121.369842,1160,W1,645,Taiwan,PZ,1,8.0,10
5A-平鎮倉,77816 長友營造-三峽農場,8.0,79.92,237,新北市三峽區,新北市三峽區白雞路62號-三峽農場,1,RT20250000011518,1.0,,24.911903,121.386522,1160,W1,646,Taiwan,PZ,1,8.0,4
5A-平鎮倉,78274 台伸營造有限公司,8.0,61.1,350,苗栗縣竹南鎮,苗栗縣竹南鎮中正路96之1號-竹南高中隔壁,1,RT20250000013490,1.0,,24.683747,120.875186,1580,W1,647,Miaoli,PZ,1,8.0,9
5A-平鎮倉,76663 耐福營造-博愛街,8.0,61.9,350,苗栗縣竹南鎮,苗栗縣竹南鎮博愛街271號旁,1,RT202500006248,1.0,,24.687502,120.871111,1580,W1,648,Miaoli,PZ,1,8.0,9
5A-平鎮倉,77007 碩美營造-朋晨和心,8.0,62.4,350,苗栗縣竹南鎮,苗栗縣竹南鎮自由街131號旁,1,RT202500007746,1.0,,24.687869,120.874567,1580,W1,649,Miaoli,PZ,1,8.0,9
5A-平鎮倉,77451 中天工程-竹南東平路,8.0,64.1,350,苗栗縣竹南鎮,苗栗縣竹南鎮東平路54號,1,RT202500009976,1.0,,24.683986,120.881086,1580,W1,650,Miaoli,PZ,1,8.0,9
5A-平鎮倉,76621 富翔營造-571號工地,8.0,65.1,351,苗栗縣頭份市,苗栗縣頭份市民族路571號工地,1,RT202500006052,1.0,,24.684664,120.890489,1590,W1,651,Miaoli,PZ,1,8.0,9
5A-平鎮倉,76298 富翔營造-頭份,8.0,65.2,351,苗栗縣頭份市,苗栗縣頭份市民族路517號旁停車場 富翔工務所,1,RT202500004303,1.0,,24.684958,120.891114,1590,W1,652,Miaoli,PZ,1,8.0,9
5A-平鎮倉,76298 富翔營造-頭份,8.0,65.2,351,苗栗縣頭份市,苗栗縣頭份市民族路517號旁停車場 富翔工務所,1,RT202500004303,1.0,,24.684958,120.891114,1590,W1,653,Miaoli,PZ,1,8.0,9
5A-平鎮倉,75862 啟洋科技-京元電子紡安廠,8.0,66.7,351,苗栗縣頭份市,苗栗縣頭份市自強路2段215號-京元電子,1,RT20250000011151,1.0,,24.681256,120.89743,1590,W1,654,Miaoli,PZ,1,8.0,9
5A-平鎮倉,75862 啟洋科技-京元電子紡安廠,8.0,66.7,351,苗栗縣頭份市,苗栗縣頭份市自強路2段215號-京元電子,1,RT20250000011151,1.0,,24.681256,120.89743,1590,W1,655,Miaoli,PZ,1,8.0,9
5A-平鎮倉,75862 啟洋科技-京元電子紡安廠,8.0,66.7,351,苗栗縣頭份市,苗栗縣頭份市自強路2段215號-京元電子,1,RT20250000011151,1.0,,24.681256,120.89743,1590,W1,656,Miaoli,PZ,1,8.0,9
5A-平鎮倉,75862 啟洋科技-京元電子紡安廠,8.0,66.7,351,苗栗縣頭份市,苗栗縣頭份市自強路2段215號-京元電子,1,RT20250000011151,1.0,,24.681256,120.89743,1590,W1,657,Miaoli,PZ,1,8.0,9
5A-平鎮倉,75862 啟洋科技-京元電子紡安廠,8.0,66.7,351,苗栗縣頭份市,苗栗縣頭份市自強路2段215號-京元電子,1,RT20250000011151,1.0,,24.681256,120.89743,1590,W1,658,Miaoli,PZ,1,8.0,9
5A-平鎮倉,75862 啟洋科技-京元電子紡安廠,8.0,66.7,351,苗栗縣頭份市,苗栗縣頭份市自強路2段215號-京元電子,1,RT20250000011151,1.0,,24.681256,120.89743,1590,W1,659,Miaoli,PZ,1,8.0,9
5A-平鎮倉,75862 啟洋科技-京元電子紡安廠,8.0,66.7,351,苗栗縣頭份市,苗栗縣頭份市自強路2段215號-京元電子,1,RT20250000011151,1.0,,24.681256,120.89743,1590,W1,660,Miaoli,PZ,1,8.0,9
5A-平鎮倉,75862 啟洋科技-京元電子紡安廠,8.0,66.7,351,苗栗縣頭份市,苗栗縣頭份市自強路2段215號-京元電子,1,RT20250000011151,1.0,,24.681256,120.89743,1590,W1,661,Miaoli,PZ,1,8.0,9
5A-平鎮倉,75862 啟洋科技-京元電子紡安廠,8.0,66.7,351,苗栗縣頭份市,苗栗縣頭份市自強路2段215號-京元電子,1,RT20250000011151,1.0,,24.681256,120.89743,1590,W1,662,Miaoli,PZ,1,8.0,9
5A-平鎮倉,75862 啟洋科技-京元電子紡安廠,8.0,66.7,351,苗栗縣頭份市,苗栗縣頭份市自強路2段215號-京元電子,1,RT20250000011151,1.0,,24.681256,120.89743,1590,W1,663,Miaoli,PZ,1,8.0,9
5A-平鎮倉,73902 莊兆鈞,8.0,69.0,351,苗栗縣頭份市,苗栗縣頭份市中央路699號對面工地,1,RT20250000011042,1.0,,24.694664,120.889989,1590,W1,664,Hsinchu,PZ,1,8.0,9
5A-平鎮倉,75377 新宜營造-昕原樹,8.0,69.6,350,苗栗縣竹南鎮,苗栗縣竹南鎮公北一路8號旁,1,RT2025000411,1.0,,24.692419,120.887464,1580,W1,665,Hsinchu,PZ,1,8.0,9
5A-平鎮倉,69276 金冠隆營造-頭份,8.0,70.8,351,苗栗縣頭份市,苗栗縣頭份市信義路780號旁工地-自行定位,1,RT20250000011204,1.0,,24.700297,120.888225,1590,W1,666,Hsinchu,PZ,1,8.0,9
5A-平鎮倉,77931 薰漢營造工程股-頭份市,8.0,71.3,351,苗栗縣頭份市,苗栗縣頭份市文林路76號對面工地,1,RT20250000012014,1.0,,24.698597,120.889586,1590,W1,667,Hsinchu,PZ,1,8.0,9
5A-平鎮倉,77931 薰漢營造工程股-頭份市,8.0,71.3,351,苗栗縣頭份市,苗栗縣頭份市文林路76號對面工地,1,RT20250000012014,1.0,,24.698597,120.889586,1590,W1,668,Hsinchu,PZ,1,8.0,9
5A-平鎮倉,77931 薰漢營造工程股-頭份市,8.0,71.3,351,苗栗縣頭份市,苗栗縣頭份市文林路76號對面工地,1,RT20250000012014,1.0,,24.698597,120.889586,1590,W1,669,Hsinchu,PZ,1,8.0,9
5A-平鎮倉,75956 路加建設-頭份,8.0,72.4,351,苗栗縣頭份市,苗栗縣頭份市中央路496號,1,RT202500002931,1.0,,24.694127,120.896641,1590,W1,670,Hsinchu,PZ,1,8.0,9
5A-平鎮倉,71517 寬立堡營造-頭份,8.0,74.8,351,苗栗縣頭份市,苗栗縣頭份市永安街9號,1,RT20250000012810,1.0,,24.693875,120.914411,1590,W1,671,Hsinchu,PZ,1,8.0,9
5A-平鎮倉,65453 永恆營造-潮堂,8.0,75.5,351,苗栗縣頭份市,苗栗縣頭份市頭份255-45號(燦昇釣蝦場附近)工地-電聯定位,1,RT20250000012290,1.0,,24.693275,120.917267,1590,W1,672,Hsinchu,PZ,1,8.0,9
5A-平鎮倉,76002 樸居建設-頭份,8.0,76.5,351,苗栗縣頭份市,苗栗縣頭份市濱江街21號旁,1,RT202500003094,1.0,,24.687672,120.916497,1590,W1,673,Hsinchu,PZ,1,8.0,9
5A-平鎮倉,76215 越禾興-宏碩系統,8.0,77.2,351,苗栗縣頭份市,苗栗縣頭份市中正路598巷31號-宏碩系統,1,RT202500004042,1.0,,24.687116,120.921964,1590,W1,674,Hsinchu,PZ,1,8.0,9
5A-平鎮倉,76215 越禾興-宏碩系統,8.0,77.2,351,苗栗縣頭份市,苗栗縣頭份市中正路598巷31號-宏碩系統,1,RT202500004042,1.0,,24.687116,120.921964,1590,W1,675,Hsinchu,PZ,1,8.0,9
5A-平鎮倉,71296 心齊家-真愛,8.0,77.8,351,苗栗縣頭份市,苗栗縣頭份市中正一路125號,1,RT20250000012804,1.0,,24.686622,120.926773,1590,W1,676,Hsinchu,PZ,1,8.0,9
5A-平鎮倉,71296 心齊家-真愛,8.0,77.8,351,苗栗縣頭份市,苗栗縣頭份市中正一路125號,1,RT20250000012804,1.0,,24.686622,120.926773,1590,W1,677,Hsinchu,PZ,1,8.0,9
5A-平鎮倉,71240 新宏都-B區,8.0,80.5,351,苗栗縣頭份市,苗栗縣頭份市花園東路底 靠近楓林吊橋-B區,1,RT202500009574,1.0,,24.689764,120.947755,1590,W1,678,Hsinchu,PZ,1,8.0,9
5A-平鎮倉,74630 新宏都營造-E區,8.0,80.8,351,苗栗縣頭份市,苗栗縣頭份市花園東路底-靠近楓林吊橋(E區),1,RT202500003811,1.0,,24.691497,120.948866,1590,W1,679,Hsinchu,PZ,1,8.0,9
5A-平鎮倉,74630 新宏都營造-E區,8.0,81.0,351,苗栗縣頭份市,苗栗縣頭份市花園東路底-靠近楓林吊橋(E區),1,RT20240000013272,1.0,,24.690669,120.948533,1590,W1,680,Hsinchu,PZ,1,8.0,9
5A-平鎮倉,74630 新宏都營造-E區,8.0,81.1,351,苗栗縣頭份市,苗栗縣頭份市花園東路底-靠近楓林吊橋(E區),1,RT20240000012339,1.0,,24.6907,120.949214,1590,W1,681,Hsinchu,PZ,1,8.0,9
5A-平鎮倉,75712 新宏都營造-D區,8.0,81.2,351,苗栗縣頭份市,苗栗縣頭份市花園東路底-靠近楓林吊橋(D區),1,RT202500001876,1.0,,24.690175,120.949455,1590,W1,682,Hsinchu,PZ,1,8.0,9
5A-平鎮倉,75712 新宏都營造-D區,8.0,81.2,351,苗栗縣頭份市,苗栗縣頭份市花園東路底-靠近楓林吊橋(D區),1,RT202500001876,1.0,,24.690175,120.949455,1590,W1,683,Hsinchu,PZ,1,8.0,9
5A-平鎮倉,75712 新宏都營造-D區,8.0,81.2,351,苗栗縣頭份市,苗栗縣頭份市花園東路底-靠近楓林吊橋(D區),1,RT202500001876,1.0,,24.690175,120.949455,1590,W1,684,Hsinchu,PZ,1,8.0,9
5A-平鎮倉,75418 樹盛營造-甫基慶華段新建工程,8.0,83.8,351,苗栗縣頭份市,苗栗縣頭份市信德路252號旁,1,RT2025000575,1.0,,24.692311,120.961019,1590,W1,685,Hsinchu,PZ,1,8.0,9
5A-平鎮倉,77910 尚錡營造-頭份市,8.0,86.9,351,苗栗縣頭份市,苗栗縣頭份市興隆路一段423號對面工地,1,RT20250000011801,1.0,,24.701522,120.943419,1590,W1,686,Hsinchu,PZ,1,8.0,9
5A-平鎮倉,75065 飛羚電機-南湖變電所,8.0,88.6,351,苗栗縣頭份市,苗栗縣頭份市興埔街364號-南湖變電所,1,RT20250000013357,1.0,,24.708156,120.937325,1590,W1,687,Hsinchu,PZ,1,8.0,9
5A-平鎮倉,75065 飛羚電機-南湖變電所,8.0,88.6,351,苗栗縣頭份市,苗栗縣頭份市興埔街364號-南湖變電所,1,RT20250000013357,1.0,,24.708156,120.937325,1590,W1,688,Hsinchu,PZ,1,8.0,9
5A-平鎮倉,77013 達欣工程-台積電-環南上料場,8.0,99.0,308,新竹縣寶山鄉,新竹縣寶山鄉大雅一街110號-會分散擺放-環南上料場,1,RT202500007810,,1.0,24.760758,120.991475,1660,W2,689,Hsinchu,PZ,2,16.0,9
5A-平鎮倉,77014 達欣工程-台積電-環南下料場,8.0,99.2,308,新竹縣寶山鄉,新竹縣寶山鄉大雅一街110號-會分散擺放-環南下料場,1,RT202500007811,,1.0,24.761319,120.990691,1660,W2,690,Hsinchu,PZ,2,16.0,9
5A-平鎮倉,77011 達欣工程-台積電-湳坑料場,8.0,99.4,308,新竹縣寶山鄉,新竹縣寶山鄉大雅一街110號-會分散擺放-湳坑料場,1,RT202500007807,,1.0,24.762525,120.990289,1660,W2,691,Hsinchu,PZ,2,16.0,9
5A-平鎮倉,77012 達欣工程-台積電-環北料場,8.0,100.6,308,新竹縣寶山鄉,新竹縣寶山鄉大雅一街110號-會分散擺放-環北料場,1,RT202500007808,,1.0,24.769023,120.993325,1660,W2,692,Hsinchu,PZ,2,16.0,9
5A-平鎮倉,77012 達欣工程-台積電-環北料場,8.0,100.6,308,新竹縣寶山鄉,新竹縣寶山鄉大雅一街110號-會分散擺放-環北料場,1,RT202500007808,,1.0,24.769023,120.993325,1660,W2,693,Hsinchu,PZ,2,16.0,9
5A-平鎮倉,77015 達欣工程-台積電-雙園料場,8.0,101.4,308,新竹縣寶山鄉,新竹縣寶山鄉大雅一街110號-會分散擺放-雙園料場,1,RT202500007812,,1.0,24.767645,120.997675,1660,W2,694,Hsinchu,PZ,2,16.0,9
5A-平鎮倉,77015 達欣工程-台積電-雙園料場,8.0,101.4,308,新竹縣寶山鄉,新竹縣寶山鄉大雅一街110號-會分散擺放-雙園料場,1,RT202500007812,,1.0,24.767645,120.997675,1660,W2,695,Hsinchu,PZ,2,16.0,9
5A-平鎮倉,77742 玄通營造-寶山鄉雙龍段,8.0,104.3,308,新竹縣寶山鄉,新竹縣寶山鄉大雅路二段近啟德廠-雙龍段296號-電聯定位,1,RT20250000011284,,1.0,24.759969,121.002558,1660,W2,696,Hsinchu,PZ,2,16.0,9
5A-平鎮倉,77742 玄通營造-寶山鄉雙龍段,8.0,104.3,308,新竹縣寶山鄉,新竹縣寶山鄉大雅路二段近啟德廠-雙龍段296號-電聯定位,1,RT20250000011284,,1.0,24.759969,121.002558,1660,W2,697,Hsinchu,PZ,2,16.0,9
5A-平鎮倉,76879 達欣工程-台積電-雙龍料場,8.0,105.8,308,新竹縣寶山鄉,新竹縣寶山鄉大雅一街110號-會分散擺放-雙龍料廠,1,RT202500007219,,1.0,24.753347,121.002864,1660,W2,698,Hsinchu,PZ,2,16.0,9
5A-平鎮倉,76879 達欣工程-台積電-雙龍料場,8.0,105.8,308,新竹縣寶山鄉,新竹縣寶山鄉大雅一街110號-會分散擺放-雙龍料廠,1,RT202500007219,,1.0,24.753347,121.002864,1660,W2,699,Hsinchu,PZ,2,16.0,9
5A-平鎮倉,74638 晉煌營造-南港,8.0,55.76,115,臺北市南港區,臺北市南港區東新街3號對面工地,1,RT20250000011787,1.0,,25.048827,121.584405,1365,W1,700,Taipei,WG,1,8.0,8
5A-平鎮倉,70186 同心-南港玉成,8.0,56.28,115,臺北市南港區,臺北市南港區東新街77巷7號旁,1,RT20250000012580,1.0,,25.047216,121.588402,1365,W1,701,Taipei,WG,1,8.0,8
5A-平鎮倉,70186 同心-南港玉成,8.0,56.28,115,臺北市南港區,臺北市南港區東新街77巷7號旁,1,RT20250000012580,1.0,,25.047216,121.588402,1365,W1,702,Taipei,WG,1,8.0,8
5A-平鎮倉,73893 宏展開發-南港,8.0,57.12,115,臺北市南港區,臺北市南港區成福路121巷23號,1,RT202500008306,1.0,,25.042611,121.588333,1365,W1,703,Taipei,WG,1,8.0,8
5A-平鎮倉,59739 統營營造股份有限公司,8.0,58.55,115,臺北市南港區,臺北市南港區市民大道７段與玉成街交岔口,1,RT20250000013239,1.0,,25.049077,121.582273,1365,W1,704,Taipei,WG,1,8.0,8
5A-平鎮倉,59739 統營營造股份有限公司,8.0,58.55,115,臺北市南港區,臺北市南港區市民大道７段與玉成街交岔口,1,RT20250000013239,1.0,,25.049077,121.582273,1365,W1,705,Taipei,WG,1,8.0,8
5A-平鎮倉,59739 統營營造股份有限公司,8.0,58.55,115,臺北市南港區,臺北市南港區市民大道７段與玉成街交岔口,1,RT20250000013239,1.0,,25.049077,121.582273,1365,W1,706,Taipei,WG,1,8.0,8
5A-平鎮倉,59739 統營營造股份有限公司,7.0,58.57,115,臺北市南港區,臺北市南港區市民大道７段與玉成街交岔口,-2,RT20250000013238,1.0,,25.048775,121.582539,1365,W1,707,Taipei,WG,1,7.0,8
5A-平鎮倉,71850 松肯營造工程有限公司,8.0,58.59,115,臺北市南港區,臺北市南港區市民大道七段39號對面工地,1,RT20250000012066,1.0,,25.049286,121.582634,1365,W1,708,Taipei,WG,1,8.0,8
5A-平鎮倉,71114 安固營造-光復北路,8.0,62.73,105,臺北市松山區,臺北市松山區光復北路120巷9號旁,1,RT202500005208,,1.0,25.051089,121.557075,1340,W2,709,Taipei,WG,2,16.0,8
5A-平鎮倉,77591 和遠營造-文山區,8.0,69.84,116,臺北市文山區,臺北市文山區辛亥路四段21巷-上去左手邊工地,1,RT20250000010579,1.0,,25.008825,121.558825,1355,W1,710,Taipei,WG,1,8.0,1
5A-平鎮倉,73960 穩曜營造-文山,8.0,71.9,116,臺北市文山區,臺北市文山區興隆路二段96巷39號,1,RT202400009470,1.0,,24.998961,121.550319,1355,W1,711,Taipei,WG,1,8.0,1
5A-平鎮倉,68939 萬松-富品靜心,8.0,72.43,116,臺北市文山區,臺北市文山區景美街171號,1,RT202500005960,1.0,,24.997816,121.547855,1355,W1,712,Taipei,WG,1,8.0,1
5A-平鎮倉,68939 萬松-富品靜心,19.0,72.43,116,臺北市文山區,臺北市文山區景華街171號,4,RT202500007113,1.0,,24.997819,121.547855,1355,W1,713,Taipei,WG,1,19.0,1
5A-平鎮倉,68939 萬松-富品靜心,19.0,72.43,116,臺北市文山區,臺北市文山區景華街171號-8F,8,RT20250000010415,1.0,,24.9978,121.547855,1355,W1,714,Taipei,WG,1,19.0,1
5A-平鎮倉,68939 萬松-富品靜心,8.0,72.44,116,臺北市文山區,臺北市文山區景華街171號,1,RT202500002856,1.0,,24.997752,121.547827,1355,W1,715,Taipei,WG,1,8.0,1
5A-平鎮倉,77611 怡富開發-怡富景?,8.0,73.38,116,臺北市文山區,臺北市文山區景美街5巷23號,1,RT20250000012825,1.0,,24.993147,121.54235,1355,W1,716,Taipei,WG,1,8.0,1
5A-平鎮倉,75400 忠明-木柵A1,8.0,76.4,116,臺北市文山區,臺北市文山區木柵路2段200號旁,1,RT202500008619,1.0,,24.988911,121.562339,1355,W1,717,Taipei,WG,1,8.0,1
5A-平鎮倉,75400 忠明-木柵A1,8.0,76.4,116,臺北市文山區,臺北市文山區木柵路2段200號旁,1,RT202500008619,1.0,,24.988911,121.562339,1355,W1,718,Taipei,WG,1,8.0,1
5A-平鎮倉,75400 忠明-木柵A1,8.0,76.4,116,臺北市文山區,臺北市文山區木柵路2段200號旁,1,RT202500008619,1.0,,24.988911,121.562339,1355,W1,719,Taipei,WG,1,8.0,1
5A-平鎮倉,75400 忠明-木柵A1,8.0,76.41,116,臺北市文山區,臺北市文山區木柵路2段200號旁-木柵A1,1,RT20250000011709,1.0,,24.988816,121.562397,1355,W1,720,Taipei,WG,1,8.0,1
5A-平鎮倉,75400 忠明-木柵A1,8.0,76.41,116,臺北市文山區,臺北市文山區木柵路2段200號旁-木柵A1,1,RT20250000011709,1.0,,24.988816,121.562397,1355,W1,721,Taipei,WG,1,8.0,1
5A-平鎮倉,58587 新亞建設-I基地,8.0,76.74,116,臺北市文山區,臺北市文山區興隆路４段109巷工地-電聯定位,1,RT20250000013578,,1.0,24.987186,121.561656,1355,W2,722,Taipei,WG,2,16.0,1
5A-平鎮倉,58587 新亞建設-I基地,8.0,76.74,116,臺北市文山區,臺北市文山區興隆路４段109巷工地-電聯定位,1,RT20250000013578,,1.0,24.987186,121.561656,1355,W2,723,Taipei,WG,2,16.0,1
5A-平鎮倉,58587 新亞建設-I基地,8.0,76.74,116,臺北市文山區,臺北市文山區興隆路４段109巷工地-電聯定位,1,RT20250000013578,,1.0,24.987186,121.561656,1355,W2,724,Taipei,WG,2,16.0,1
5A-平鎮倉,75400 忠明-木柵A1,8.0,77.29,116,臺北市文山區,臺北市文山區木柵路2段200號旁-木柵A1,1,RT202500001240,1.0,,24.988389,121.562458,1355,W1,725,Taipei,WG,1,8.0,1
5A-平鎮倉,77828 大信營造-木柵段一小段919-1,8.0,77.64,116,臺北市文山區,臺北市文山區久康街45號,1,RT20250000011540,1.0,,24.989222,121.565231,1355,W1,726,Taipei,WG,1,8.0,1
5A-平鎮倉,73401 永琪營造-象山,8.0,77.91,116,臺北市文山區,臺北市文山區木柵路三段43號,1,RT202400007151,1.0,,24.988483,121.565972,1355,W1,727,Taipei,WG,1,8.0,1
5A-平鎮倉,75108 大業工程-文山,20.0,79.33,116,臺北市文山區,臺北市文山區秀明路二段163巷工地,9,RT20250000013546,1.0,,24.990791,121.57762,1355,W1,728,Taipei,WG,1,20.0,4
5A-平鎮倉,75108 大業工程-文山,14.0,79.33,116,臺北市文山區,臺北市文山區秀明路二段163巷工地,5,RT20250000013546,1.0,,24.990791,121.57762,1355,W1,729,Taipei,WG,1,14.0,1
5A-平鎮倉,75108 大業工程-文山,8.0,79.33,116,臺北市文山區,臺北市文山區秀明路二段163巷工地,1,RT20250000013546,1.0,,24.990791,121.57762,1355,W1,730,Taipei,WG,1,8.0,1
5A-平鎮倉,69072 寬洋營造-文山,8.0,80.97,116,臺北市文山區,臺北市文山區政大二街129號旁小公園,1,RT20250000013056,1.0,,24.988533,121.584247,1355,W1,731,Taipei,WG,1,8.0,4
5A-平鎮倉,73887 亞福工程-文山,8.0,82.14,116,臺北市文山區,臺北市文山區萬壽路75巷口,1,RT202500009329,1.0,,24.984883,121.588269,1355,W1,732,Taipei,WG,1,8.0,4
5A-平鎮倉,70605 林祈聰,8.0,21.68,334,桃園市八德區,桃園市桃園區(近八德)國際路一段950巷-電聯帶定位,1,RT20250000011156,1.0,,24.983084,121.292686,1425,W1,733,Taiwan,PZ,1,8.0,10
5A-平鎮倉,76471 德億營造-茄明二期,8.0,24.26,334,桃園市八德區,桃園市八德區茄苳路79號對面,1,RT202500005346,1.0,,24.984583,121.280867,1425,W1,734,Taiwan,PZ,1,8.0,10
5A-平鎮倉,73659 德億營造-億邸,24.0,24.49,334,桃園市八德區,桃園市八德區中華路77號-18F,18,RT20250000010586,1.0,,24.985275,121.2811,1425,W1,735,Taiwan,PZ,1,24.0,10
5A-平鎮倉,73659 德億營造-億邸,8.0,24.49,334,桃園市八德區,桃園市八德區中華路77號,1,RT202400008171,1.0,,24.985236,121.281136,1425,W1,736,Taiwan,PZ,1,8.0,10
5A-平鎮倉,73659 德億營造-億邸,8.0,24.66,334,桃園市八德區,桃園市八德區中華路77號,1,RT202400008207,1.0,,24.985369,121.281323,1425,W1,737,Taiwan,PZ,1,8.0,10
5A-平鎮倉,73659 德億營造-億邸,24.0,24.67,334,桃園市八德區,桃園市八德區中華路77號,6,RT202500005132,1.0,,24.985247,121.281356,1425,W1,738,Taiwan,PZ,1,24.0,10
5A-平鎮倉,73659 德億營造-億邸,24.0,24.67,334,桃園市八德區,桃園市八德區中華路77號,12,RT202500005132,1.0,,24.985247,121.281356,1425,W1,739,Taiwan,PZ,1,24.0,10
5A-平鎮倉,76471 德億營造-茄明二期,8.0,24.88,334,桃園市八德區,桃園市八德區茄苳路79號對面-追加,1,RT20250000012873,1.0,,24.98435,121.281017,1425,W1,740,Taiwan,PZ,1,8.0,10
5A-平鎮倉,76471 德億營造-茄明二期,8.0,24.88,334,桃園市八德區,桃園市八德區茄苳路79號對面-追加,1,RT20250000012873,1.0,,24.98435,121.281017,1425,W1,741,Taiwan,PZ,1,8.0,10
5A-平鎮倉,76131 昕和建設-國強十三街,8.0,26.14,334,桃園市八德區,桃園市桃園區(近八德)國強十三街30號,1,RT202500003766,1.0,,24.992716,121.277006,1425,W1,742,Taiwan,PZ,1,8.0,10
5A-平鎮倉,72224 灣比岱環境工程有限公司,8.0,30.12,334,桃園市八德區,桃園市八德區東泰街(茄苳里埤塘公園)寶豐街,1,RT2025000191,,1.0,24.966831,121.272861,1425,W2,743,Taiwan,PZ,2,16.0,10
5A-平鎮倉,75868 皇林工程-茄苳埤塘,8.0,30.5,334,桃園市八德區,桃園市八德區東泰街283號283-15號前廣場,1,RT202500002599,,1.0,24.963706,121.272606,1425,W2,744,Taiwan,PZ,2,16.0,10
5A-平鎮倉,73583 晴邑建設-八德廣興段,26.0,32.23,334,桃園市八德區,桃園市八德區永豐南路28號旁工地,6,RT202500003151,1.0,,24.958394,121.27967,1425,W1,745,Taiwan,PZ,1,26.0,10
5A-平鎮倉,73583 晴邑建設八德廣興段,8.0,32.26,334,桃園市八德區,桃園市八德區永豐南路28號旁工地,1,RT20240000010416,1.0,,24.958617,121.279864,1425,W1,746,Taiwan,PZ,1,8.0,10
5A-平鎮倉,73583 晴邑建設八德廣興段,8.0,32.35,334,桃園市八德區,桃園市八德區永豐南路28號旁工地,1,RT202400007905,1.0,,24.958036,121.279625,1425,W1,747,Taiwan,PZ,1,8.0,10
5A-平鎮倉,74730 鼎賦建設-八德,8.0,34.97,334,桃園市八德區,桃園市八德區新興路1038巷30號旁,1,RT20240000012920,1.0,,24.942305,121.274914,1425,W1,748,Taiwan,PZ,1,8.0,10
5A-平鎮倉,74730 鼎賦建設-八德,8.0,35.0,334,桃園市八德區,桃園市八德區新興路1038巷30號旁,1,RT202500006318,1.0,,24.942569,121.275164,1425,W1,749,Taiwan,PZ,1,8.0,10
5A-平鎮倉,74730 鼎賦建設-八德,8.0,35.0,334,桃園市八德區,桃園市八德區新興路1038巷30號旁,1,RT202500006318,1.0,,24.942569,121.275164,1425,W1,750,Taiwan,PZ,1,8.0,10
5A-平鎮倉,73402 睿澤事業-八德,8.0,35.72,334,桃園市八德區,桃園市八德區新興路881巷20號,1,RT20240000011022,1.0,,24.943805,121.279578,1425,W1,751,Taiwan,PZ,1,8.0,10
5A-平鎮倉,73402 睿澤事業-八德,8.0,35.73,334,桃園市八德區,桃園市八德區新興路881巷20號,1,RT202400007152,1.0,,24.943797,121.279723,1425,W1,752,Taiwan,PZ,1,8.0,10
5A-平鎮倉,60765 大陸工程-G02,8.0,37.81,334,桃園市八德區,桃園市八德區豐田路(附座標+照片定位),1,RT20240000014510,,1.0,24.937205,121.289355,1425,W2,753,Taiwan,PZ,2,16.0,10
5A-平鎮倉,56955 大陸工程,8.0,38.09,334,桃園市八德區,桃園市八德區建國路270號(捷運工程工地)-電聯定位,1,RT20240000014522,,1.0,24.937344,121.28833,1425,W2,754,Taiwan,PZ,2,16.0,10
5A-平鎮倉,76908 寬和營造-呂學彰,8.0,38.41,334,桃園市八德區,桃園市八德區仁德五路27號,1,RT202500007372,1.0,,24.935122,121.28895,1425,W1,755,Taiwan,PZ,1,8.0,10
5A-平鎮倉,76066 匯發營造-八德區建國路,8.0,38.67,334,桃園市八德區,桃園市八德區建國路165號旁,1,RT202500003327,1.0,,24.934119,121.287086,1425,W1,756,Taiwan,PZ,1,8.0,10
5A-平鎮倉,76066 匯發營造-八德區建國路,8.0,38.67,334,桃園市八德區,桃園市八德區建國路165號旁,1,RT202500003327,1.0,,24.934119,121.287086,1425,W1,757,Taiwan,PZ,1,8.0,10
5A-平鎮倉,76066 匯發營造-八德區建國路,8.0,38.67,334,桃園市八德區,桃園市八德區建國路165號旁,1,RT202500003327,1.0,,24.934119,121.287086,1425,W1,758,Taiwan,PZ,1,8.0,10
5A-平鎮倉,73061 森峰營造-興豐段,8.0,39.04,334,桃園市八德區,桃園市八德區建興街89號,1,RT20250000012826,1.0,,24.931906,121.287044,1425,W1,759,Taiwan,PZ,1,8.0,10
5A-平鎮倉,76756 呈豐營造-八德,8.0,39.19,334,桃園市八德區,桃園市八德區建興街58巷,1,RT202500006832,1.0,,24.931,121.28725,1425,W1,760,Taiwan,PZ,1,8.0,10
5A-平鎮倉,72340 年順工程-八德,8.0,40.11,334,桃園市八德區,桃園市八德區豐成街22號,1,RT20250000013243,1.0,,24.932111,121.292194,1425,W1,761,Taiwan,PZ,1,8.0,10
5A-平鎮倉,72340 年順工程-八德,8.0,40.11,334,桃園市八德區,桃園市八德區豐成街22號,1,RT20250000013243,1.0,,24.932111,121.292194,1425,W1,762,Taiwan,PZ,1,8.0,10
5A-平鎮倉,77986 尚冠建設-玖登春樹醴,8.0,41.2,334,桃園市八德區,桃園市八德區豐田三路&豐德二路交叉口,1,RT20250000012370,1.0,,24.92845,121.285719,1425,W1,763,Taiwan,PZ,1,8.0,10
5A-平鎮倉,78086 順業營造-福興段524地號,8.0,42.24,334,桃園市八德區,桃園市八德區建國路65號對面-福興段524地號,1,RT20250000012817,1.0,,24.932259,121.285464,1425,W1,764,Taiwan,PZ,1,8.0,10
5A-平鎮倉,68171 又廣-八德,8.0,42.44,334,桃園市八德區,桃園市八德區廣興路132巷30弄15號,1,RT202500004822,1.0,,24.933639,121.285472,1425,W1,765,Taiwan,PZ,1,8.0,10
5A-平鎮倉,68171 又廣-八德,8.0,42.53,334,桃園市八德區,桃園市八德區廣興路132巷30弄15號,1,RT202500004824,1.0,,24.93373,121.284752,1425,W1,766,Taiwan,PZ,1,8.0,10
5A-平鎮倉,68171 又廣-八德,8.0,42.53,334,桃園市八德區,桃園市八德區廣興路132巷30弄15號,1,RT202500004824,1.0,,24.93373,121.284752,1425,W1,767,Taiwan,PZ,1,8.0,10
5A-平鎮倉,70688 福鄉-福興段,8.0,42.77,334,桃園市八德區,桃園市八德區廣興五街15號,1,RT202500002999,1.0,,24.935305,121.284083,1425,W1,768,Taiwan,PZ,1,8.0,10
5A-平鎮倉,61452 大陸工程,8.0,43.51,334,桃園市八德區,桃園市八德區建德路&中正一路交叉街口,1,RT20240000014508,,1.0,24.936083,121.281056,1425,W2,769,Taiwan,PZ,2,16.0,10
5A-平鎮倉,76240 皇林工程-溪濱公園,8.0,43.51,334,桃園市八德區,桃園市八德區仁德路95巷89弄42號附近-溪濱公園,1,RT202500004146,,1.0,24.936089,121.281025,1425,W2,770,Taiwan,PZ,2,16.0,10
5A-平鎮倉,77739 福鄉營造-八德區建德路,8.0,43.89,334,桃園市八德區,桃園市八德區建德路277號旁工地,1,RT20250000011278,1.0,,24.932636,121.280903,1425,W1,771,Taiwan,PZ,1,8.0,10
5A-平鎮倉,53574 大陸工程-八德區,8.0,43.99,334,桃園市八德區,桃園市八德區建德路興豐路路口-電聯定位,1,RT20240000014497,,1.0,24.931945,121.281084,1425,W2,772,Taiwan,PZ,2,16.0,10
5A-平鎮倉,53574 大陸工程-八德區,8.0,44.32,334,桃園市八德區,桃園市八德區建德路興豐路路口-電聯定位,1,RT20240000014496,,1.0,24.929167,121.280778,1425,W2,773,Taiwan,PZ,2,16.0,10
5A-平鎮倉,57347 大陸工程,8.0,44.57,334,桃園市八德區,桃園市八德區廣興路316巷2號附近(捷運工程工地)-電聯定位,1,RT20240000014523,,1.0,24.929889,121.280028,1425,W2,774,Taiwan,PZ,2,16.0,10
5A-平鎮倉,66302 長宏貨運-八德,8.0,45.75,334,桃園市八德區,桃園市八德區長興路忠孝巷32號,1,RT202500007921,1.0,,24.934764,121.275275,1425,W1,775,Taiwan,PZ,1,8.0,10
5A-平鎮倉,75797 宇崧工程-八德,8.0,46.76,334,桃園市八德區,桃園市八德區長興路493巷150號旁,1,RT202500005797,1.0,,24.929417,121.269434,1425,W1,776,Taiwan,PZ,1,8.0,10
5A-平鎮倉,75797 宇崧工程-八德,8.0,46.93,334,桃園市八德區,桃園市八德區長興路493巷150號旁,1,RT202500002261,1.0,,24.929084,121.270395,1425,W1,777,Taiwan,PZ,1,8.0,10
5A-平鎮倉,75797 宇崧工程-八德,8.0,46.93,334,桃園市八德區,桃園市八德區長興路493巷150號旁,1,RT202500002261,1.0,,24.929084,121.270395,1425,W1,778,Taiwan,PZ,1,8.0,10
5A-平鎮倉,76272 信益建築-八德竹園段,8.0,48.12,334,桃園市八德區,桃園市八德區新興路1472巷旁,1,RT202500004228,1.0,,24.934019,121.265289,1425,W1,779,Taiwan,PZ,1,8.0,10
5A-平鎮倉,77483 海喬建設-八德區山下街,8.0,48.55,334,桃園市八德區,桃園市八德區山下街50巷內,1,RT20250000010079,1.0,,24.934908,121.265289,1425,W1,780,Taiwan,PZ,1,8.0,10
5A-平鎮倉,73588 富峰建設-新霄裡,8.0,49.6,334,桃園市八德區,桃園市八德區霄裡路412號旁,1,RT20250000012331,1.0,,24.927761,121.260919,1425,W1,781,Taiwan,PZ,1,8.0,6
5A-平鎮倉,73588 富峰建設-新霄裡,8.0,49.64,334,桃園市八德區,桃園市八德區霄裡路412號旁,1,RT202400007910,1.0,,24.927759000000002,121.260731,1425,W1,782,Taiwan,PZ,1,8.0,6
5A-平鎮倉,77297 日鼎營造-八德區,8.0,51.66,334,桃園市八德區,桃園市八德區新生路300號旁工地,1,RT202500009213,1.0,,24.927298,121.25945,1425,W1,783,Taiwan,PZ,1,8.0,6
5A-平鎮倉,77475 光合建設-銜接#75183 合誠營造,8.0,10.3,324,桃園市平鎮區,桃園市平鎮區廣達街32號旁,1,RT20250000010060,1.0,,24.953439,121.209253,1435,W1,784,Taiwan,PZ,1,8.0,2
5A-平鎮倉,70148 桃園市平鎮區廣興里辦公處,8.0,10.7,324,桃園市平鎮區,桃園市平鎮區廣東路13號,1,RT202500002008,1.0,,24.955283,121.211672,1435,W1,785,Taiwan,PZ,1,8.0,2
5A-平鎮倉,78390 將泰營造-平鎮,8.0,11.2,324,桃園市平鎮區,桃園市平鎮區環南路35巷23-31號,1,RT20250000014049,1.0,,24.956222,121.20775,1435,W1,786,Taiwan,PZ,1,8.0,2
5A-平鎮倉,69806 建睿-平鎮,8.0,11.8,324,桃園市平鎮區,桃園市平鎮區廣德街45號,1,RT20250000012077,1.0,,24.955792,121.205011,1435,W1,787,Taiwan,PZ,1,8.0,2
5A-平鎮倉,77580 工展營造-復旦國小,8.0,12.2,324,桃園市平鎮區,桃園市平鎮區廣平街1號-復旦國小,1,RT20250000010539,1.0,,24.954881,121.207675,1435,W1,788,Taiwan,PZ,1,8.0,2
5A-平鎮倉,77789 雋益開發-廣東段,8.0,13.1,324,桃園市平鎮區,桃園市平鎮區育達路10號,1,RT20250000011440,1.0,,24.951922,121.213528,1435,W1,789,Taiwan,PZ,1,8.0,2
5A-平鎮倉,77756 興億營造-忠孝路,8.0,13.3,324,桃園市平鎮區,桃園市平鎮區忠孝路195巷3號旁,1,RT20250000011335,1.0,,24.952028,121.212306,1435,W1,790,Taiwan,PZ,1,8.0,2
5A-平鎮倉,74295 松幸建設-平鎮,8.0,13.9,324,桃園市平鎮區,桃園市平鎮區延平路二段21巷旁,1,RT20240000010806,1.0,,24.950167,121.214019,1435,W1,791,Taiwan,PZ,1,8.0,2
5A-平鎮倉,73632 世久營造-CJ18標,8.0,14.8,324,桃園市平鎮區,桃園市平鎮區新富里近平鎮棒球場-附座標CJ18,1,RT202400008056,1.0,,24.947277,121.218109,1435,W1,792,Taiwan,PZ,1,8.0,6
5A-平鎮倉,69924 世久營造-CJ18標,8.0,15.8,324,桃園市平鎮區,桃園市平鎮區中豐路79巷16號附近,1,RT2024000653,1.0,,24.948686,121.21952,1435,W1,793,Taiwan,PZ,1,8.0,2
5A-平鎮倉,76609 世久營造-CJ18標,8.0,15.8,324,桃園市平鎮區,桃園市平鎮區承德路2號-711成德門市正對面-CJ18標,1,RT202500005946,1.0,,24.948686,121.21952,1435,W1,794,Taiwan,PZ,1,8.0,2
5A-平鎮倉,77005 農騰土木-平鎮區,8.0,18.0,324,桃園市平鎮區,桃園市平鎮區關爺西路38巷18弄17號,1,RT20250000013010,1.0,,24.930356,121.216558,1435,W1,795,Taiwan,PZ,1,8.0,6
5A-平鎮倉,75829 勇泉建設-龍潭,8.0,18.9,324,桃園市平鎮區,桃園市平鎮區大勇街孝順巷36號,1,RT202500002409,1.0,,24.92975,121.223845,1435,W1,796,Taiwan,PZ,1,8.0,6
5A-平鎮倉,75998 睿騏營造-平鎮,8.0,20.2,324,桃園市平鎮區,桃園市平鎮區興埔路275號,1,RT202500003065,1.0,,24.935161,121.218289,1435,W1,797,Taiwan,PZ,1,8.0,6
5A-平鎮倉,77699 佳晟-環南路,8.0,21.0,324,桃園市平鎮區,桃園市平鎮區環南路三段35號,1,RT20250000011136,1.0,,24.94023,121.217211,1435,W1,798,Taiwan,PZ,1,8.0,6
5A-平鎮倉,71813 智原有限公司,8.0,22.2,324,桃園市平鎮區,桃園市平鎮區金陵路二段268號,1,RT20250000013058,1.0,,24.937286,121.224259,1435,W1,799,Taiwan,PZ,1,8.0,6
5A-平鎮倉,75471 峻崴營造-游泳路,8.0,23.4,324,桃園市平鎮區,桃園市平鎮區游泳路120巷123號對面,1,RT2025000906,1.0,,24.93155,121.231639,1435,W1,800,Taiwan,PZ,1,8.0,6
5A-平鎮倉,76814 壬申-?恩市民中心,8.0,24.6,324,桃園市平鎮區,桃園市平鎮區游泳路&龍慈路口-陸軍體育館,1,RT202500007010,1.0,,24.928789,121.23543,1435,W1,801,Taiwan,PZ,1,8.0,6
5A-平鎮倉,76814 壬申-?恩市民中心,8.0,24.6,324,桃園市平鎮區,桃園市平鎮區游泳路&龍慈路口-陸軍體育館,1,RT202500007010,1.0,,24.928789,121.23543,1435,W1,802,Taiwan,PZ,1,8.0,6
5A-平鎮倉,76355 合創工程-曾宅工程,8.0,26.6,324,桃園市平鎮區,桃園市平鎮區建安路239巷187號,1,RT20250000011922,1.0,,24.919345,121.234039,1435,W1,803,Taiwan,PZ,1,8.0,6
5A-平鎮倉,77060 禾溢建設有限公司,8.0,27.4,324,桃園市平鎮區,桃園市平鎮區建安路112巷95號對面,1,RT20250000012833,1.0,,24.916314,121.235391,1435,W1,804,Taiwan,PZ,1,8.0,6
5A-平鎮倉,77060 禾溢建設有限公司,8.0,27.4,324,桃園市平鎮區,桃園市平鎮區建安路112巷95號對面,1,RT202500007991,1.0,,24.916175,121.235636,1435,W1,805,Taiwan,PZ,1,8.0,6
5A-平鎮倉,77500 鄭自紅,8.0,31.0,324,桃園市平鎮區,桃園市平鎮區南京路12巷75號,1,RT20250000010121,1.0,,24.918864,121.210231,1435,W1,806,Taiwan,PZ,1,8.0,6
5A-平鎮倉,74086 揚碩建設-三興段,8.0,32.3,324,桃園市平鎮區,桃園市平鎮區中豐路南勢二段355巷7弄17號對面,1,RT20250000012593,1.0,,24.910658,121.211956,1435,W1,807,Taiwan,PZ,1,8.0,6
5A-平鎮倉,78396 羅傑土木包-平鎮段1068-6地號,8.0,33.5,324,桃園市平鎮區,桃園市平鎮區開封街58號旁工地,1,RT20250000014062,1.0,,24.910031,121.204397,1435,W1,808,Taiwan,PZ,1,8.0,6
5A-平鎮倉,77519 富羿營造-開封街68號,8.0,33.6,324,桃園市平鎮區,桃園市平鎮區開封街68號工地,1,RT20250000010231,1.0,,24.91055,121.204147,1435,W1,809,Taiwan,PZ,1,8.0,6
5A-平鎮倉,75627 麒田營造-碩聯,8.0,34.2,324,桃園市平鎮區,桃園市平鎮區天津街151巷口,1,RT202500001585,1.0,,24.908494,121.208,1435,W1,810,Taiwan,PZ,1,8.0,6
5A-平鎮倉,66810 匯發-平鎮,8.0,34.6,324,桃園市平鎮區,桃園市平鎮區中豐路南勢２段460巷136號對面工地,1,RT20250000013313,1.0,,24.907636,121.205114,1435,W1,811,Taiwan,PZ,1,8.0,6
5A-平鎮倉,66810 匯發-平鎮,8.0,34.6,324,桃園市平鎮區,桃園市平鎮區中豐路南勢２段460巷136號對面工地,1,RT20250000013313,1.0,,24.907636,121.205114,1435,W1,812,Taiwan,PZ,1,8.0,6
5A-平鎮倉,76591 峻鴻營造-中豐路,8.0,35.0,324,桃園市平鎮區,桃園市平鎮區中豐路山頂段2號,1,RT202500005847,1.0,,24.905933,121.207714,1435,W1,813,Taiwan,PZ,1,8.0,6
5A-平鎮倉,76591 峻鴻營造-中豐路,8.0,35.0,324,桃園市平鎮區,桃園市平鎮區中豐路山頂段2號,1,RT202500005847,1.0,,24.905933,121.207714,1435,W1,814,Taiwan,PZ,1,8.0,6
5A-平鎮倉,77529 友騰景觀-山豐國小,8.0,36.9,324,桃園市平鎮區,桃園市平鎮區東豐路100巷巷底右轉-山豐國小旁,1,RT20250000010278,1.0,,24.897997,121.213433,1435,W1,815,Taiwan,PZ,1,8.0,6
5A-平鎮倉,75544 泰貿豐營造-平鎮,8.0,38.6,324,桃園市平鎮區,桃園市平鎮區工業一路8號,1,RT202500001276,1.0,,24.902872,121.205464,1435,W1,816,Taiwan,PZ,1,8.0,6
5A-平鎮倉,78079 三木營造有限公司,8.0,39.1,324,桃園市平鎮區,桃園市平鎮區南豐路261號-追加,1,RT20250000013051,1.0,,24.899827,121.204214,1435,W1,817,Taiwan,PZ,1,8.0,6
5A-平鎮倉,78079 三木營造有限公司,8.0,39.1,324,桃園市平鎮區,桃園市平鎮區南豐路261號,1,RT20250000012793,1.0,,24.8996,121.204469,1435,W1,818,Taiwan,PZ,1,8.0,6
5A-平鎮倉,77579 工展營造-祥安國小,8.0,40.1,324,桃園市平鎮區,桃園市平鎮區湧安路45號-祥安國小,1,RT20250000010538,1.0,,24.893525,121.202608,1435,W1,819,Taiwan,PZ,1,8.0,6
5A-平鎮倉,69133 達龍營造-平鎮工業區,8.0,41.5,324,桃園市平鎮區,桃園市平鎮區工業三路6號,1,RT20250000010781,1.0,,24.901814,121.200092,1435,W1,820,Taiwan,PZ,1,8.0,6
5A-平鎮倉,69133 達龍營造-平鎮工業區,8.0,41.6,324,桃園市平鎮區,桃園市平鎮區工業三路6號,1,RT20250000010780,1.0,,24.901919,121.200075,1435,W1,821,Taiwan,PZ,1,8.0,6
5A-平鎮倉,48291 東翊電股份有限公司,8.0,42.5,324,桃園市平鎮區,桃園市平鎮區南豐路550號,1,RT202500006733,1.0,,24.898355,121.195244,1435,W1,822,Taiwan,PZ,1,8.0,6
5A-平鎮倉,75379 峰裕營造-平鎮段,8.0,42.8,324,桃園市平鎮區,桃園市平鎮區中興路平鎮段475號,1,RT2025000416,1.0,,24.899225,121.193689,1435,W1,823,Taiwan,PZ,1,8.0,6
5A-平鎮倉,77126 官宏檳營造-平鎮區,8.0,44.1,324,桃園市平鎮區,桃園市平鎮區興隆路118號,1,RT202500008551,1.0,,24.902831,121.190425,1435,W1,824,Taiwan,PZ,1,8.0,5
5A-平鎮倉,75999 尚錡營造-彭素櫻停車場,8.0,48.6,324,桃園市平鎮區,桃園市平鎮區賦梅北路493號-停車場,1,RT20250000013717,1.0,,24.934608,121.193016,1435,W1,825,Taiwan,PZ,1,8.0,5
5A-平鎮倉,76060 巨穎建設-賦梅北路,8.0,49.2,324,桃園市平鎮區,桃園市平鎮區賦梅北路255之1號,1,RT202500003546,1.0,,24.938666,121.194616,1435,W1,826,Taiwan,PZ,1,8.0,9
5A-平鎮倉,77811 日全股份有限公司,8.0,50.1,324,桃園市平鎮區,桃園市平鎮區復旦路三段45號旁,1,RT20250000011507,1.0,,24.945208,121.198569,1435,W1,827,Taiwan,PZ,1,8.0,9
5A-平鎮倉,77811 日全股份有限公司,8.0,50.1,324,桃園市平鎮區,桃園市平鎮區復旦路三段45號旁,1,RT20250000011507,1.0,,24.945208,121.198569,1435,W1,828,Taiwan,PZ,1,8.0,9
5A-平鎮倉,77811 日全股份有限公司,8.0,50.1,324,桃園市平鎮區,桃園市平鎮區復旦路三段45號旁,1,RT20250000011507,1.0,,24.945208,121.198569,1435,W1,829,Taiwan,PZ,1,8.0,9
5A-平鎮倉,69924 世久營造-CJ18標,8.0,50.5,324,桃園市平鎮區,桃園市平鎮區新富一街11號對面-CJ18,1,RT202400001856,1.0,,24.945491,121.200408,1435,W1,830,Taiwan,PZ,1,8.0,9
5A-平鎮倉,71181 川佑盛建設有限公司,8.0,51.2,324,桃園市平鎮區,桃園市平鎮區廣泰路266號旁工地,1,RT20250000010350,1.0,,24.942708,121.203744,1435,W1,831,Taiwan,PZ,1,8.0,9
5A-平鎮倉,71181 川佑盛建設有限公司,8.0,51.2,324,桃園市平鎮區,桃園市平鎮區廣泰路266號旁工地,1,RT20250000012192,1.0,,24.942708,121.203744,1435,W1,832,Taiwan,PZ,1,8.0,9
5A-平鎮倉,74957 基利興營造-平鎮浸信會,8.0,51.4,324,桃園市平鎮區,桃園市平鎮區廣泰路303號,1,RT20240000013722,1.0,,24.942061,121.205519,1435,W1,833,Taiwan,PZ,1,8.0,6
5A-平鎮倉,76576 世久營造-CJ18標,8.0,52.6,324,桃園市平鎮區,桃園市平鎮區新富橋619號-附路線圖-CJ18標,1,RT202500005811,1.0,,24.938611,121.210083,1435,W1,834,Taiwan,PZ,1,8.0,6
5A-平鎮倉,71327 世久營造-CJ18標,8.0,52.6,324,桃園市平鎮區,桃園市平鎮區新光路3段150-3號-CJ18,1,RT20230000013906,1.0,,24.938491,121.210289,1435,W1,835,Taiwan,PZ,1,8.0,6
5A-平鎮倉,69924 世久營造-CJ18標,8.0,52.8,324,桃園市平鎮區,桃園市平鎮區大昌路57巷1號附近工地,1,RT2024000655,1.0,,24.939786,121.211269,1435,W1,836,Taiwan,PZ,1,8.0,6
5A-平鎮倉,77851 張昱翔,8.0,54.3,324,桃園市平鎮區,桃園市平鎮區新興路179巷29弄17號,1,RT20250000013853,1.0,,24.948541,121.208528,1435,W1,837,Taiwan,PZ,1,8.0,2
5A-平鎮倉,69924 世久營造-CJ18標,8.0,56.1,324,桃園市平鎮區,桃園市平鎮區新富四街&新富一街交叉口,1,RT20230000015611,1.0,,24.941977,121.213825,1435,W1,838,Taiwan,PZ,1,8.0,6
5A-平鎮倉,71326 世久營造-CJ18標,8.0,56.9,324,桃園市平鎮區,桃園市平鎮區新富街198號對面-CJ18,1,RT20230000013905,1.0,,24.940358,121.211986,1435,W1,839,Taiwan,PZ,1,8.0,6
5A-平鎮倉,76577 世久營造-CJ18標,8.0,58.5,324,桃園市平鎮區,"桃園市平鎮區新光路24°56'01.0""N 121°12'16.2""E-CJ18標",1,RT202500005813,1.0,,24.93378,121.204622,1435,W1,840,Taiwan,PZ,1,8.0,6
5A-平鎮倉,73657 世久營造-CJ18標,8.0,59.2,324,桃園市平鎮區,桃園市平鎮區新光路二段9巷72弄-附座標CJ18,1,RT202400008169,1.0,,24.935514,121.208086,1435,W1,841,Taiwan,PZ,1,8.0,6
5A-平鎮倉,76992 宏平工程-湖口營區,8.0,34.42,303,新竹縣湖口鄉,新竹縣湖口鄉湖口營區忠誠門-附座標,1,RT202500007757,1.0,,24.864811,121.063094,1540,W1,842,Hsinchu,PZ,1,8.0,11
5A-平鎮倉,76992 宏平工程-湖口營區,8.0,34.42,303,新竹縣湖口鄉,新竹縣湖口鄉湖口營區忠誠門-附座標,1,RT202500007757,1.0,,24.864811,121.063094,1540,W1,843,Hsinchu,PZ,1,8.0,11
5A-平鎮倉,69531 中鹿營造-工廠棟,8.0,41.46,303,新竹縣湖口鄉,新竹縣湖口鄉八德路一段&中山路一段交叉口,1,RT20250000012283,1.0,,24.881834,121.037514,1540,W1,844,Hsinchu,PZ,1,8.0,11
5A-平鎮倉,69531 中鹿營造-工廠棟,8.0,41.46,303,新竹縣湖口鄉,新竹縣湖口鄉八德路一段&中山路一段交叉口,1,RT20250000012283,1.0,,24.881834,121.037514,1540,W1,845,Hsinchu,PZ,1,8.0,11
5A-平鎮倉,69531 中鹿營造-工廠棟,8.0,41.46,303,新竹縣湖口鄉,新竹縣湖口鄉八德路一段&中山路一段交叉口,1,RT20250000012283,1.0,,24.881834,121.037514,1540,W1,846,Hsinchu,PZ,1,8.0,11
5A-平鎮倉,69531 中鹿營造-工廠棟,8.0,41.46,303,新竹縣湖口鄉,新竹縣湖口鄉八德路一段&中山路一段交叉口,1,RT20250000012283,1.0,,24.881834,121.037514,1540,W1,847,Hsinchu,PZ,1,8.0,11
5A-平鎮倉,69531 中鹿營造-工廠棟,8.0,41.46,303,新竹縣湖口鄉,新竹縣湖口鄉八德路一段&中山路一段交叉口,1,RT20250000012283,1.0,,24.881834,121.037514,1540,W1,848,Hsinchu,PZ,1,8.0,11
5A-平鎮倉,76992 宏平工程-湖口營區,8.0,43.27,303,新竹縣湖口鄉,新竹縣湖口鄉湖口營區忠誠門-附座標,1,RT202500007690,1.0,,24.875873,121.045733,1540,W1,849,Hsinchu,PZ,1,8.0,11
5A-平鎮倉,76992 宏平工程-湖口營區,8.0,43.27,303,新竹縣湖口鄉,新竹縣湖口鄉湖口營區忠誠門-附座標,1,RT202500007690,1.0,,24.875873,121.045733,1540,W1,850,Hsinchu,PZ,1,8.0,11
5A-平鎮倉,73606 暐順營造-光復路,8.0,44.9,303,新竹縣湖口鄉,新竹縣湖口鄉光復路15號-旺矽科技,1,RT20240000015159,1.0,,24.871909,121.03753,1540,W1,851,Hsinchu,PZ,1,8.0,11
5A-平鎮倉,73606 暐順營造-光復路,8.0,44.9,303,新竹縣湖口鄉,新竹縣湖口鄉光復路15號-旺矽科技,1,RT2025000240,1.0,,24.871909,121.03753,1540,W1,852,Hsinchu,PZ,1,8.0,11
5A-平鎮倉,67759 港洲-湖口營區,8.0,45.17,303,新竹縣湖口鄉,新竹縣湖口鄉勝利路2段350號(湖口營區),1,RT202400005873,,1.0,24.869556,121.036527,1540,W2,853,Hsinchu,PZ,2,16.0,11
5A-平鎮倉,67759 港洲-湖口營區,8.0,45.17,303,新竹縣湖口鄉,新竹縣湖口鄉勝利路2段350號(湖口營區),1,RT202400005873,,1.0,24.869556,121.036527,1540,W2,854,Hsinchu,PZ,2,16.0,11
5A-平鎮倉,67759 港洲-湖口營區,8.0,45.17,303,新竹縣湖口鄉,新竹縣湖口鄉勝利路2段350號(湖口營區),1,RT202400005873,,1.0,24.869556,121.036527,1540,W2,855,Hsinchu,PZ,2,16.0,11
5A-平鎮倉,67759 港洲-湖口營區,8.0,45.17,303,新竹縣湖口鄉,新竹縣湖口鄉勝利路2段350號(湖口營區),1,RT202400005873,,1.0,24.869556,121.036527,1540,W2,856,Hsinchu,PZ,2,16.0,11
5A-平鎮倉,67759 港洲-湖口營區,8.0,45.17,303,新竹縣湖口鄉,新竹縣湖口鄉勝利路2段350號(湖口營區),1,RT202400005873,,1.0,24.869556,121.036527,1540,W2,857,Hsinchu,PZ,2,16.0,11
5A-平鎮倉,67759 港洲-湖口營區,8.0,45.17,303,新竹縣湖口鄉,新竹縣湖口鄉勝利路2段350號(湖口營區),1,RT202400005873,,1.0,24.869556,121.036527,1540,W2,858,Hsinchu,PZ,2,16.0,11
5A-平鎮倉,67759 港洲-湖口營區,8.0,45.17,303,新竹縣湖口鄉,新竹縣湖口鄉勝利路2段350號(湖口營區),1,RT202400005873,,1.0,24.869556,121.036527,1540,W2,859,Hsinchu,PZ,2,16.0,11
5A-平鎮倉,67759 港洲-湖口營區,8.0,45.17,303,新竹縣湖口鄉,新竹縣湖口鄉勝利路2段350號(湖口營區),1,RT202400005873,,1.0,24.869556,121.036527,1540,W2,860,Hsinchu,PZ,2,16.0,11
5A-平鎮倉,67759 港洲-湖口營區,8.0,45.17,303,新竹縣湖口鄉,新竹縣湖口鄉勝利路2段350號(湖口營區),1,RT202400005873,,1.0,24.869556,121.036527,1540,W2,861,Hsinchu,PZ,2,16.0,11
5A-平鎮倉,67759 港洲-湖口營區,8.0,45.17,303,新竹縣湖口鄉,新竹縣湖口鄉勝利路2段350號(湖口營區),1,RT202400005873,,1.0,24.869556,121.036527,1540,W2,862,Hsinchu,PZ,2,16.0,11
5A-平鎮倉,67759 港洲-湖口營區,8.0,45.17,303,新竹縣湖口鄉,新竹縣湖口鄉勝利路2段350號(湖口營區),1,RT202400005873,,1.0,24.869556,121.036527,1540,W2,863,Hsinchu,PZ,2,16.0,11
5A-平鎮倉,67759 港洲-湖口營區,8.0,45.17,303,新竹縣湖口鄉,新竹縣湖口鄉勝利路2段350號(湖口營區),1,RT202400005873,,1.0,24.869556,121.036527,1540,W2,864,Hsinchu,PZ,2,16.0,11
5A-平鎮倉,67759 港洲-湖口營區,8.0,45.17,303,新竹縣湖口鄉,新竹縣湖口鄉勝利路2段350號(湖口營區),1,RT202400005873,,1.0,24.869556,121.036527,1540,W2,865,Hsinchu,PZ,2,16.0,11
5A-平鎮倉,75537 啟洋科技-湖口,8.0,46.26,303,新竹縣湖口鄉,新竹縣湖口鄉光復路12號,1,RT20250000013153,1.0,,24.871325,121.028492,1540,W1,866,Hsinchu,PZ,1,8.0,11
5A-平鎮倉,75537 啟洋科技-湖口,8.0,46.26,303,新竹縣湖口鄉,新竹縣湖口鄉光復路12號,1,RT20250000013153,1.0,,24.871325,121.028492,1540,W1,867,Hsinchu,PZ,1,8.0,11
5A-平鎮倉,72069 韋華-竹北,8.0,46.94,303,新竹縣湖口鄉,新竹縣湖口鄉蘭州四街48-1號,1,RT202500008110,1.0,,24.869548,121.02467,1540,W1,868,Hsinchu,PZ,1,8.0,11
5A-平鎮倉,77987 慶眾工程-辦公棟,8.0,48.34,303,新竹縣湖口鄉,新竹縣湖口鄉實踐路14號-湖口工業區,1,RT20250000012372,1.0,,24.866928,121.016322,1540,W1,869,Hsinchu,PZ,1,8.0,11
5A-平鎮倉,75766 皓鑫工程有限公司,8.0,50.24,303,新竹縣湖口鄉,新竹縣湖口鄉中華路1號旁,1,RT202500002143,1.0,,24.862175,121.002811,1540,W1,870,Hsinchu,PZ,1,8.0,11
5A-平鎮倉,75766 皓鑫工程有限公司,8.0,50.24,303,新竹縣湖口鄉,新竹縣湖口鄉中華路1號旁,1,RT202500002143,1.0,,24.862175,121.002811,1540,W1,871,Hsinchu,PZ,1,8.0,11
5A-平鎮倉,73708 建銘營造-湖口,8.0,50.29,303,新竹縣湖口鄉,新竹縣湖口鄉鳳工路1號隔壁,1,RT20250000012847,1.0,,24.862064,121.003325,1540,W1,872,Hsinchu,PZ,1,8.0,11
5A-平鎮倉,74928 富泰營造-奇鼎二期,8.0,50.65,303,新竹縣湖口鄉,新竹縣湖口鄉鳳工二街86號,1,RT20250000011962,1.0,,24.861622,121.000925,1540,W1,873,Hsinchu,PZ,1,8.0,11
5A-平鎮倉,77016 富泰-辛耘,8.0,51.85,303,新竹縣湖口鄉,新竹縣湖口鄉中華路14號-新竹客運正對面,1,RT202500007792,1.0,,24.869067,121.007719,1540,W1,874,Hsinchu,PZ,1,8.0,11
5A-平鎮倉,77247 富泰營造-和淞科技,8.0,53.1,303,新竹縣湖口鄉,新竹縣湖口鄉大同路21號,1,RT202500009216,1.0,,24.871509,121.00055,1540,W1,875,Hsinchu,PZ,1,8.0,11
5A-平鎮倉,77725 建銘營造-湖口鄉自強路,8.0,53.58,303,新竹縣湖口鄉,新竹縣湖口鄉自強路16號-近新豐火車站,1,RT20250000011264,1.0,,24.868528,120.997375,1540,W1,876,Hsinchu,PZ,1,8.0,11
5A-平鎮倉,68628 順泰營造-湖口,16.0,53.66,303,新竹縣湖口鄉,新竹縣湖口鄉大同路4號對面-6F,6,RT20250000012223,1.0,,24.868061,120.996811,1540,W1,877,Hsinchu,PZ,1,16.0,11
5A-平鎮倉,68628 順泰營造-湖口,16.0,53.66,303,新竹縣湖口鄉,新竹縣湖口鄉大同路4號對面-3F,3,RT20250000012224,1.0,,24.868061,120.996811,1540,W1,878,Hsinchu,PZ,1,16.0,11
5A-平鎮倉,68628 順泰營造-湖口,8.0,53.66,303,新竹縣湖口鄉,新竹縣湖口鄉大同路4號對面,1,RT20250000012226,1.0,,24.868061,120.996811,1540,W1,879,Hsinchu,PZ,1,8.0,11
5A-平鎮倉,68628 順泰營造-湖口,8.0,53.66,303,新竹縣湖口鄉,新竹縣湖口鄉大同路4號對面,1,RT20250000012226,1.0,,24.868061,120.996811,1540,W1,880,Hsinchu,PZ,1,8.0,11
5A-平鎮倉,68628 順泰營造-湖口,8.0,53.66,303,新竹縣湖口鄉,新竹縣湖口鄉大同路4號對面,1,RT20250000012226,1.0,,24.868061,120.996811,1540,W1,881,Hsinchu,PZ,1,8.0,11
5A-平鎮倉,78317 益昇系統科技-力成3E,8.0,53.75,303,新竹縣湖口鄉,新竹縣湖口鄉自強路16號,1,RT20250000013684,1.0,,24.868361,120.997594,1540,W1,882,Hsinchu,PZ,1,8.0,11
5A-平鎮倉,78317 益昇系統科技-力成3E,8.0,53.75,303,新竹縣湖口鄉,新竹縣湖口鄉自強路16號,1,RT20250000013684,1.0,,24.868361,120.997594,1540,W1,883,Hsinchu,PZ,1,8.0,11
5A-平鎮倉,68628 順泰營造-湖口,16.0,53.97,303,新竹縣湖口鄉,新竹縣湖口鄉大同路4號對面-9F,9,RT20250000012225,1.0,,24.868145,120.996191,1540,W1,884,Hsinchu,PZ,1,16.0,11
5A-平鎮倉,66775 世豐建設-湖口-1686地號,8.0,54.24,303,新竹縣湖口鄉,新竹縣湖口鄉三民一路87號,1,RT202500005066,1.0,,24.866311,120.995041,1540,W1,885,Hsinchu,PZ,1,8.0,11
5A-平鎮倉,77301 漲富工程-三民南路,8.0,54.45,303,新竹縣湖口鄉,新竹縣湖口鄉三民南路162號,1,RT202500009221,1.0,,24.865636,120.996605,1540,W1,886,Hsinchu,PZ,1,8.0,11
5A-平鎮倉,76466 豐達營造-士電重電廠,8.0,57.76,303,新竹縣湖口鄉,新竹縣湖口鄉中華路23號,1,RT202500005320,1.0,,24.873956,121.010297,1540,W1,887,Hsinchu,PZ,1,8.0,11
5A-平鎮倉,69707 富邦公寓-大三鴻貨櫃場,8.0,59.85,303,新竹縣湖口鄉,新竹縣湖口鄉大三鴻貨櫃場,1,RT20250000012601,1.0,,24.874403,121.021536,1540,W1,888,Hsinchu,PZ,1,8.0,11
5A-平鎮倉,73117 順鼎營造-新竹J050,8.0,61.33,303,新竹縣湖口鄉,新竹縣湖口鄉軍功路1號-584旅湖南營區,1,RT202400006017,1.0,,24.87695,121.033761,1540,W1,889,Hsinchu,PZ,1,8.0,11
5A-平鎮倉,73117 順鼎營造-新竹J050,8.0,61.33,303,新竹縣湖口鄉,新竹縣湖口鄉軍功路1號-584旅湖南營區,1,RT202400006017,1.0,,24.87695,121.033761,1540,W1,890,Hsinchu,PZ,1,8.0,11
5A-平鎮倉,73117 順鼎營造-新竹J050,8.0,61.33,303,新竹縣湖口鄉,新竹縣湖口鄉軍功路1號-584旅湖南營區,1,RT202400006017,1.0,,24.87695,121.033761,1540,W1,891,Hsinchu,PZ,1,8.0,11
5A-平鎮倉,74899 富泰營造-富士電子,8.0,61.94,303,新竹縣湖口鄉,新竹縣湖口鄉光復北路22號,1,RT202500002098,1.0,,24.874848,121.030861,1540,W1,892,Hsinchu,PZ,1,8.0,11
5A-平鎮倉,74899 富泰營造-富士電子,8.0,62.2,303,新竹縣湖口鄉,新竹縣湖口鄉光復北路22號,1,RT20240000013411,1.0,,24.87452,121.030348,1540,W1,893,Hsinchu,PZ,1,8.0,11
5A-平鎮倉,74899 富泰營造-富士電子,8.0,62.2,303,新竹縣湖口鄉,新竹縣湖口鄉光復北路22號,1,RT20240000013411,1.0,,24.87452,121.030348,1540,W1,894,Hsinchu,PZ,1,8.0,11
5A-平鎮倉,77926 建越科技工程-接#72676暐順,8.0,62.88,303,新竹縣湖口鄉,新竹縣湖口鄉光復北路11號,1,RT20250000011933,1.0,,24.875334,121.036983,1540,W1,895,Hsinchu,PZ,1,8.0,11
5A-平鎮倉,77926 建越科技工程-接#72676暐順,8.0,62.88,303,新竹縣湖口鄉,新竹縣湖口鄉光復北路11號,1,RT20250000011933,1.0,,24.875334,121.036983,1540,W1,896,Hsinchu,PZ,1,8.0,11
5A-平鎮倉,77926 建越科技工程-接#72676暐順,8.0,62.88,303,新竹縣湖口鄉,新竹縣湖口鄉光復北路11號,1,RT20250000011933,1.0,,24.875334,121.036983,1540,W1,897,Hsinchu,PZ,1,8.0,11
5A-平鎮倉,77926 建越科技工程-接#72676暐順,8.0,62.88,303,新竹縣湖口鄉,新竹縣湖口鄉光復北路11號,1,RT20250000011933,1.0,,24.875334,121.036983,1540,W1,898,Hsinchu,PZ,1,8.0,11
5A-平鎮倉,73606 暐順營造-光復路,8.0,63.56,303,新竹縣湖口鄉,新竹縣湖口鄉光復路15號,1,RT202400007974,1.0,,24.8724,121.0372,1540,W1,899,Hsinchu,PZ,1,8.0,11
5A-平鎮倉,73606 暐順營造-光復路,8.0,63.56,303,新竹縣湖口鄉,新竹縣湖口鄉光復路15號,1,RT202400007974,1.0,,24.8724,121.0372,1540,W1,900,Hsinchu,PZ,1,8.0,11
5A-平鎮倉,77632 華威營造-青溪段301,8.0,19.85,320,桃園市中壢區,桃園市中壢區永順一街60號,1,RT20250000010848,1.0,,25.011689,121.207686,1438,W1,901,Taiwan,PZ,1,8.0,2
5A-平鎮倉,70368 眾信營造-中壢,8.0,20.64,320,桃園市中壢區,桃園市中壢區公園路二段206號旁,1,RT20250000012784,1.0,,25.008522,121.204922,1438,W1,902,Taiwan,PZ,1,8.0,2
5A-平鎮倉,65057 璞承營造,8.0,21.35,320,桃園市中壢區,桃園市中壢區永裕路76號旁工地,1,RT20250000014047,,1.0,25.009056,121.200733,1438,W2,903,Taiwan,PZ,2,16.0,2
5A-平鎮倉,65057 璞承營造,8.0,21.35,320,桃園市中壢區,桃園市中壢區永裕路76號旁工地,1,RT20250000014047,,1.0,25.009056,121.200733,1438,W2,904,Taiwan,PZ,2,16.0,2
5A-平鎮倉,65057 璞承營造,8.0,21.35,320,桃園市中壢區,桃園市中壢區永裕路76號旁工地,1,RT20250000014047,,1.0,25.009056,121.200733,1438,W2,905,Taiwan,PZ,2,16.0,2
5A-平鎮倉,65057 璞承營造,8.0,21.35,320,桃園市中壢區,桃園市中壢區永裕路76號旁工地,1,RT20250000014047,,1.0,25.009056,121.200733,1438,W2,906,Taiwan,PZ,2,16.0,2
5A-平鎮倉,65057 璞承營造,8.0,21.35,320,桃園市中壢區,桃園市中壢區永裕路76號旁工地,1,RT20250000014047,,1.0,25.009056,121.200733,1438,W2,907,Taiwan,PZ,2,16.0,2
5A-平鎮倉,76566 豫德營造-民權路,8.0,21.66,320,桃園市中壢區,桃園市中壢區民權路四段535號旁,1,RT202500005776,1.0,,25.010358,121.202456,1438,W1,908,Taiwan,PZ,1,8.0,2
5A-平鎮倉,77347 晃茂營造股份有限公司,8.0,22.28,320,桃園市中壢區,桃園市中壢區永裕路131號旁-中悅HLV工地,1,RT202500009408,1.0,,25.008764,121.200739,1438,W1,909,Taiwan,PZ,1,8.0,2
5A-平鎮倉,77347 晃茂營造股份有限公司,8.0,22.28,320,桃園市中壢區,桃園市中壢區永裕路131號旁-中悅HLV工地,1,RT202500009408,1.0,,25.008764,121.200739,1438,W1,910,Taiwan,PZ,1,8.0,2
5A-平鎮倉,74347 漢曜建設-中壢,8.0,22.58,320,桃園市中壢區,桃園市中壢區永明街66號,1,RT20240000010993,1.0,,25.0108,121.201864,1438,W1,911,Taiwan,PZ,1,8.0,2
5A-平鎮倉,60294 宏昇營造-中壢,8.0,23.98,320,桃園市中壢區,桃園市中壢區文德路與高鐵南路二段交叉口-電聯定位,1,RT20250000013550,1.0,,25.003103,121.206689,1438,W1,912,Taiwan,PZ,1,8.0,2
5A-平鎮倉,60294 宏昇營造-中壢,8.0,23.98,320,桃園市中壢區,桃園市中壢區文德路與高鐵南路二段交叉口-電聯定位,1,RT20250000013550,1.0,,25.003103,121.206689,1438,W1,913,Taiwan,PZ,1,8.0,2
5A-平鎮倉,60294 宏昇營造-中壢,8.0,23.98,320,桃園市中壢區,桃園市中壢區文德路與高鐵南路二段交叉口-電聯定位,1,RT20250000013550,1.0,,25.003103,121.206689,1438,W1,914,Taiwan,PZ,1,8.0,2
5A-平鎮倉,60294 宏昇營造-中壢,8.0,23.98,320,桃園市中壢區,桃園市中壢區文德路與高鐵南路二段交叉口-電聯定位,1,RT20250000013550,1.0,,25.003103,121.206689,1438,W1,915,Taiwan,PZ,1,8.0,2
5A-平鎮倉,74219 世泓營造-中壢,8.0,24.42,320,桃園市中壢區,桃園市中壢區領航南路一段&文昌路交叉口,1,RT202500005788,1.0,,25.000958,121.209636,1438,W1,916,Taiwan,PZ,1,8.0,2
5A-平鎮倉,74219 世泓營造-中壢,8.0,24.44,320,桃園市中壢區,桃園市中壢區領航南路一段&文昌路交叉口,1,RT202500003818,1.0,,25.000911,121.209636,1438,W1,917,Taiwan,PZ,1,8.0,2
5A-平鎮倉,74219 世泓營造-中壢,8.0,24.44,320,桃園市中壢區,桃園市中壢區領航南路一段&文昌路交叉口,1,RT202500003818,1.0,,25.000911,121.209636,1438,W1,918,Taiwan,PZ,1,8.0,2
5A-平鎮倉,74219 世泓營造-中壢,8.0,24.44,320,桃園市中壢區,桃園市中壢區領航南路一段&文昌路交叉口,1,RT20240000010549,1.0,,25.000903,121.209567,1438,W1,919,Taiwan,PZ,1,8.0,2
5A-平鎮倉,76246 東殿-85地號,8.0,24.94,320,桃園市中壢區,桃園市中壢區文智路181號對面,1,RT202500004168,1.0,,25.0019,121.209592,1438,W1,920,Taiwan,PZ,1,8.0,2
5A-平鎮倉,77673 軒程工程有限公司,8.0,26.32,320,桃園市中壢區,桃園市中壢區青埔六街220號隔壁,1,RT20250000011027,1.0,,25.004983,121.220164,1438,W1,921,Taiwan,PZ,1,8.0,2
5A-平鎮倉,74353 詮達營造-青平段,8.0,26.63,320,桃園市中壢區,桃園市中壢區青埔七街&青埔八街交叉口,1,RT20250000010254,1.0,,25.004628,121.222653,1438,W1,922,Taiwan,PZ,1,8.0,2
5A-平鎮倉,69931 寶中建設-青埔八街,8.0,26.9,320,桃園市中壢區,桃園市中壢區青埔八街66號旁工地,1,RT202500007371,1.0,,25.004283,121.222003,1438,W1,923,Taiwan,PZ,1,8.0,2
5A-平鎮倉,69931 寶中建設-青埔八街,8.0,26.9,320,桃園市中壢區,桃園市中壢區青埔八街66號旁工地,1,RT202500007371,1.0,,25.004283,121.222003,1438,W1,924,Taiwan,PZ,1,8.0,2
5A-平鎮倉,74983 弘信土木-青埔,8.0,27.25,320,桃園市中壢區,桃園市中壢區青埔五街138號旁,1,RT20250000013237,1.0,,25.005658,121.223131,1438,W1,925,Taiwan,PZ,1,8.0,2
5A-平鎮倉,78008 峰達視聽-工地,8.0,27.59,320,桃園市中壢區,桃園市中壢區青埔四街220號附近,1,RT20250000012507,1.0,,25.006736,121.221359,1438,W1,926,Taiwan,PZ,1,8.0,2
5A-平鎮倉,77131 有嶼設計-青埔三街,8.0,27.82,320,桃園市中壢區,桃園市中壢區青埔三街85號旁工地,1,RT202500008557,1.0,,25.006011,121.219839,1438,W1,927,Taiwan,PZ,1,8.0,2
5A-平鎮倉,77751 寬和營造-賴宏叡,8.0,27.86,320,桃園市中壢區,桃園市中壢區青埔三街53號旁,1,RT20250000011306,1.0,,25.005722,121.219553,1438,W1,928,Taiwan,PZ,1,8.0,2
5A-平鎮倉,59794 華威營造,8.0,28.49,320,桃園市中壢區,桃園市中壢區領航南路２段與青埔路交岔口,1,RT202500007401,,1.0,25.007978,121.217006,1438,W2,929,Taiwan,PZ,2,16.0,2
5A-平鎮倉,59794 華威營造,8.0,28.49,320,桃園市中壢區,桃園市中壢區領航南路２段與青埔路交岔口,1,RT202500007401,,1.0,25.007978,121.217006,1438,W2,930,Taiwan,PZ,2,16.0,2
5A-平鎮倉,69935 正鋒水電,8.0,29.17,320,桃園市中壢區,桃園市大園區(中壢區)致維街&公園路一段路口,1,RT202500005663,,1.0,25.003614,121.213042,1438,W2,931,Taiwan,PZ,2,16.0,2
5A-平鎮倉,69935 正鋒水電,8.0,29.17,320,桃園市中壢區,桃園市大園區(中壢區)致維街&公園路一段路口,1,RT202500005663,,1.0,25.003614,121.213042,1438,W2,932,Taiwan,PZ,2,16.0,2
5A-平鎮倉,69935 正鋒水電,8.0,29.17,320,桃園市中壢區,桃園市大園區(中壢區)致維街&公園路一段路口,1,RT202500005663,,1.0,25.003614,121.213042,1438,W2,933,Taiwan,PZ,2,16.0,2
5A-平鎮倉,69935 正鋒水電,8.0,29.17,320,桃園市中壢區,桃園市大園區(中壢區)致維街&公園路一段路口,1,RT202500005663,,1.0,25.003614,121.213042,1438,W2,934,Taiwan,PZ,2,16.0,2
5A-平鎮倉,71213 川洋建設-大園,8.0,35.07,320,桃園市中壢區,桃園市中壢區中興路一段116巷121號,1,RT20250000012803,1.0,,25.010781,121.244761,1438,W1,935,Taiwan,PZ,1,8.0,13
5A-平鎮倉,74085 林日新,8.0,36.7,320,桃園市中壢區,桃園市中壢區合圳北路二段160巷20弄11號,1,RT202500009449,1.0,,24.999211,121.246936,1438,W1,936,Taiwan,PZ,1,8.0,13
5A-平鎮倉,74085 林日新,8.0,36.7,320,桃園市中壢區,桃園市中壢區合圳北路二段160巷20弄11號,1,RT202500009449,1.0,,24.999211,121.246936,1438,W1,937,Taiwan,PZ,1,8.0,13
5A-平鎮倉,75350 長友營造-中壢合江二路7號,8.0,38.53,320,桃園市中壢區,桃園市中壢區合江二路7號,1,RT2025000296,1.0,,24.985472,121.244336,1438,W1,938,Taiwan,PZ,1,8.0,2
5A-平鎮倉,75350 長友營造-中壢合江二路7號,8.0,38.53,320,桃園市中壢區,桃園市中壢區合江二路7號,1,RT2025000296,1.0,,24.985472,121.244336,1438,W1,939,Taiwan,PZ,1,8.0,2
5A-平鎮倉,52951 集來環保中工地磅,8.0,39.74,320,桃園市中壢區,桃園市中壢區吉林路66-8號對面,1,RT202500008863,1.0,,24.979506,121.246269,1438,W1,940,Taiwan,PZ,1,8.0,2
5A-平鎮倉,77195 世聯營造-文化公園,8.0,40.25,320,桃園市中壢區,桃園市中壢區文化路399號-文化公園-附定位圖,1,RT20250000012727,1.0,,24.980384,121.24985,1438,W1,941,Taiwan,PZ,1,8.0,2
5A-平鎮倉,77272 源雄建設股份有限公司,8.0,40.6,320,桃園市中壢區,桃園市中壢區成章二街566號-工務所,1,RT20250000011172,1.0,,24.978825,121.252,1438,W1,942,Taiwan,PZ,1,8.0,2
5A-平鎮倉,78069 聚泰建設-二期-元生二街,8.0,40.98,320,桃園市中壢區,桃園市中壢區元生二街126號-二期,1,RT20250000012750,1.0,,24.977025,121.252875,1438,W1,943,Taiwan,PZ,1,8.0,4
5A-平鎮倉,78069 聚泰建設-二期-元生二街,8.0,40.98,320,桃園市中壢區,桃園市中壢區元生二街126號-二期,1,RT20250000012750,1.0,,24.977025,121.252875,1438,W1,944,Taiwan,PZ,1,8.0,2
5A-平鎮倉,70772 聚泰建設-元生二街,8.0,41.24,320,桃園市中壢區,桃園市中壢區元生二街126號,1,RT20240000014592,1.0,,24.976473,121.253128,1438,W1,945,Taiwan,PZ,1,8.0,4
5A-平鎮倉,70772 聚泰建設-元生二街,8.0,41.24,320,桃園市中壢區,桃園市中壢區元生二街126號,1,RT20240000014592,1.0,,24.976473,121.253128,1438,W1,946,Taiwan,PZ,1,8.0,4
5A-平鎮倉,70772 聚泰建設-元生二街,8.0,41.24,320,桃園市中壢區,桃園市中壢區元生二街126號,1,RT20240000014592,1.0,,24.976473,121.253128,1438,W1,947,Taiwan,PZ,1,8.0,4
5A-平鎮倉,70772 聚泰建設-元生二街,8.0,41.24,320,桃園市中壢區,桃園市中壢區元生二街126號,1,RT20250000010663,1.0,,24.976473,121.253192,1438,W1,948,Taiwan,PZ,1,8.0,4
5A-平鎮倉,70772 聚泰建設-元生二街,8.0,41.24,320,桃園市中壢區,桃園市中壢區元生二街126號,1,RT20250000010663,1.0,,24.976473,121.253192,1438,W1,949,Taiwan,PZ,1,8.0,4
5A-平鎮倉,70772 聚泰建設-元生二街,8.0,41.5,320,桃園市中壢區,桃園市中壢區元生二街126號,1,RT20250000010664,1.0,,24.976473,121.253939,1438,W1,950,Taiwan,PZ,1,8.0,4
5A-平鎮倉,70772 聚泰建設-元生二街,8.0,41.5,320,桃園市中壢區,桃園市中壢區元生二街126號,1,RT20250000010664,1.0,,24.976473,121.253939,1438,W1,951,Taiwan,PZ,1,8.0,4
5A-平鎮倉,77689 廣三石材-忠孝路,8.0,42.17,320,桃園市中壢區,桃園市中壢區忠孝路66號,1,RT20250000011104,1.0,,24.974156,121.256064,1438,W1,952,Taiwan,PZ,1,8.0,4
5A-平鎮倉,69924 世久營造-CJ18標,8.0,56.92,324,桃園市平鎮區,桃園市平鎮區(中壢區)環南路二段191巷6弄-CJ18,1,RT20230000010604,1.0,,24.940439,121.212083,1435,W1,953,Taiwan,PZ,1,8.0,6
5A-平鎮倉,53994 泛亞工程-八里區,8.0,58.77,249,新北市八里區,新北市八里區商港路-台北港電聯定位,1,RT20250000013751,,1.0,25.158475,121.375475,1395,W2,954,Taipei,WG,2,16.0,13
5A-平鎮倉,72603 長友-台北港N7,8.0,61.01,249,新北市八里區,新北市八里區廈竹圍25號-臺北港,1,RT20250000013566,,1.0,25.160581,121.380567,1395,W2,955,Taipei,WG,2,16.0,13
5A-平鎮倉,72603 長友-台北港N7,8.0,61.01,249,新北市八里區,新北市八里區廈竹圍25號-臺北港,1,RT20250000013567,,1.0,25.160581,121.380567,1395,W2,956,Taipei,WG,2,16.0,13
5A-平鎮倉,72603 長友-N7號貨櫃,8.0,62.09,249,新北市八里區,新北市八里區廈竹圍25號-臺北港,1,RT202400003647,,1.0,25.161878,121.37982,1395,W2,957,Taipei,WG,2,16.0,13
5A-平鎮倉,72603 長友-N7號貨櫃,8.0,62.09,249,新北市八里區,新北市八里區廈竹圍25號-臺北港,1,RT202400003647,,1.0,25.161878,121.37982,1395,W2,958,Taipei,WG,2,16.0,13
5A-平鎮倉,72603 長友-N7號貨櫃,8.0,62.09,249,新北市八里區,新北市八里區廈竹圍25號-臺北港,1,RT202400003647,,1.0,25.161878,121.37982,1395,W2,959,Taipei,WG,2,16.0,13
5A-平鎮倉,72603 長友-N7號貨櫃,8.0,62.09,249,新北市八里區,新北市八里區廈竹圍25號-臺北港,1,RT202400003647,,1.0,25.161878,121.37982,1395,W2,960,Taipei,WG,2,16.0,13
5A-平鎮倉,53994 泛亞工程-八里區,8.0,62.36,249,新北市八里區,新北市八里區商港路-台北港電聯定位,1,RT20250000013753,,1.0,25.159972,121.379278,1395,W2,961,Taipei,WG,2,16.0,13
5A-平鎮倉,53994 泛亞工程-八里區,8.0,63.07,249,新北市八里區,新北市八里區商港路-台北港電聯定位,1,RT20250000013752,,1.0,25.158781,121.3753,1395,W2,962,Taipei,WG,2,16.0,13
5A-平鎮倉,53994 泛亞工程-八里區,8.0,63.08,249,新北市八里區,新北市八里區商港路-台北港電聯定位,1,RT20250000013750,,1.0,25.158756,121.375303,1395,W2,963,Taipei,WG,2,16.0,13
5A-平鎮倉,62675 台宙營造-八里台北港,8.0,63.09,249,新北市八里區,新北市八里區商港路-台北港電聯定位,1,RT202400005161,,1.0,25.158728,121.375178,1395,W2,964,Taipei,WG,2,16.0,13
5A-平鎮倉,62675 台宙營造-八里台北港,8.0,63.09,249,新北市八里區,新北市八里區商港路-台北港電聯定位,1,RT202400005161,,1.0,25.158728,121.375178,1395,W2,965,Taipei,WG,2,16.0,13
5A-平鎮倉,62675 台宙營造-八里台北港,8.0,63.09,249,新北市八里區,新北市八里區商港路-台北港電聯定位,1,RT202400005161,,1.0,25.158728,121.375178,1395,W2,966,Taipei,WG,2,16.0,13
5A-平鎮倉,62671 雙統工程-泛亞工地,8.0,68.09,249,新北市八里區,新北市八里區商港路(台北港泛亞),1,RT202500008511,,1.0,25.157789,121.391411,1395,W2,967,Taipei,WG,2,16.0,13
5A-平鎮倉,62671 雙統工程-泛亞工地,8.0,68.09,249,新北市八里區,新北市八里區商港路(台北港泛亞),1,RT202500008511,,1.0,25.157789,121.391411,1395,W2,968,Taipei,WG,2,16.0,13
5A-平鎮倉,62671 雙統工程-泛亞工地,8.0,68.09,249,新北市八里區,新北市八里區商港路(台北港泛亞),1,RT202500008511,,1.0,25.157789,121.391411,1395,W2,969,Taipei,WG,2,16.0,13
5A-平鎮倉,71370 茂翔營造有限公司,8.0,80.84,244,新北市林口區,新北市林口區下福里-西部濱海公路-附座標,1,RT20250000012639,1.0,,25.113992,121.305269,1400,W1,970,Taiwan,WG,1,8.0,13
5A-平鎮倉,70345 富泰營造-老拹珍,8.0,87.52,338,桃園市蘆竹區,桃園市蘆竹區南山北路二段1號,1,RT202500007281,1.0,,25.094111,121.278092,1415,W1,971,Taiwan,WG,1,8.0,13
5A-平鎮倉,70345 富泰營造-老拹珍,8.0,87.52,338,桃園市蘆竹區,桃園市蘆竹區南山北路二段1號,1,RT202500007281,1.0,,25.094111,121.278092,1415,W1,972,Taiwan,WG,1,8.0,13
5A-平鎮倉,70345 富泰營造-老拹珍,8.0,87.52,338,桃園市蘆竹區,桃園市蘆竹區南山北路二段1號,1,RT202500007281,1.0,,25.094111,121.278092,1415,W1,973,Taiwan,WG,1,8.0,13
5A-平鎮倉,70345 富泰營造-老拹珍,8.0,87.55,338,桃園市蘆竹區,桃園市蘆竹區南山北路二段1號,1,RT202500007279,1.0,,25.094339,121.277823,1415,W1,974,Taiwan,WG,1,8.0,13
5A-平鎮倉,57504 台灣歐德傢俱,8.0,87.76,338,桃園市蘆竹區,桃園市蘆竹區南山北路2段55號,1,RT202500006790,1.0,,25.096044,121.27692,1415,W1,975,Taiwan,WG,1,8.0,13
5A-平鎮倉,57504 台灣歐德傢俱,8.0,87.76,338,桃園市蘆竹區,桃園市蘆竹區南山北路2段55號,1,RT202500006790,1.0,,25.096044,121.27692,1415,W1,976,Taiwan,WG,1,8.0,13
5A-平鎮倉,57504 台灣歐德傢俱,8.0,87.76,338,桃園市蘆竹區,桃園市蘆竹區南山北路2段55號,1,RT202500006790,1.0,,25.096044,121.27692,1415,W1,977,Taiwan,WG,1,8.0,13
5A-平鎮倉,78368 明擇電機-皇銘五金,8.0,88.99,338,桃園市蘆竹區,桃園市蘆竹區油管路2段707號對面工地,1,RT20250000013967,1.0,,25.101319,121.269739,1415,W1,978,Taiwan,WG,1,8.0,12
5A-平鎮倉,78332 椿城工程股份有限公司,8.0,90.31,338,桃園市蘆竹區,桃園市蘆竹區油管路二段398號-台耀化學,1,RT20250000013780,1.0,,25.092369,121.274056,1415,W1,979,Taiwan,WG,1,8.0,12
5A-平鎮倉,78332 椿城工程股份有限公司,8.0,90.31,338,桃園市蘆竹區,桃園市蘆竹區油管路二段398號-台耀化學,1,RT20250000013780,1.0,,25.092369,121.274056,1415,W1,980,Taiwan,WG,1,8.0,12
5A-平鎮倉,77772 晉暘營造-蘆竹區海山路,8.0,90.62,338,桃園市蘆竹區,桃園市蘆竹區海山路638號,1,RT20250000011364,1.0,,25.0935,121.272406,1415,W1,981,Taiwan,WG,1,8.0,12
5A-平鎮倉,64524 偉允閥業-蘆竹,8.0,90.99,338,桃園市蘆竹區,桃園市蘆竹區海山路638號,1,RT20250000013811,1.0,,25.092302,121.271184,1415,W1,982,Taiwan,WG,1,8.0,12
5A-平鎮倉,64524 偉允閥業-蘆竹,8.0,90.99,338,桃園市蘆竹區,桃園市蘆竹區海山路638號,1,RT20250000013811,1.0,,25.092302,121.271184,1415,W1,983,Taiwan,WG,1,8.0,12
5A-平鎮倉,77179 弘棋-誠聖段,8.0,91.89,338,桃園市蘆竹區,桃園市蘆竹區山?路218號-航空城,1,RT202500009083,1.0,,25.086761,121.270053,1415,W1,984,Taiwan,WG,1,8.0,12
5A-平鎮倉,77715 弘棋-誠聖段59、214、215,8.0,91.94,338,桃園市蘆竹區,桃園市蘆竹區山?路218號-航空城-誠聖段59、214、215地號,1,RT20250000011232,1.0,,25.086414,121.269711,1415,W1,985,Taiwan,WG,1,8.0,12
5A-平鎮倉,77921 長?工程行-誠聖段51地號,8.0,91.97,338,桃園市蘆竹區,桃園市蘆竹區圳岸街25號-誠聖段51地號-附地標,1,RT20250000011907,1.0,,25.086336,121.269364,1415,W1,986,Taiwan,WG,1,8.0,12
5A-平鎮倉,76316 聖佳營造-誠聖段45地號,8.0,92.2,338,桃園市蘆竹區,"桃園市蘆竹區圳岸街25°05'14.9""N 121°16'09.1""E",1,RT202500004403,1.0,,25.087083,121.269667,1415,W1,987,Taiwan,WG,1,8.0,12
5A-平鎮倉,78240 詮華有限-誠聖段37.40.41地號,8.0,92.29,338,桃園市蘆竹區,桃園市蘆竹區圳岸街25號,1,RT20250000013392,1.0,,25.087152,121.269689,1415,W1,988,Taiwan,WG,1,8.0,12
5A-平鎮倉,68408 德昌-航空城D2標,8.0,94.13,338,桃園市蘆竹區,桃園市蘆竹區海山路1段156號對面工地-分2處放(2+1),1,RT2025000384,1.0,,25.093622,121.26665,1415,W1,989,Taiwan,WG,1,8.0,12
5A-平鎮倉,76076 德昌-星宇航空基地,8.0,95.68,338,桃園市蘆竹區,桃園市大園區(蘆竹區)星宇航空總部園區附近,1,RT202500003447,1.0,,25.089844,121.258111,1415,W1,990,Taiwan,WG,1,8.0,12
5A-平鎮倉,76076 德昌-星宇航空基地,8.0,95.68,338,桃園市蘆竹區,桃園市大園區(蘆竹區)星宇航空總部園區附近,1,RT202500003447,1.0,,25.089844,121.258111,1415,W1,991,Taiwan,WG,1,8.0,12
5A-平鎮倉,77693 徵昌營造-倉庫,8.0,97.64,338,桃園市蘆竹區,桃園市蘆竹區海山路二段93巷90弄50號,1,RT20250000011111,1.0,,25.100944,121.258806,1415,W1,992,Taiwan,WG,1,8.0,12
5A-平鎮倉,75605 林富國-蘆竹區,8.0,97.87,338,桃園市蘆竹區,桃園市蘆竹區海山路二段93號旁,1,RT202500001535,1.0,,25.102469,121.260072,1415,W1,993,Taiwan,WG,1,8.0,12
5A-平鎮倉,77268 天澤營造-一路發,8.0,98.42,338,桃園市蘆竹區,桃園市蘆竹區海山路二段295號,1,RT202500009098,1.0,,25.106822,121.257367,1415,W1,994,Taiwan,WG,1,8.0,12
5A-平鎮倉,74006 兆德營造-福厚段,8.0,98.86,338,桃園市蘆竹區,桃園市蘆竹區海山路二段485號旁,1,RT202500009009,1.0,,25.109967,121.254839,1415,W1,995,Taiwan,WG,1,8.0,12
5A-平鎮倉,77930 ?石營造-海沙段5地號,8.0,100.58,338,桃園市蘆竹區,桃園市大園區(蘆竹區)漁港路451巷-海沙段5地號-電聯定位,1,RT20250000011995,1.0,,25.118739,121.244411,1415,W1,996,Taiwan,WG,1,8.0,12
5A-平鎮倉,77930 ?石營造-海沙段5地號,8.0,100.58,338,桃園市蘆竹區,桃園市大園區(蘆竹區)漁港路451巷-海沙段5地號-電聯定位,1,RT20250000011995,1.0,,25.118739,121.244411,1415,W1,997,Taiwan,WG,1,8.0,12
5A-平鎮倉,76732 昌聖營造-大園區,8.0,102.44,337,桃園市大園區,桃園市大園區西濱路一段276號(瑞泰通運旁工地),1,RT20250000013706,1.0,,25.111133,121.236122,1440,W1,998,Taiwan,PZ,1,8.0,12
5A-平鎮倉,77254 睿騏營造-大園區-近台61,8.0,103.27,338,桃園市蘆竹區,桃園市大園區(蘆竹區)西濱路一段511巷附近-近台61快速道路-附地標,1,RT202500009055,1.0,,25.109364,121.232678,1415,W1,999,Taiwan,PZ,1,8.0,12
5A-平鎮倉,76799 大成-海山路,8.0,109.98,338,桃園市蘆竹區,桃園市蘆竹區海山路一段134號對面工地,1,RT202500006972,1.0,,25.089814,121.264192,1415,W1,1000,Taiwan,WG,1,8.0,12
5A-平鎮倉,76799 大成-海山路,8.0,109.98,338,桃園市蘆竹區,桃園市蘆竹區海山路一段134號對面工地,1,RT202500006972,1.0,,25.089814,121.264192,1415,W1,1001,Taiwan,WG,1,8.0,12
5A-平鎮倉,77786 銘邦營造-活動中心,8.0,124.53,244,新北市林口區,新北市林口區太平里汕頭32號-活動中心,1,RT20250000011432,1.0,,25.134733,121.364294,1400,W1,1002,Taoyuan,WG,1,8.0,13
5D-五股倉,61734 僑蓮-板橋,8.0,11.5,220,新北市板橋區,新北市板橋區文化路２段548巷口工地,1,RT20250000011372,1.0,,25.033983,121.476453,1190,W1,1003,Taipei,WG,1,8.0,1
5D-五股倉,61734 僑蓮-板橋,8.0,11.5,220,新北市板橋區,新北市板橋區文化路２段548巷13號,1,RT20250000011371,1.0,,25.033933,121.476381,1190,W1,1004,Taipei,WG,1,8.0,1
5D-五股倉,72029 嘉崴-莒光分隊,8.0,13.0,220,新北市板橋區,新北市板橋區莒光路161號,1,RT202400001015,1.0,,25.024489,121.473928,1190,W1,1005,Taipei,WG,1,8.0,1
5D-五股倉,72029 嘉崴-莒光分隊,8.0,13.0,220,新北市板橋區,新北市板橋區莒光路161號,1,RT20250000013049,1.0,,25.024489,121.473928,1190,W1,1006,Taipei,WG,1,8.0,1
5D-五股倉,76363 開揚營造-江子翠危老案,8.0,13.5,220,新北市板橋區,新北市板橋區文化路二段182巷7弄與9弄巷口,1,RT202500004830,1.0,,25.027153,121.472481,1190,W1,1007,Taipei,WG,1,8.0,1
5D-五股倉,50074 楊淨淳小姐,8.0,14.3,220,新北市板橋區,新北市板橋區銘傳街76巷15號對面檳榔攤,1,RT20240000015175,1.0,,25.031139,121.470278,1190,W1,1008,Taipei,WG,1,8.0,1
5D-五股倉,64631 張志鴻,8.0,15.1,220,新北市板橋區,新北市板橋區華江八路-洗車場,1,RT20250000013290,1.0,,25.033972,121.467473,1190,W1,1009,Taipei,WG,1,8.0,13
5D-五股倉,77127 展揚營造-江翠工區,8.0,15.2,220,新北市板橋區,新北市板橋區華江八路79號旁工地,1,RT202500008559,1.0,,25.033858,121.467028,1190,W1,1010,Taipei,WG,1,8.0,13
5D-五股倉,77127 展揚營造-江翠工區,8.0,15.2,220,新北市板橋區,新北市板橋區華江八路79號旁工地,1,RT202500008559,1.0,,25.033858,121.467028,1190,W1,1011,Taipei,WG,1,8.0,13
5D-五股倉,77127 展揚營造-江翠工區,8.0,15.2,220,新北市板橋區,新北市板橋區華江八路79號旁工地,1,RT202500008751,1.0,,25.033833,121.46695,1190,W1,1012,Taipei,WG,1,8.0,13
5D-五股倉,77127 展揚營造-江翠工區,8.0,15.2,220,新北市板橋區,新北市板橋區華江八路79號旁工地,1,RT202500008751,1.0,,25.033833,121.46695,1190,W1,1013,Taipei,WG,1,8.0,13
5D-五股倉,77127 展揚營造-江翠工區,8.0,15.2,220,新北市板橋區,新北市板橋區華江八路79號旁工地,1,RT202500008751,1.0,,25.033833,121.46695,1190,W1,1014,Taipei,WG,1,8.0,13
5D-五股倉,72273 沅陞-幸福PLUS,8.0,16.1,220,新北市板橋區,新北市板橋區華江三路211號旁,1,RT202400002203,1.0,,25.036125,121.474192,1190,W1,1015,Taipei,WG,1,8.0,1
5D-五股倉,72273 沅陞-幸福PLUS,14.0,16.1,220,新北市板橋區,新北市板橋區華江三路211號旁-5F,5,RT202500009957,1.0,,25.036125,121.474195,1190,W1,1016,Taipei,WG,1,14.0,1
5D-五股倉,71416 福典建設有限公司,8.0,16.5,220,新北市板橋區,新北市板橋區華江三路32-60號-1F,1,RT20250000012807,1.0,,25.036625,121.477575,1190,W1,1017,Taipei,WG,1,8.0,1
5D-五股倉,71416 福典建設有限公司,19.0,16.5,220,新北市板橋區,新北市板橋區華江三路32-60號-9F,9,RT20250000011517,1.0,,25.036555,121.477761,1190,W1,1018,Taipei,WG,1,19.0,1
5D-五股倉,71416 福典建設有限公司,19.0,16.5,220,新北市板橋區,新北市板橋區華江三路32-60號,5,RT202500008151,1.0,,25.036527,121.477792,1190,W1,1019,Taipei,WG,1,19.0,1
5D-五股倉,73075 金堡國際-板橋,8.0,19.0,220,新北市板橋區,新北市板橋區翠華街6巷及8巷交叉口工地,1,RT20250000011555,1.0,,25.024973,121.481842,1190,W1,1020,Taipei,WG,1,8.0,1
5D-五股倉,58327 亞林交通,8.0,20.9,220,新北市板橋區,新北市中和區(板橋區)區環河西路３段200號(堤防旁停車場-電聯,1,RT202500006524,1.0,,25.01682,121.485511,1190,W1,1021,Taipei,WG,1,8.0,1
5D-五股倉,70699 智己行銷-太和,8.0,22.8,220,新北市板橋區,新北市板橋區太和街4巷3號,1,RT20250000013688,1.0,,25.019859,121.473953,1190,W1,1022,Taipei,WG,1,8.0,1
5D-五股倉,73270 天瀚營造-板橋,8.0,23.0,220,新北市板橋區,新北市板橋區莊敬路260號,1,RT202400006678,1.0,,25.021603,121.473917,1190,W1,1023,Taipei,WG,1,8.0,1
5D-五股倉,77915 宜佳營造-板橋車站,8.0,24.4,220,新北市板橋區,新北市板橋區新站路-板橋車站旁,1,RT20250000011835,1.0,,25.015439,121.464222,1190,W1,1024,Taipei,WG,1,8.0,1
5D-五股倉,77915 宜佳營造-板橋車站,8.0,24.4,220,新北市板橋區,新北市板橋區新站路-板橋車站旁,1,RT20250000011835,1.0,,25.015439,121.464222,1190,W1,1025,Taipei,WG,1,8.0,1
5D-五股倉,75785 新福星-福德公園,8.0,24.9,220,新北市板橋區,新北市板橋區新站路3號-福德公園,1,RT20250000013295,1.0,,25.011853,121.467128,1190,W1,1026,Taipei,WG,1,8.0,1
5D-五股倉,75785 新福星-福德公園,8.0,24.9,220,新北市板橋區,新北市板橋區新站路3號-福德公園,1,RT20250000013295,1.0,,25.011853,121.467128,1190,W1,1027,Taipei,WG,1,8.0,1
5D-五股倉,75785 新福星-福德公園,8.0,24.9,220,新北市板橋區,新北市板橋區新站路3號-福德公園,1,RT20250000013295,1.0,,25.011853,121.467128,1190,W1,1028,Taipei,WG,1,8.0,1
5D-五股倉,68442 玖恩-板橋,8.0,26.2,220,新北市板橋區,新北市板橋區四川路１段88號,1,RT2025000715,1.0,,25.005097,121.459356,1190,W1,1029,Taipei,WG,1,8.0,1
5D-五股倉,77441 吉將營造-板橋高中,8.0,27.4,220,新北市板橋區,新北市板橋區文化路一段25號-板橋高中,1,RT20250000013452,1.0,,25.011397,121.459633,1190,W1,1030,Taipei,WG,1,8.0,1
5D-五股倉,71743 紹華-永翠28,8.0,29.5,220,新北市板橋區,新北市板橋區板城路&藝文二街交叉口,1,RT2025000814,1.0,,25.022698,121.450756,1190,W1,1031,Taipei,WG,1,8.0,13
5D-五股倉,71743 紹華-永翠28,8.0,30.7,220,新北市板橋區,新北市板橋區板城路&藝文二街交叉口,1,RT20230000015440,1.0,,25.022556,121.450822,1190,W1,1032,Taipei,WG,1,8.0,13
5D-五股倉,71743 紹華-永翠28,8.0,30.8,220,新北市板橋區,新北市板橋區板城路&藝文二街交叉口,1,RT202400008225,1.0,,25.022781,121.450953,1190,W1,1033,Taipei,WG,1,8.0,13
5D-五股倉,71657 安住營造-曉西園,29.0,33.4,242,新北市新莊區,新北市新莊區碧江街18號旁工地-8F,8,RT20250000011655,1.0,,25.034641,121.455311,1195,W1,1034,Taipei,WG,1,29.0,13
5D-五股倉,71657 安住營造-曉西園,8.0,33.4,242,新北市新莊區,新北市新莊區碧江街18號旁工地,1,RT20240000013859,1.0,,25.034561,121.455214,1195,W1,1035,Taipei,WG,1,8.0,13
5D-五股倉,76194 鴻信營造-瓊林段372地號,8.0,34.8,242,新北市新莊區,新北市新莊區瓊林路59-3號旁,1,RT202500003901,1.0,,25.027395,121.445061,1195,W1,1036,Taipei,WG,1,8.0,13
5D-五股倉,76194 鴻信營造-瓊林段372地號,8.0,35.7,242,新北市新莊區,新北市新莊區瓊林路59-3號旁-追加,1,RT20250000013456,1.0,,25.028142,121.444644,1195,W1,1037,Taipei,WG,1,8.0,3
5D-五股倉,72961 千瑞-禾蓮心家園,8.0,36.9,242,新北市新莊區,新北市新莊區公園一路84號對面,1,RT20250000011853,1.0,,25.036764,121.443127,1195,W1,1038,Taipei,WG,1,8.0,3
5D-五股倉,77372 簡玉萍,8.0,38.8,242,新北市新莊區,新北市新莊區中環路二段上-宏國-宏道豐匯-電聯定位,1,RT202500009637,1.0,,25.042847,121.441625,1195,W1,1039,Taipei,WG,1,8.0,3
5D-五股倉,76598 匯發營造-?中松琴,8.0,41.2,242,新北市新莊區,新北市新莊區中正路655號,1,RT202500005869,1.0,,25.030295,121.429795,1195,W1,1040,Taipei,WG,1,8.0,3
5D-五股倉,76598 匯發營造-?中松琴,8.0,41.2,242,新北市新莊區,新北市新莊區中正路655號,1,RT202500005869,1.0,,25.030295,121.429795,1195,W1,1041,Taipei,WG,1,8.0,3
5D-五股倉,75648 昌豐營造-新莊,8.0,42.7,242,新北市新莊區,新北市新莊區潭底溝抽水站,1,RT202500001638,1.0,,25.025289,121.43077,1195,W1,1042,Taipei,WG,1,8.0,3
5D-五股倉,75648 昌豐營造-新莊,8.0,42.7,242,新北市新莊區,新北市新莊區潭底溝抽水站,1,RT202500001638,1.0,,25.025289,121.43077,1195,W1,1043,Taipei,WG,1,8.0,3
5D-五股倉,72496 天澤營造股份有限公司-軒明精密,8.0,47.9,242,新北市新莊區,新北市樹林區(近新莊)工興街39號,1,RT20250000011869,1.0,,25.012764,121.40085,1195,W1,1044,Taipei,WG,1,8.0,3
5D-五股倉,73972 威騰營造-萬壽路,8.0,50.0,242,新北市新莊區,桃園市龜山區(新莊區)萬壽路一段45號,1,RT202400009518,1.0,,25.02035,121.409775,1195,W1,1045,Taipei,WG,1,8.0,3
5D-五股倉,70930 傳家公寓大廈管理委員會,8.0,50.1,242,新北市新莊區,新北市新莊區(近泰山區 )中正路905號,1,RT20250000011600,1.0,,25.021389,121.411067,1195,W1,1046,Taipei,WG,1,8.0,3
5D-五股倉,74188 鼎盛環工,8.0,56.0,220,新北市板橋區,新北市板橋區環漢路四段668之3號,1,RT202500009807,1.0,,24.986744,121.433839,1190,W1,1047,Taipei,WG,1,8.0,1
5D-五股倉,62607 立達企業社,8.0,56.0,220,新北市板橋區,新北市板橋區環漢路四段668之1號,1,RT2025000861,1.0,,24.986744,121.433566,1190,W1,1048,Taipei,WG,1,8.0,1
5A-平鎮倉,77018 頡笙營造-幸安國小,8.0,52.47,106,臺北市大安區,臺北市大安區仁愛路三段22號-大安區幸安國民小學對面,1,RT202500007800,1.0,,25.037733,121.534786,1325,W1,1049,Taipei,WG,1,8.0,4
5A-平鎮倉,66138 基泰建設-大安區,8.0,53.17,106,臺北市大安區,臺北市大安區建國南路1段304巷47號,1,RT202500007390,1.0,,25.035455,121.535461,1325,W1,1050,Taipei,WG,1,8.0,1
5A-平鎮倉,75950 亞億營造-臺北科技大學,8.0,54.49,106,臺北市大安區,"臺北市大安區復興南路一段313巷4號25°02'04.3""N 121°32'40.3""E",1,RT202500002912,1.0,,25.034391,121.544089,1325,W1,1051,Taipei,WG,1,8.0,8
5A-平鎮倉,78097 稻田營造-大安區2-仁慈公園,8.0,54.69,106,臺北市大安區,臺北市大安區大安路一段224巷-仁慈公園,1,RT20250000012877,1.0,,25.0342,121.545975,1325,W1,1052,Taipei,WG,1,8.0,8
5A-平鎮倉,67093 樹盛-大安區,8.0,55.07,106,臺北市大安區,臺北市大安區大安路１段176巷23號旁,1,RT20250000010811,1.0,,25.036791,121.545083,1325,W1,1053,Taipei,WG,1,8.0,8
5A-平鎮倉,73033 茂勝建設-銜接#69064鵬宇,8.0,55.3,106,臺北市大安區,臺北市大安區大安路1段176巷7號,1,RT20250000010838,1.0,,25.036439,121.545486,1325,W1,1054,Taipei,WG,1,8.0,8
5A-平鎮倉,78098 稻田營造-大安區1,8.0,56.02,106,臺北市大安區,臺北市大安區大安路一段65號,1,RT20250000012878,1.0,,25.042483,121.54618,1325,W1,1055,Taipei,WG,1,8.0,8
5A-平鎮倉,73397 億東營造-百世多麗,8.0,57.43,106,臺北市大安區,臺北市大安區敦化南路二段14號,1,RT202500007328,1.0,,25.032795,121.548572,1325,W1,1056,Taipei,WG,1,8.0,8
5A-平鎮倉,64431 遠碩-大安國綜合,8.0,57.7,106,臺北市大安區,臺北市大安區大安路2段63號,1,RT20250000010414,1.0,,25.030903,121.547855,1325,W1,1057,Taipei,WG,1,8.0,8
5A-平鎮倉,64431 遠碩-大安國綜合,8.0,57.7,106,臺北市大安區,臺北市大安區大安路2段63號,1,RT20250000010414,1.0,,25.030903,121.547855,1325,W1,1058,Taipei,WG,1,8.0,8
5A-平鎮倉,77941 仁和室內-安和路二段,8.0,58.62,106,臺北市大安區,臺北市大安區安和路二段187號,1,RT20250000012078,1.0,,25.026945,121.549902,1325,W1,1059,Taipei,WG,1,8.0,4
5A-平鎮倉,77941 仁和室內-安和路二段,8.0,58.62,106,臺北市大安區,臺北市大安區安和路二段187號,1,RT20250000012078,1.0,,25.026945,121.549902,1325,W1,1060,Taipei,WG,1,8.0,4
5A-平鎮倉,67654 久佳-大安,8.0,59.41,106,臺北市大安區,臺北市大安區基隆路2段210~220號,1,RT20250000012539,1.0,,25.023756,121.551769,1325,W1,1061,Taipei,WG,1,8.0,4
5A-平鎮倉,77402 翊豐營造股份有限公司,8.0,60.62,106,臺北市大安區,臺北市大安區四維路228巷巷口-精誠詠樂,1,RT20250000010422,1.0,,25.025539,121.547652,1325,W1,1062,Taipei,WG,1,8.0,1
5A-平鎮倉,59987 日富-成功市場,10.0,60.96,106,臺北市大安區,臺北市大安區敦化南路二段112號旁-成功市場,-4,RT202500008851,1.0,,25.026856,121.547939,1325,W1,1063,Taipei,WG,1,10.0,4
5A-平鎮倉,59987 日富-成功市場,10.0,60.96,106,臺北市大安區,臺北市大安區敦化南路二段112號旁-成功市場,-4,RT202500008851,1.0,,25.026856,121.547939,1325,W1,1064,Taipei,WG,1,10.0,4
5A-平鎮倉,59987 日富-成功市場,8.0,60.96,106,臺北市大安區,臺北市大安區敦化南路二段112號旁-成功市場,1,RT202500008850,1.0,,25.026856,121.547939,1325,W1,1065,Taipei,WG,1,8.0,4
5A-平鎮倉,59987 日富-成功市場,8.0,60.96,106,臺北市大安區,臺北市大安區敦化南路二段112號旁-成功市場,1,RT202500008850,1.0,,25.026856,121.547939,1325,W1,1066,Taipei,WG,1,8.0,4
5A-平鎮倉,59987 日富-成功市場,8.0,60.96,106,臺北市大安區,臺北市大安區敦化南路二段112號旁-成功市場,1,RT202500008850,1.0,,25.026856,121.547939,1325,W1,1067,Taipei,WG,1,8.0,4
5A-平鎮倉,59987 日富-成功市場,8.0,60.96,106,臺北市大安區,臺北市大安區敦化南路二段112號旁-成功市場,1,RT202500008850,1.0,,25.026856,121.547939,1325,W1,1068,Taipei,WG,1,8.0,4
5A-平鎮倉,73182 上裕開發-瑞安段,8.0,62.15,106,臺北市大安區,臺北市大安區瑞安街222巷35號,1,RT202500005403,1.0,,25.02825,121.539047,1325,W1,1069,Taipei,WG,1,8.0,1
5A-平鎮倉,69867 信昶營造-大安區,8.0,63.02,106,臺北市大安區,臺北市大安區和平東路二段18巷9號,1,RT202500007253,1.0,,25.024067,121.535911,1325,W1,1070,Taipei,WG,1,8.0,1
5A-平鎮倉,69867 信昶營造-大安區,8.0,63.03,106,臺北市大安區,臺北市大安區和平東路二段18巷9號,1,RT202500007251,1.0,,25.023973,121.535911,1325,W1,1071,Taipei,WG,1,8.0,1
5A-平鎮倉,70173 弘原營造-和平東路,8.0,64.19,106,臺北市大安區,臺北市大安區和平東路一段199巷1號,1,RT202500008164,1.0,,25.027261,121.53415,1325,W1,1072,Taipei,WG,1,8.0,1
5A-平鎮倉,72082 展瑞營造-泰順街,8.0,65.06,106,臺北市大安區,臺北市大安區泰順街68號,1,RT202400001267,1.0,,25.022145,121.531386,1325,W1,1073,Taipei,WG,1,8.0,1
5A-平鎮倉,71780 地樺-立樺建設,8.0,65.16,106,臺北市大安區,臺北市大安區泰順街62巷7號旁,1,RT20230000015558,1.0,,25.021484,121.531011,1325,W1,1074,Taipei,WG,1,8.0,1
5A-平鎮倉,71780 地樺-立樺建設,8.0,65.16,106,臺北市大安區,臺北市大安區泰順街62巷7號旁,1,RT20230000015558,1.0,,25.021484,121.531011,1325,W1,1075,Taipei,WG,1,8.0,1
5A-平鎮倉,76155 禹樂-大安區,8.0,66.98,106,臺北市大安區,臺北市大安區潮州街60巷2號旁,1,RT20250000012404,1.0,,25.029128,121.523759,1325,W1,1076,Taipei,WG,1,8.0,1
5A-平鎮倉,72484 逢昌營造-清華大學月涵堂,8.0,67.46,106,臺北市大安區,臺北市大安區金華街110號,1,RT202400003187,1.0,,25.03022,121.526206,1325,W1,1077,Taipei,WG,1,8.0,1
5A-平鎮倉,72484 逢昌營造-清華大學月涵堂,8.0,67.46,106,臺北市大安區,臺北市大安區金華街110號,1,RT202400003187,1.0,,25.03022,121.526206,1325,W1,1078,Taipei,WG,1,8.0,1
5A-平鎮倉,67888 千倫實業-大安區,8.0,69.21,106,臺北市大安區,臺北市大安區仁愛路3段5巷14號,1,RT20250000011805,1.0,,25.039558,121.533444,1325,W1,1079,Taipei,WG,1,8.0,4
5A-平鎮倉,63258 福住-新生南路,8.0,70.08,106,臺北市大安區,臺北市大安區新生南路1段97巷11號,1,RT20250000013404,1.0,,25.04113,121.534864,1325,W1,1080,Taipei,WG,1,8.0,8
5A-平鎮倉,67761 世達-大安區,8.0,71.53,106,臺北市大安區,臺北市大安區市民大道３段252號(安東街交叉口),1,RT20250000012663,1.0,,25.044475,121.541666,1325,W1,1081,Taipei,WG,1,8.0,8
5A-平鎮倉,49797 統一速達(股),8.0,73.74,106,臺北市大安區,臺北市大安區光復南路96巷25號-電聯,1,RT20250000011114,1.0,,25.043711,121.555603,1325,W1,1082,Taipei,WG,1,8.0,8
5A-平鎮倉,78357 利基企業-富岡集義祠,8.0,20.6,326,桃園市楊梅區,桃園市楊梅區新明街59號-富岡集義祠,1,RT20250000013941,1.0,,24.937752,121.081789,1470,W1,1083,Hsinchu,PZ,1,8.0,11
5A-平鎮倉,78357 利基企業-富岡集義祠,8.0,20.6,326,桃園市楊梅區,桃園市楊梅區新明街59號-富岡集義祠,1,RT20250000013941,1.0,,24.937752,121.081789,1470,W1,1084,Hsinchu,PZ,1,8.0,11
5A-平鎮倉,70187 正緯建設股份有限公司,8.0,21.1,326,桃園市楊梅區,桃園市楊梅區新明街149號對面,1,RT20250000011865,1.0,,24.934352,121.079678,1470,W1,1085,Hsinchu,PZ,1,8.0,11
5A-平鎮倉,73660 大勇工程-楊梅,8.0,22.4,326,桃園市楊梅區,桃園市楊梅區富聯路352號對面,1,RT20250000010878,1.0,,24.939072,121.071742,1470,W1,1086,Hsinchu,PZ,1,8.0,11
5A-平鎮倉,76118 鈜基營造-侑昇,8.0,22.5,326,桃園市楊梅區,桃園市楊梅區富聯路275號隔壁,1,RT202500003688,1.0,,24.939664,121.071839,1470,W1,1087,Hsinchu,PZ,1,8.0,11
5A-平鎮倉,65987 弘峻-新富七街,8.0,24.6,326,桃園市楊梅區,桃園市楊梅區新富七街(運動公園對面),1,RT202400007426,1.0,,24.937989,121.088944,1470,W1,1088,Hsinchu,PZ,1,8.0,5
5A-平鎮倉,65987 弘峻-新富七街,8.0,24.6,326,桃園市楊梅區,桃園市楊梅區新富七街(運動公園對面),1,RT202400007426,1.0,,24.937989,121.088944,1470,W1,1089,Hsinchu,PZ,1,8.0,5
5A-平鎮倉,75249 惟昌營造-楊梅,8.0,25.1,326,桃園市楊梅區,桃園市楊梅區民富路三段726號,1,RT20240000014932,1.0,,24.934869,121.089902,1470,W1,1090,Hsinchu,PZ,1,8.0,5
5A-平鎮倉,71840 富堯-新富三街,8.0,25.5,326,桃園市楊梅區,桃園市楊梅區新富三街85號,1,RT202400008512,1.0,,24.9345,121.0926,1470,W1,1091,Hsinchu,PZ,1,8.0,5
5A-平鎮倉,73454 嶄邑建設-員富段,8.0,25.7,326,桃園市楊梅區,桃園市楊梅區員本路53號旁,1,RT20250000013560,1.0,,24.935269,121.094614,1470,W1,1092,Hsinchu,PZ,1,8.0,5
5A-平鎮倉,78340 虹橋營造工程有限公司,8.0,27.0,326,桃園市楊梅區,桃園市楊梅區民富路三段268號旁,1,RT20250000013836,1.0,,24.931539,121.098936,1470,W1,1093,Hsinchu,PZ,1,8.0,5
5A-平鎮倉,77489 鍾傳雄,8.0,28.3,326,桃園市楊梅區,桃園市楊梅區民安路2巷100弄100號,1,RT20250000010089,1.0,,24.926386,121.100236,1470,W1,1094,Hsinchu,PZ,1,8.0,5
5A-平鎮倉,74831 豐合建設-楊梅,8.0,31.3,326,桃園市楊梅區,桃園市楊梅區泰圳路200巷221號旁組合屋旁,1,RT202500001683,1.0,,24.909686,121.105739,1470,W1,1095,Hsinchu,PZ,1,8.0,5
5A-平鎮倉,74831 豐合建設-楊梅,8.0,31.6,326,桃園市楊梅區,"桃園市楊梅區楊湖路二段615巷-24°54'30.1""N 121°06'22.0""E",1,RT20250000012838,1.0,,24.908467,121.106047,1470,W1,1096,Hsinchu,PZ,1,8.0,5
5A-平鎮倉,71529 華陽-楊梅,8.0,32.6,326,桃園市楊梅區,桃園市楊梅區中山南路800巷98弄12號(小路山上),1,RT20250000012811,1.0,,24.900678,121.108086,1470,W1,1097,Hsinchu,PZ,1,8.0,5
5A-平鎮倉,78307 恆輝開發-楊梅區,8.0,34.1,326,桃園市楊梅區,桃園市楊梅區泰圳路與雅典路口(楊湖區),1,RT20250000013630,1.0,,24.907708,121.115539,1470,W1,1098,Hsinchu,PZ,1,8.0,5
5A-平鎮倉,78307 恆輝開發-楊梅區,8.0,34.1,326,桃園市楊梅區,桃園市楊梅區泰圳路與雅典路口(楊湖區),1,RT20250000013630,1.0,,24.907708,121.115539,1470,W1,1099,Hsinchu,PZ,1,8.0,5
5A-平鎮倉,76637 立?建設-楊湖路,8.0,37.4,326,桃園市楊梅區,桃園市楊梅區楊湖路３段連255巷92弄工地,1,RT202500006140,1.0,,24.909103,121.091077,1470,W1,1100,Hsinchu,PZ,1,8.0,11
5A-平鎮倉,76637 立?建設-楊湖路,8.0,37.4,326,桃園市楊梅區,桃園市楊梅區楊湖路３段連255巷92弄工地,1,RT202500006140,1.0,,24.909103,121.091077,1470,W1,1101,Hsinchu,PZ,1,8.0,11
5A-平鎮倉,74071 文暉營造-楊梅,8.0,38.3,326,桃園市楊梅區,桃園市楊梅區高鐵南路10段11巷220號旁邊,1,RT202500009002,1.0,,24.905653,121.086305,1470,W1,1102,Hsinchu,PZ,1,8.0,11
5A-平鎮倉,70495 宏?開發建設有限公司,8.0,40.0,326,桃園市楊梅區,桃園市楊梅區楊湖路三段195號旁,1,RT20230000010809,1.0,,24.912136,121.076231,1470,W1,1103,Hsinchu,PZ,1,8.0,11
5A-平鎮倉,72589 新藯-楊梅四湖段,8.0,41.6,326,桃園市楊梅區,桃園市楊梅區高鐵南路十段502巷8號旁,1,RT20250000010830,1.0,,24.902078,121.082361,1470,W1,1104,Hsinchu,PZ,1,8.0,11
5A-平鎮倉,72589 新藯-楊梅四湖段,8.0,41.6,326,桃園市楊梅區,桃園市楊梅區高鐵南路十段502巷8號旁,1,RT20250000010830,1.0,,24.902078,121.082361,1470,W1,1105,Hsinchu,PZ,1,8.0,11
5A-平鎮倉,72380 御楓-印象天青,8.0,48.0,326,桃園市楊梅區,桃園市楊梅區甡甡路693巷62號,1,RT202400009900,1.0,,24.890625,121.125292,1470,W1,1106,Hsinchu,PZ,1,8.0,5
5A-平鎮倉,64803 潤弘-機料部楊梅四廠,8.0,48.7,326,桃園市楊梅區,桃園市楊梅區甡甡路625號,1,RT202400008067,1.0,,24.891764,121.126759,1470,W1,1107,Hsinchu,PZ,1,8.0,5
5A-平鎮倉,77421 永泉工程-新江路,8.0,51.1,326,桃園市楊梅區,桃園市楊梅區新江路155巷92弄附近,1,RT202500009828,1.0,,24.893702,121.139636,1470,W1,1108,Hsinchu,PZ,1,8.0,5
5A-平鎮倉,73461 家義營造-楊梅,8.0,52.4,326,桃園市楊梅區,桃園市楊梅區校前路411號(新江路山上),1,RT20250000011700,1.0,,24.888152,121.146497,1470,W1,1109,Taiwan,PZ,1,8.0,5
5A-平鎮倉,75385 祥固-楊梅,8.0,54.4,326,桃園市楊梅區,桃園市楊梅區福人路75巷11號,1,RT202500001441,1.0,,24.893389,121.152453,1470,W1,1110,Taiwan,PZ,1,8.0,5
5A-平鎮倉,74375 郡鼎建設-郡鼎御璽,8.0,55.3,326,桃園市楊梅區,桃園市楊梅區校前路324巷41號,1,RT20240000011113,1.0,,24.898258,121.149502,1470,W1,1111,Taiwan,PZ,1,8.0,5
5A-平鎮倉,74375 郡鼎建設-郡鼎御璽,8.0,55.3,326,桃園市楊梅區,桃園市楊梅區校前路324巷41號,1,RT20240000013125,1.0,,24.898289,121.14953,1470,W1,1112,Taiwan,PZ,1,8.0,5
5A-平鎮倉,73525 侑甫營造-楊梅,8.0,55.5,326,桃園市楊梅區,桃園市楊梅區校前路324巷5號,1,RT202500006731,1.0,,24.89895,121.150761,1470,W1,1113,Taiwan,PZ,1,8.0,5
5A-平鎮倉,75348 晉通營造-安心學住宅新建工程,8.0,55.7,326,桃園市楊梅區,桃園市楊梅區校前路298巷口(全家旁),1,RT2025000795,1.0,,24.899614,121.149764,1470,W1,1114,Taiwan,PZ,1,8.0,5
5A-平鎮倉,75348 晉通營造-安心學住宅新建工程,8.0,55.7,326,桃園市楊梅區,桃園市楊梅區校前路298巷口(全家旁),1,RT2025000795,1.0,,24.899614,121.149764,1470,W1,1115,Taiwan,PZ,1,8.0,5
5A-平鎮倉,77793 昌久金屬科技有限公司,8.0,56.6,326,桃園市楊梅區,桃園市楊梅區行善路80號-華映楊梅廠,1,RT20250000012161,1.0,,24.903978,121.153475,1470,W1,1116,Taiwan,PZ,1,8.0,5
5A-平鎮倉,77793 昌久金屬科技有限公司,8.0,56.6,326,桃園市楊梅區,桃園市楊梅區行善路80號-華映楊梅廠,1,RT20250000012161,1.0,,24.903978,121.153475,1470,W1,1117,Taiwan,PZ,1,8.0,5
5A-平鎮倉,77793 昌久金屬科技有限公司,8.0,56.6,326,桃園市楊梅區,桃園市楊梅區行善路80號-華映楊梅廠-出入口從環東路過去,1,RT20250000013702,1.0,,24.904464,121.152944,1470,W1,1118,Taiwan,PZ,1,8.0,5
5A-平鎮倉,77793 昌久金屬科技有限公司,8.0,56.6,326,桃園市楊梅區,桃園市楊梅區行善路80號-華映楊梅廠-出入口從環東路過去,1,RT20250000013702,1.0,,24.904464,121.152944,1470,W1,1119,Taiwan,PZ,1,8.0,5
5A-平鎮倉,77793 昌久金屬科技有限公司,8.0,56.6,326,桃園市楊梅區,桃園市楊梅區行善路80號-華映楊梅廠-出入口從環東路過去,1,RT20250000013702,1.0,,24.904464,121.152944,1470,W1,1120,Taiwan,PZ,1,8.0,5
5A-平鎮倉,78293 亞翔工程-華映廠,8.0,56.7,326,桃園市楊梅區,桃園市楊梅區行善路80號-華映2廠,1,RT20250000013590,1.0,,24.904581,121.152867,1470,W1,1121,Taiwan,PZ,1,8.0,5
5A-平鎮倉,78293 亞翔工程-華映廠,8.0,56.7,326,桃園市楊梅區,桃園市楊梅區行善路80號-華映2廠,1,RT20250000013590,1.0,,24.904581,121.152867,1470,W1,1122,Taiwan,PZ,1,8.0,5
5A-平鎮倉,78125 郡鼎建設-環東路,8.0,56.9,326,桃園市楊梅區,桃園市楊梅區環東路170號附近,1,RT20250000012944,1.0,,24.9045,121.155114,1470,W1,1123,Taiwan,PZ,1,8.0,5
5A-平鎮倉,78293 亞翔工程-華映廠,8.0,57.1,326,桃園市楊梅區,桃園市楊梅區行善路80號-華映1廠,1,RT20250000013588,1.0,,24.903422,121.153778,1470,W1,1124,Taiwan,PZ,1,8.0,5
5A-平鎮倉,78293 亞翔工程-華映廠,8.0,57.1,326,桃園市楊梅區,桃園市楊梅區行善路80號-華映1廠,1,RT20250000013588,1.0,,24.903422,121.153778,1470,W1,1125,Taiwan,PZ,1,8.0,5
5A-平鎮倉,74155 寶台建設-楊梅,8.0,58.3,326,桃園市楊梅區,桃園市楊梅區環南路263號,1,RT202500006679,1.0,,24.903181,121.144455,1470,W1,1126,Taiwan,PZ,1,8.0,5
5A-平鎮倉,74155 寶台建設-楊梅,8.0,58.3,326,桃園市楊梅區,桃園市楊梅區環南路263巷,1,RT20240000010322,1.0,,24.903269,121.144411,1470,W1,1127,Taiwan,PZ,1,8.0,5
5A-平鎮倉,77710 王明忠,8.0,60.1,326,桃園市楊梅區,桃園市楊梅區楊湖路一段239巷56號,1,RT20250000013314,1.0,,24.909306,121.134147,1470,W1,1128,Hsinchu,PZ,1,8.0,5
5A-平鎮倉,67837 久年營造-觀音昀辰,8.0,26.4,328,桃園市觀音區,桃園市觀音區大同二路19號,1,RT20250000012773,1.0,,25.050169,121.136452,1450,W1,1129,Taiwan,PZ,1,8.0,7
5A-平鎮倉,67837 久年營造-觀音昀辰,8.0,26.4,328,桃園市觀音區,桃園市觀音區大同二路19號,1,RT20250000012773,1.0,,25.050169,121.136452,1450,W1,1130,Taiwan,PZ,1,8.0,7
5A-平鎮倉,77589 德山-草富段416,8.0,27.5,328,桃園市觀音區,桃園市觀音區褔德街285號旁,1,RT20250000010569,1.0,,25.045016,121.136055,1450,W1,1131,Taiwan,PZ,1,8.0,7
5A-平鎮倉,76914 恆基建設-同#72745,8.0,27.8,328,桃園市觀音區,桃園市觀音區福興街180號-棒壘球場對面,1,RT202500007397,1.0,,25.044539,121.138272,1450,W1,1132,Taiwan,PZ,1,8.0,7
5A-平鎮倉,76385 南昌營造-許子翔住宅,8.0,27.9,328,桃園市觀音區,桃園市觀音區大觀路二段272號,1,RT202500005010,1.0,,25.04388,121.13805,1450,W1,1133,Taiwan,PZ,1,8.0,7
5A-平鎮倉,72992 彭詩茜小姐,8.0,28.4,328,桃園市觀音區,桃園市觀音區八德六街70號,1,RT202400005653,1.0,,25.043144,121.141591,1450,W1,1134,Taiwan,PZ,1,8.0,7
5A-平鎮倉,76968 友泉營造-周月燕住宅,8.0,28.9,328,桃園市觀音區,桃園市觀音區草新一路&草新路交叉口,1,RT202500007589,1.0,,25.045127,121.145669,1450,W1,1135,Taiwan,PZ,1,8.0,7
5A-平鎮倉,74932 佳沅建設-大觀段,8.0,29.1,328,桃園市觀音區,"桃園市觀音區草新一路-25°02'38.2""N 121°08'43.8""E",1,RT20240000013548,1.0,,25.043841,121.145164,1450,W1,1136,Taiwan,PZ,1,8.0,7
5A-平鎮倉,74318 新傳成-觀音草新段,8.0,29.9,328,桃園市觀音區,桃園市觀音區新生路1110號對面,1,RT2025000329,1.0,,25.037539,121.143864,1450,W1,1137,Taiwan,PZ,1,8.0,7
5A-平鎮倉,74318 新傳成-觀音草新段,8.0,30.0,328,桃園市觀音區,桃園市觀音區新生路1110號對面,1,RT20240000010887,1.0,,25.03725,121.143527,1450,W1,1138,Taiwan,PZ,1,8.0,7
5A-平鎮倉,76640 三禾苑-同#76639,8.0,31.4,328,桃園市觀音區,桃園市觀音區富平街27號旁,1,RT202500006151,1.0,,25.04743,121.139764,1450,W1,1139,Taiwan,PZ,1,8.0,7
5A-平鎮倉,75297 元丞建設-店鋪、集合住宅新建工程,8.0,31.6,328,桃園市觀音區,桃園市觀音區四維路169號-店鋪、集合住宅新建工程,1,RT20250015,1.0,,25.046616,121.139344,1450,W1,1140,Taiwan,PZ,1,8.0,7
5A-平鎮倉,76398 迦得建設-福昌街,8.0,32.1,328,桃園市觀音區,桃園市觀音區福昌街97號旁,1,RT202500005068,1.0,,25.048502,121.13718,1450,W1,1141,Taiwan,PZ,1,8.0,7
5A-平鎮倉,74043 建家建設-草富段233地號,8.0,32.4,328,桃園市觀音區,桃園市觀音區福祥街68號對面,1,RT20250000013940,1.0,,25.046719,121.136036,1450,W1,1142,Taiwan,PZ,1,8.0,7
5A-平鎮倉,73310 黎德堡國際股份有限公司,8.0,32.8,328,桃園市觀音區,桃園市觀音區大同一路30號,1,RT20250000012842,1.0,,25.046141,121.132789,1450,W1,1143,Taiwan,PZ,1,8.0,7
5A-平鎮倉,77991 閎升營造-名園七八期,8.0,33.6,328,桃園市觀音區,桃園市觀音區福祥街20號對面-草漯-組合屋,1,RT20250000012385,1.0,,25.042227,121.132273,1450,W1,1144,Taiwan,PZ,1,8.0,7
5A-平鎮倉,77991 閎升營造-名園七八期,8.0,33.6,328,桃園市觀音區,桃園市觀音區福祥街20號對面-草漯-組合屋,1,RT20250000012385,1.0,,25.042227,121.132273,1450,W1,1145,Taiwan,PZ,1,8.0,7
5A-平鎮倉,77991 閎升營造-名園七八期,8.0,33.6,328,桃園市觀音區,桃園市觀音區福祥街20號對面-草漯-組合屋,1,RT20250000012385,1.0,,25.042227,121.132273,1450,W1,1146,Taiwan,PZ,1,8.0,7
5A-平鎮倉,73114 上亞營造-富溪段,8.0,33.6,328,桃園市觀音區,桃園市觀音區大觀路三段與富觀街交叉口進去-附參考座標,1,RT202400006013,1.0,,25.042139,121.132423,1450,W1,1147,Taiwan,PZ,1,8.0,7
5A-平鎮倉,75637 信都建設-觀音,8.0,33.8,328,桃園市觀音區,桃園市觀音區大觀路二段437號-寶雅觀音大觀店對面,1,RT202500001612,1.0,,25.042025,121.133347,1450,W1,1148,Taiwan,PZ,1,8.0,7
5A-平鎮倉,75637 信都建設-觀音,8.0,33.8,328,桃園市觀音區,桃園市觀音區大觀路二段437號-寶雅觀音大觀店對面,1,RT202500001612,1.0,,25.042025,121.133347,1450,W1,1149,Taiwan,PZ,1,8.0,7
5A-平鎮倉,73114 上亞營造-富溪段,8.0,33.9,328,桃園市觀音區,桃園市觀音區一心路全,1,RT20240000010007,1.0,,25.041583,121.132723,1450,W1,1150,Taiwan,PZ,1,8.0,7
5A-平鎮倉,75158 閎升營造-名園建設富溪段86地號,8.0,34.1,328,桃園市觀音區,桃園市觀音區大觀路2段437號轉進去福昌街,1,RT20240000014614,1.0,,25.042333,121.132159,1450,W1,1151,Taiwan,PZ,1,8.0,7
5A-平鎮倉,74504 永旭建設-觀音,8.0,34.6,328,桃園市觀音區,"桃園市觀音區大觀路三段-25°02'24.5""N 121°07'52.8""E",1,RT20250000011305,1.0,,25.040155,121.13137,1450,W1,1152,Taiwan,PZ,1,8.0,7
5A-平鎮倉,76141 伯皇營造-觀音,8.0,34.9,328,桃園市觀音區,桃園市觀音區聖心二街175號附近,1,RT202500003807,1.0,,25.038614,121.133273,1450,W1,1153,Taiwan,PZ,1,8.0,7
5A-平鎮倉,75752 惟昌營造-觀音,8.0,35.1,328,桃園市觀音區,桃園市觀音區聖心一街175號對面工地,1,RT202500002163,1.0,,25.039152,121.132064,1450,W1,1154,Taiwan,PZ,1,8.0,7
5A-平鎮倉,72181 永融-草漯四戶,8.0,35.6,328,桃園市觀音區,桃園市觀音區民族路882號,1,RT20250000013172,1.0,,25.03913,121.127761,1450,W1,1155,Taiwan,PZ,1,8.0,7
5A-平鎮倉,74777 全殷建設-觀音28地號,8.0,36.5,328,桃園市觀音區,"桃園市觀音區福昌街-附座標25°02'35.7""N 121°07'56.3""E",1,RT20240000013018,1.0,,25.043233,121.132664,1450,W1,1156,Taiwan,PZ,1,8.0,7
5A-平鎮倉,74777 全殷建設-觀音28地號,8.0,36.5,328,桃園市觀音區,"桃園市觀音區福昌街-附座標25°02'35.7""N 121°07'56.3""E",1,RT20240000013018,1.0,,25.043233,121.132664,1450,W1,1157,Taiwan,PZ,1,8.0,7
5A-平鎮倉,77429 建家建設-福德街310號,8.0,37.1,328,桃園市觀音區,桃園市觀音區福德街310號隔壁工地,1,RT202500009846,1.0,,25.043714,121.134794,1450,W1,1158,Taiwan,PZ,1,8.0,7
5A-平鎮倉,73779 大鑫工程行,8.0,37.3,328,桃園市觀音區,桃園市觀音區大觀路二段&莊一街轉角,1,RT202500007766,1.0,,25.0423,121.13553,1450,W1,1159,Taiwan,PZ,1,8.0,7
5A-平鎮倉,76130 泉壽建設-大觀段395號地號,8.0,37.9,328,桃園市觀音區,桃園市觀音區二聖路331號旁巷子,1,RT202500003764,1.0,,25.038316,121.13535,1450,W1,1160,Taiwan,PZ,1,8.0,7
5A-平鎮倉,76130 泉壽建設-大觀段395號地號,8.0,37.9,328,桃園市觀音區,桃園市觀音區二聖路331號旁巷子,1,RT202500003764,1.0,,25.038316,121.13535,1450,W1,1161,Taiwan,PZ,1,8.0,7
5A-平鎮倉,66341 竑鈦-觀音445地號,8.0,39.7,328,桃園市觀音區,桃園市觀音區草新路與草新一路交叉口,1,RT20250000011704,1.0,,25.045277,121.146033,1450,W1,1162,Taiwan,PZ,1,8.0,7
5A-平鎮倉,76965 九暘開發-學文二街,8.0,40.1,328,桃園市觀音區,"桃園市觀音區學文二街139號對面, 附地標",1,RT202500007821,1.0,,25.04675,121.143666,1450,W1,1163,Taiwan,PZ,1,8.0,7
5A-平鎮倉,75057 鴻堡建設-觀音,8.0,40.4,328,桃園市觀音區,桃園市觀音區學文二街139號對面,1,RT20250000013347,1.0,,25.047177,121.142797,1450,W1,1164,Taiwan,PZ,1,8.0,7
5A-平鎮倉,75057 鴻堡建設-觀音,8.0,40.4,328,桃園市觀音區,桃園市觀音區學文二街139號對面,1,RT20250000013347,1.0,,25.047177,121.142797,1450,W1,1165,Taiwan,PZ,1,8.0,7
5A-平鎮倉,77634 晨鑫營造股份有限公司,8.0,41.1,328,桃園市觀音區,桃園市觀音區大觀路一段548巷工地,1,RT20250000010857,1.0,,25.0517,121.145675,1450,W1,1166,Taiwan,PZ,1,8.0,7
5A-平鎮倉,77634 晨鑫營造股份有限公司,8.0,41.1,328,桃園市觀音區,桃園市觀音區大觀路一段548巷工地,1,RT20250000010857,1.0,,25.0517,121.145675,1450,W1,1167,Taiwan,PZ,1,8.0,7
5A-平鎮倉,73867 乾宏建設-觀音,8.0,41.8,328,桃園市觀音區,桃園市觀音區文學一街-附座標,1,RT20250000011946,1.0,,25.047605,121.145802,1450,W1,1168,Taiwan,PZ,1,8.0,7
5A-平鎮倉,77840 福綱開發建設有限公司,8.0,42.0,328,桃園市觀音區,桃園市觀音區草新一路與學文街交叉路口附近-附地標,1,RT20250000011775,1.0,,25.048808,121.145758,1450,W1,1169,Taiwan,PZ,1,8.0,7
5A-平鎮倉,76132 友泉營造-簡月秋住宅,8.0,42.1,328,桃園市觀音區,桃園市觀音區學文一街320號旁-319地號,1,RT202500003771,1.0,,25.049411,121.146466,1450,W1,1170,Taiwan,PZ,1,8.0,7
5A-平鎮倉,75476 友泉營造-竹韻二期,8.0,42.1,328,桃園市觀音區,桃園市觀音區文學一街附近-附座標,1,RT2025000915,1.0,,25.049411,121.146466,1450,W1,1171,Taiwan,PZ,1,8.0,7
5A-平鎮倉,76188 堉銓建材-寶佳,8.0,42.3,328,桃園市觀音區,桃園市觀音區成功南路跟大功路交叉口工地,1,RT202500003884,1.0,,25.048655,121.148366,1450,W1,1172,Taiwan,PZ,1,8.0,7
5A-平鎮倉,78087 高齊建設-觀音區,8.0,42.6,328,桃園市觀音區,桃園市觀音區成功南路上-附地標,1,RT20250000012820,1.0,,25.046947,121.146964,1450,W1,1173,Taiwan,PZ,1,8.0,7
5A-平鎮倉,74501 元展開發-學文路,8.0,44.3,328,桃園市觀音區,桃園市觀音區學文路-電聯帶定位,1,RT20250000011159,1.0,,25.050019,121.148536,1450,W1,1174,Taiwan,PZ,1,8.0,7
5A-平鎮倉,76610 明筑建設-135地號,8.0,44.4,328,桃園市觀音區,"桃園市觀音區成功南路151號25°02'56.0""N 121°08'53.2""E",1,RT202500005952,1.0,,25.049386,121.148491,1450,W1,1175,Taiwan,PZ,1,8.0,7
5A-平鎮倉,76610 明筑建設-135地號,8.0,44.4,328,桃園市觀音區,"桃園市觀音區成功南路151號25°02'56.0""N 121°08'53.2""E",1,RT202500005952,1.0,,25.049386,121.148491,1450,W1,1176,Taiwan,PZ,1,8.0,7
5A-平鎮倉,76188 堉銓建材-寶佳,8.0,44.5,328,桃園市觀音區,桃園市觀音區成功南路跟大功路交叉口工地,1,RT202500003884,1.0,,25.048655,121.148366,1450,W1,1177,Taiwan,PZ,1,8.0,7
5A-平鎮倉,71953 東發-觀音,8.0,44.7,328,桃園市觀音區,桃園市觀音區大功路203號,1,RT20250000012222,1.0,,25.048475,121.149611,1450,W1,1178,Taiwan,PZ,1,8.0,7
5A-平鎮倉,75008 慶源營造-張家豪,8.0,44.9,328,桃園市觀音區,桃園市觀音區大觀路1段343號,1,RT20250000013279,1.0,,25.0498,121.149475,1450,W1,1179,Taiwan,PZ,1,8.0,7
5A-平鎮倉,76327 順泰營造-廣大段,8.0,47.6,328,桃園市觀音區,桃園市觀音區廣大路839號,1,RT202500007004,1.0,,25.038786,121.159769,1450,W1,1180,Taiwan,PZ,1,8.0,7
5A-平鎮倉,76327 順泰營造-廣大段,8.0,47.6,328,桃園市觀音區,桃園市觀音區廣大路839號,1,RT202500004451,1.0,,25.03878,121.159767,1450,W1,1181,Taiwan,PZ,1,8.0,7
5A-平鎮倉,77849 台灣歐德傢俱-大園區物流中心,8.0,35.1,337,桃園市大園區,桃園市大園區沙園路38號-台灣歐德國際物流中心,1,RT20250000011625,1.0,,25.097425,121.20495,1440,W1,1182,Taiwan,PZ,1,8.0,12
5A-平鎮倉,77849 台灣歐德傢俱-大園區物流中心,8.0,35.1,337,桃園市大園區,桃園市大園區沙園路38號-台灣歐德國際物流中心,1,RT20250000011625,1.0,,25.097425,121.20495,1440,W1,1183,Taiwan,PZ,1,8.0,12
5A-平鎮倉,77760 陳建文-大園夜市,8.0,43.1,337,桃園市大園區,桃園市大園區大觀路624巷&園航路交叉-夜市,1,RT20250000011341,,1.0,25.061142,121.175039,1440,W2,1184,Taiwan,PZ,2,16.0,4
5A-平鎮倉,77760 陳建文-大園夜市,8.0,43.1,337,桃園市大園區,桃園市大園區大觀路624巷&園航路交叉-夜市,1,RT20250000011341,,1.0,25.061142,121.175039,1440,W2,1185,Taiwan,PZ,2,16.0,4
5A-平鎮倉,77760 陳建文-大園夜市,8.0,43.1,337,桃園市大園區,桃園市大園區大觀路624巷&園航路交叉-夜市,1,RT20250000011341,,1.0,25.061142,121.175039,1440,W2,1186,Taiwan,PZ,2,16.0,4
5A-平鎮倉,68207 巨群營造-大園,8.0,48.7,337,桃園市大園區,桃園市大園區古亭路92巷旁,1,RT20250000013234,1.0,,25.088744,121.197747,1440,W1,1187,Taiwan,PZ,1,8.0,12
5A-平鎮倉,73559 六采有限,8.0,49.8,337,桃園市大園區,桃園市大園區濱海路2段151號,1,RT20250000011045,1.0,,25.093366,121.204714,1440,W1,1188,Taiwan,PZ,1,8.0,12
5A-平鎮倉,77849 台灣歐德傢俱-大園區物流中心,8.0,52.4,337,桃園市大園區,桃園市大園區沙園路38號-台灣歐德國際物流中心,1,RT20250000011625,1.0,,25.097425,121.20495,1440,W1,1189,Taiwan,PZ,1,8.0,12
5A-平鎮倉,77849 台灣歐德傢俱-大園區物流中心,8.0,52.4,337,桃園市大園區,桃園市大園區沙園路38號-台灣歐德國際物流中心,1,RT20250000011625,1.0,,25.097425,121.20495,1440,W1,1190,Taiwan,PZ,1,8.0,12
5A-平鎮倉,74818 富泰營造-東煒建設-2,8.0,53.2,337,桃園市大園區,桃園市大園區沙園路-附座標(東煒建設-2),1,RT20250000012845,1.0,,25.101369,121.208539,1440,W1,1191,Taiwan,PZ,1,8.0,12
5A-平鎮倉,73212 富泰營造-東煒建設-1,12.0,53.5,337,桃園市大園區,桃園市大園區沙園路-附座標(東煒建設-1)-3F,3,RT20250000012770,1.0,,25.099611,121.208417,1440,W1,1192,Taiwan,PZ,1,12.0,12
5A-平鎮倉,73212 富泰營造-東煒建設-1,12.0,53.5,337,桃園市大園區,桃園市大園區沙園路-附座標(東煒建設-1),5,RT20250000012771,1.0,,25.099611,121.208417,1440,W1,1193,Taiwan,PZ,1,12.0,12
5A-平鎮倉,73212 富泰營造-東煒建設-1,8.0,53.7,337,桃園市大園區,桃園市大園區沙園路-附座標(東煒建設-1),1,RT20250000012830,1.0,,25.099794,121.209556,1440,W1,1194,Taiwan,PZ,1,8.0,12
5A-平鎮倉,72434 義力營造-R3機場-7,8.0,55.3,337,桃園市大園區,桃園市大園區三石里-附座標R3(7-1),1,RT202400002916,1.0,,25.093933,121.221175,1440,W1,1195,Taiwan,PZ,1,8.0,12
5A-平鎮倉,72434 義力營造-R3機場-7,8.0,55.3,337,桃園市大園區,桃園市大園區三石里-附座標R3(7-1),1,RT202400002916,1.0,,25.093933,121.221175,1440,W1,1196,Taiwan,PZ,1,8.0,12
5A-平鎮倉,72436 義力營造-R3機場-9,8.0,55.3,337,桃園市大園區,桃園市大園區海港路335巷-附座標R3(9-1),1,RT202400002922,1.0,,25.093933,121.221175,1440,W1,1197,Taiwan,PZ,1,8.0,12
5A-平鎮倉,74779 磊高營造-桃農物流園區,8.0,56.3,337,桃園市大園區,桃園市大園區中央路343號,1,RT20250000012229,1.0,,25.098475,121.222936,1440,W1,1198,Taiwan,PZ,1,8.0,12
5A-平鎮倉,74779 磊高營造-桃農物流園區,8.0,56.3,337,桃園市大園區,桃園市大園區中央路343號,1,RT20250000012229,1.0,,25.098475,121.222936,1440,W1,1199,Taiwan,PZ,1,8.0,12
5A-平鎮倉,72713 義力營造-R3機場-9,8.0,57.7,337,桃園市大園區,桃園市大園區國際路三段265號-附座標R3(10-1),1,RT202400004029,1.0,,25.088011,121.227198,1440,W1,1200,Taiwan,PZ,1,8.0,12
5A-平鎮倉,72435 義力營造-R3機場-8,8.0,57.7,337,桃園市大園區,桃園市大園區三民路二段-附座標R3(8-1),1,RT202400002920,1.0,,25.088011,121.227198,1440,W1,1201,Taiwan,PZ,1,8.0,12
5A-平鎮倉,72713 義力營造-R3機場-9,8.0,57.7,337,桃園市大園區,桃園市大園區國際路三段265號-附座標R3(10-1),1,RT202400004029,1.0,,25.088011,121.227198,1440,W1,1202,Taiwan,PZ,1,8.0,12
5A-平鎮倉,72714 義力營造-R3機場-9,8.0,60.6,337,桃園市大園區,桃園市大園區中央路211號-附座標R3(11-1),1,RT202400004030,1.0,,25.074914,121.204736,1440,W1,1203,Taiwan,PZ,1,8.0,12
5A-平鎮倉,72714 義力營造-R3機場-9,8.0,60.6,337,桃園市大園區,桃園市大園區中央路211號-附座標R3(11-1),1,RT202400004030,1.0,,25.074914,121.204736,1440,W1,1204,Taiwan,PZ,1,8.0,12
5A-平鎮倉,76172 義力營造-臨時過夜機坪,8.0,60.6,337,桃園市大園區,"桃園市大園區國際路二段-25°05'14.5""N 121°13'40.5""E",1,RT202500003874,1.0,,25.074914,121.204736,1440,W1,1205,Taiwan,PZ,1,8.0,12
5A-平鎮倉,76172 義力營造-臨時過夜機坪,8.0,60.6,337,桃園市大園區,"桃園市大園區國際路二段-25°05'14.5""N 121°13'40.5""E",1,RT202500003874,1.0,,25.074914,121.204736,1440,W1,1206,Taiwan,PZ,1,8.0,12
5A-平鎮倉,73994 森永營造-大園後管,8.0,62.0,337,桃園市大園區,桃園市大園區後館路25號旁工地,1,RT202400009596,1.0,,25.0786,121.194894,1440,W1,1207,Taiwan,PZ,1,8.0,12
5A-平鎮倉,73994 森永營造-大園後管,8.0,62.0,337,桃園市大園區,桃園市大園區後館路25號旁工地,1,RT202400009596,1.0,,25.0786,121.194894,1440,W1,1208,Taiwan,PZ,1,8.0,12
5A-平鎮倉,73994 森永營造-大園後管,8.0,62.1,337,桃園市大園區,桃園市大園區後館路25號旁工地,1,RT202500002361,1.0,,25.078089,121.195197,1440,W1,1209,Taiwan,PZ,1,8.0,12
5A-平鎮倉,75912 老圃造園-大園,8.0,66.4,337,桃園市大園區,"桃園市大園區航站北路25°04'00.4""N 121°13'04.0""E",1,RT202500002754,1.0,,25.066806,121.217973,1440,W1,1210,Taiwan,PZ,1,8.0,12
5A-平鎮倉,78331 新磊營造-三石段227地號,8.0,72.7,337,桃園市大園區,桃園市大園區三民路二段859號對面管制區-三石段227地號,1,RT20250000013835,1.0,,25.065058,121.248408,1440,W1,1211,Taiwan,PZ,1,8.0,12
5A-平鎮倉,78272 北揚營造-三石段217地號,8.0,73.0,337,桃園市大園區,桃園市大園區三石段217地號-三民路二段859號對面會合點,1,RT20250000013489,1.0,,25.065411,121.248791,1440,W1,1212,Taiwan,PZ,1,8.0,12
5A-平鎮倉,78327 弘信土木-大園三石段207地號,8.0,74.4,337,桃園市大園區,桃園市大園區三民路二段831-1號管制區進入-三石段207地號,1,RT20250000013763,1.0,,25.065439,121.248872,1440,W1,1213,Taiwan,PZ,1,8.0,12
5A-平鎮倉,78005 偉軒營造-航空程,8.0,77.2,337,桃園市大園區,桃園市大園區三石里7-73號-大園航空城  從三民路二段849號進去,1,RT20250000012497,1.0,,25.066069,121.250578,1440,W1,1214,Taiwan,PZ,1,8.0,12
5A-平鎮倉,77416 聖佳營造-大園重劃區,8.0,77.2,337,桃園市大園區,桃園市大園區大園重劃區-附地標-先到三民路二段957號換通行證,1,RT202500009816,1.0,,25.065947,121.250464,1440,W1,1215,Taiwan,PZ,1,8.0,12
5A-平鎮倉,68612 永融-?林,8.0,79.3,337,桃園市大園區,桃園市大園區?林路172號-A棟,1,RT20250000013626,1.0,,25.07642,121.258,1440,W1,1216,Taiwan,PZ,1,8.0,12
5A-平鎮倉,76147 謙平營造-富華段206地號,8.0,80.2,337,桃園市大園區,桃園市大園區三民路二段929號(會合點),1,RT202500003820,1.0,,25.069003,121.260953,1440,W1,1217,Taiwan,PZ,1,8.0,12
5A-平鎮倉,78251 森業營造-中華工區GM01軌道,8.0,80.2,337,桃園市大園區,桃園市大園區三民路二段859號對面工地上下設備旁工地,1,RT20250000013460,1.0,,25.06842,121.260256,1440,W1,1218,Taiwan,PZ,1,8.0,12
5A-平鎮倉,78028 子紳營造-三石段40-41地號-4/8,8.0,80.9,337,桃園市大園區,桃園市大園區三石段40-41地號-大園重劃區-附地標,1,RT20250000012624,1.0,,25.063364,121.257528,1440,W1,1219,Taiwan,PZ,1,8.0,12
5A-平鎮倉,78271 北揚營造-三石段55地號,8.0,81.0,337,桃園市大園區,桃園市大園區三石段55地號-三民路二段859號對面會合點,1,RT20250000013488,1.0,,25.0631,121.257147,1440,W1,1220,Taiwan,PZ,1,8.0,12
5A-平鎮倉,77747 佳運工程行-航空城-12,8.0,81.2,337,桃園市大園區,桃園市大園區大海里富華段419-420號-大園重劃區-附地標,1,RT20250000011299,1.0,,25.062467,121.258067,1440,W1,1221,Taiwan,PZ,1,8.0,12
5A-平鎮倉,77202 前衛營造-富華段7地號,8.0,81.6,337,桃園市大園區,桃園市大園區三民路二段810號,1,RT202500008819,1.0,,25.06485,121.260889,1440,W1,1222,Taiwan,PZ,1,8.0,12
5A-平鎮倉,76147 謙平營造-富華段206地號,8.0,82.1,337,桃園市大園區,桃園市大園區三民路二段929號(會合點)-追加,1,RT202500007624,1.0,,25.062069,121.256486,1440,W1,1223,Taiwan,PZ,1,8.0,12
5A-平鎮倉,77312 鈞泰營造-大園區,8.0,82.1,337,桃園市大園區,桃園市蘆竹區(大園區)八股路224巷-大園重劃區-附地標,1,RT202500009279,1.0,,25.062261,121.256083,1440,W1,1224,Taiwan,PZ,1,8.0,12
5A-平鎮倉,78105 謙平營造-三石段86-1地號-3/4,8.0,82.2,337,桃園市大園區,桃園市大園區大園重劃區-三石段86-1地號-附地標,1,RT20250000013167,1.0,,25.061736,121.255508,1440,W1,1225,Taiwan,PZ,1,8.0,12
5A-平鎮倉,77428 子紳營造-富華段88-90地號-1/8,8.0,86.7,337,桃園市大園區,桃園市大園區富華段88-90地號-大園重劃區-附地標,1,RT20250000010417,1.0,,25.060483,121.255439,1440,W1,1226,Taiwan,PZ,1,8.0,12
5A-平鎮倉,77827 南昌營造-陳欣哲住宅,8.0,86.9,337,桃園市大園區,桃園市大園區三民路二段957號對面-航空城-陳欣哲住宅,1,RT20250000011950,1.0,,25.058286,121.253619,1440,W1,1227,Taiwan,PZ,1,8.0,12
5A-平鎮倉,78099 前衛營造-富華段166地號,8.0,87.0,337,桃園市大園區,桃園市大園區三民路二段-大園重劃區-富華段166地號-電聯定位,1,RT20250000012879,1.0,,25.057689,121.252097,1440,W1,1228,Taiwan,PZ,1,8.0,12
5A-平鎮倉,77151 尚錡營造-富華段325地號,8.0,87.0,337,桃園市大園區,桃園市大園區三民路二段849號對面-航空城,1,RT202500008614,1.0,,25.0569,121.251222,1440,W1,1229,Taiwan,PZ,1,8.0,12
5A-平鎮倉,76824 鉑洋工程-航空城,8.0,87.1,337,桃園市大園區,桃園市大園區航空城-重劃區,1,RT202500007030,1.0,,25.056294,121.250375,1440,W1,1230,Taiwan,PZ,1,8.0,12
5A-平鎮倉,77826 德山-富華段372,8.0,87.1,337,桃園市大園區,桃園市大園區大竹南路-航空城-富華段372地號,1,RT20250000011537,1.0,,25.056281,121.250431,1440,W1,1231,Taiwan,PZ,1,8.0,12
5A-平鎮倉,78158 永融營造-富華段399.400地號,8.0,87.3,337,桃園市大園區,桃園市蘆竹區(大園區)大園重劃區-富華段399.400地號-附工務所地標電聯定位,1,RT20250000013032,1.0,,25.056783,121.251814,1440,W1,1232,Taiwan,PZ,1,8.0,12
5A-平鎮倉,74283 寶盛國際-嘟嘟房,8.0,93.2,337,桃園市大園區,桃園市大園區航勤北路21號對面,1,RT202500006517,1.0,,25.087525,121.244369,1440,W1,1233,Taiwan,PZ,1,8.0,12
5A-平鎮倉,77940 恆揚營造-航空警察局,8.0,93.8,337,桃園市大園區,桃園市大園區航勤北路23號-航空警察局(總局)附近,1,RT20250000012102,1.0,,25.085494,121.241283,1440,W1,1234,Taiwan,PZ,1,8.0,12
5A-平鎮倉,56741 台灣中油股份有限公司桃園營業處,8.0,94.0,337,桃園市大園區,桃園市大園區航站南路19號-中油桃機第四加油站,1,RT202500007569,1.0,,25.084186,121.239433,1440,W1,1235,Taiwan,PZ,1,8.0,12
5A-平鎮倉,70228 康宏營造有限公司,8.0,96.5,337,桃園市大園區,桃園市大園區-桃園機場第三航廈外(帶定位),1,RT202500004618,1.0,,25.070481,121.219659,1440,W1,1236,Taiwan,PZ,1,8.0,12
5A-平鎮倉,70228 康宏營造有限公司,8.0,96.5,337,桃園市大園區,桃園市大園區-桃園機場第三航廈外(帶定位),1,RT202500004618,1.0,,25.070481,121.219659,1440,W1,1237,Taiwan,PZ,1,8.0,12
5A-平鎮倉,68329 伸松工程-能源中心,8.0,96.5,337,桃園市大園區,桃園市大園區第三航廈外(大園區航站北路608號),1,RT20240000014208,,1.0,25.069978,121.220103,1440,W2,1238,Taiwan,PZ,2,16.0,12
5A-平鎮倉,68329 伸松工程-能源中心,8.0,96.5,337,桃園市大園區,桃園市大園區第三航廈外(大園區航站北路608號),1,RT20240000014208,,1.0,25.069978,121.220103,1440,W2,1239,Taiwan,PZ,2,16.0,12
5A-平鎮倉,68329 伸松工程-能源中心,8.0,96.5,337,桃園市大園區,桃園市大園區第三航廈外(大園區航站北路608號),1,RT20240000014208,,1.0,25.069978,121.220103,1440,W2,1240,Taiwan,PZ,2,16.0,12
5A-平鎮倉,68329 伸松工程-能源中心,8.0,96.5,337,桃園市大園區,桃園市大園區第三航廈外(大園區航站北路608號),1,RT20240000014208,,1.0,25.069978,121.220103,1440,W2,1241,Taiwan,PZ,2,16.0,12
5A-平鎮倉,68329 伸松工程-能源中心,8.0,96.5,337,桃園市大園區,桃園市大園區第三航廈外(大園區航站北路608號),1,RT20240000014208,,1.0,25.069978,121.220103,1440,W2,1242,Taiwan,PZ,2,16.0,12
5A-平鎮倉,68329 伸松工程-能源中心,8.0,96.5,337,桃園市大園區,桃園市大園區第三航廈外(大園區航站北路608號),1,RT20240000014208,,1.0,25.069978,121.220103,1440,W2,1243,Taiwan,PZ,2,16.0,12
5A-平鎮倉,70284 帷圓室內-康橋旭,8.0,47.8,231,新北市新店區,新北市新店區秀岡二街16巷21號-康橋旭,1,RT20250000012797,1.0,,24.916839,121.502556,1120,W1,1244,Taipei,WG,1,8.0,1
5A-平鎮倉,73365 映玥室內-逸品琚D02戶,8.0,51.9,231,新北市新店區,新北市新店區禾豐七路113巷36號(逸品琚社區D02戶),1,RT20250000013288,1.0,,24.932284,121.504467,1120,W1,1245,Taipei,WG,1,8.0,1
5A-平鎮倉,78111 三盛營造-大台北華城,8.0,54.8,231,新北市新店區,新北市新店區華城六街102號對面工地-大台北華城,1,RT20250000012897,1.0,,24.92545,121.509969,1120,W1,1246,Taipei,WG,1,8.0,1
5A-平鎮倉,78111 三盛營造-大台北華城,8.0,54.8,231,新北市新店區,新北市新店區華城六街102號對面工地-大台北華城,1,RT20250000012897,1.0,,24.92545,121.509969,1120,W1,1247,Taipei,WG,1,8.0,1
5A-平鎮倉,70759 新月建設-小城段,8.0,66.0,231,新北市新店區,新北市新店區僑信路41巷,1,RT20250000010670,1.0,,24.950289,121.499522,1120,W1,1248,Taipei,WG,1,8.0,1
5A-平鎮倉,75782 逸圻企業-新店,8.0,67.5,231,新北市新店區,新北市新店區安忠路99號-附近停車場,1,RT202500002224,1.0,,24.954156,121.509283,1120,W1,1249,Taipei,WG,1,8.0,1
5A-平鎮倉,65256 郡安營造股份有限公司,8.0,72.4,231,新北市新店區,新北市新店區能仁街115巷旁工地,1,RT202500004422,1.0,,24.9548,121.540944,1120,W1,1250,Taipei,WG,1,8.0,1
5A-平鎮倉,65256 郡安營造股份有限公司,8.0,72.4,231,新北市新店區,新北市新店區能仁街115巷旁工地,1,RT202500004422,1.0,,24.9548,121.540944,1120,W1,1251,Taipei,WG,1,8.0,1
5A-平鎮倉,58451 安生營造,8.0,74.4,231,新北市新店區,新北市新店區秀水路31號旁工地,1,RT202400003350,1.0,,24.955161,121.5545,1120,W1,1252,Taipei,WG,1,8.0,1
5A-平鎮倉,58451 安生營造,8.0,74.4,231,新北市新店區,新北市新店區秀水路31號旁工地,1,RT202400003350,1.0,,24.955161,121.5545,1120,W1,1253,Taipei,WG,1,8.0,1
5A-平鎮倉,58451 安生營造,8.0,74.5,231,新北市新店區,新北市新店區秀水路31號旁工地,1,RT202400003345,1.0,,24.955283,121.55475,1120,W1,1254,Taipei,WG,1,8.0,1
5A-平鎮倉,78316 隆豪營造-新店區,8.0,78.0,231,新北市新店區,新北市新店區北新路一段64巷口,1,RT20250000013683,1.0,,24.966503,121.54135,1120,W1,1255,Taipei,WG,1,8.0,1
5A-平鎮倉,77357 吉宗營造-銜接#73237,8.0,79.6,231,新北市新店區,新北市新店區三民路94巷14號旁,1,RT202500009494,1.0,,24.9734,121.534783,1120,W1,1256,Taipei,WG,1,8.0,1
5A-平鎮倉,76153 華太開發-新店,8.0,79.9,231,新北市新店區,新北市新店區三民路159巷19弄1號,1,RT202500003830,1.0,,24.97392,121.532634,1120,W1,1257,Taipei,WG,1,8.0,1
5A-平鎮倉,78278 富泰營造-新店錫瑋建設住宅,8.0,80.3,231,新北市新店區,新北市新店區央北一路28號旁白色圍籬工地,1,RT20250000013524,1.0,,24.97585,121.530028,1120,W1,1258,Taipei,WG,1,8.0,1
5A-平鎮倉,67088 鼎實建設-新店,8.0,80.4,231,新北市新店區,新北市新店區斯馨路與日月街交叉口工地,1,RT202500008299,1.0,,24.976561,121.530264,1120,W1,1259,Taipei,WG,1,8.0,1
5A-平鎮倉,77306 忠泰建設-忠泰蘊基地,8.0,80.6,231,新北市新店區,新北市新店區央北二路與斯馨路口-忠泰蘊基地,1,RT202500009232,1.0,,24.97742,121.530309,1120,W1,1260,Taipei,WG,1,8.0,1
5A-平鎮倉,77306 忠泰建設-忠泰蘊基地,8.0,80.6,231,新北市新店區,新北市新店區央北二路與斯馨路口-忠泰蘊基地,1,RT202500009232,1.0,,24.97742,121.530309,1120,W1,1261,Taipei,WG,1,8.0,1
5A-平鎮倉,77523 桂裕營造-銜接#72164 騰飛營造,8.0,80.7,231,新北市新店區,新北市新店區斯馨路71巷轉角,1,RT20250000010265,1.0,,24.978075,121.530809,1120,W1,1262,Taipei,WG,1,8.0,1
5A-平鎮倉,77438 國隆營造工程股份有限公司,8.0,81.1,231,新北市新店區,新北市新店區中央路16號,1,RT20250000012061,1.0,,24.979,121.533572,1120,W1,1263,Taipei,WG,1,8.0,1
5A-平鎮倉,73542 勝麗科技-新店,8.0,82.1,231,新北市新店區,新北市新店區中央一街41號,1,RT202400007750,1.0,,24.973925,121.527539,1120,W1,1264,Taipei,WG,1,8.0,1
5A-平鎮倉,69311 壢都營造-中央三街,8.0,82.5,231,新北市新店區,新北市新店區中央三街85號,1,RT202500004227,1.0,,24.975836,121.525895,1120,W1,1265,Taipei,WG,1,8.0,1
5A-平鎮倉,69311 壢都營造-中央三街,20.0,82.5,231,新北市新店區,新北市新店區中央三街85號,5,RT202500004069,1.0,,24.976034,121.526211,1120,W1,1266,Taipei,WG,1,20.0,1
5A-平鎮倉,69311 壢都營造-中央三街,20.0,82.5,231,新北市新店區,新北市新店區中央三街85號,10,RT202500004069,1.0,,24.976034,121.526211,1120,W1,1267,Taipei,WG,1,20.0,1
5A-平鎮倉,67881 英頓營造-美時製藥,8.0,82.6,231,新北市新店區,新北市新店區中央六街93號,1,RT20250000010668,1.0,,24.976909,121.526164,1120,W1,1268,Taipei,WG,1,8.0,1
5A-平鎮倉,76484 元洲營造-中央八街,8.0,82.9,231,新北市新店區,新北市新店區中央八街120號,1,RT202500005394,1.0,,24.97835,121.52535,1120,W1,1269,Taipei,WG,1,8.0,1
5A-平鎮倉,76485 元洲營造-中央七街,8.0,83.1,231,新北市新店區,新北市新店區中央七街91號,1,RT202500005395,1.0,,24.977203,121.526428,1120,W1,1270,Taipei,WG,1,8.0,1
5A-平鎮倉,77442 協之達-中央七街,8.0,83.3,231,新北市新店區,新北市新店區中央七街70號,1,RT202500009898,1.0,,24.976606,121.527423,1120,W1,1271,Taipei,WG,1,8.0,1
5A-平鎮倉,72072 鼎盛鑫-新店,8.0,83.7,231,新北市新店區,新北市新店區中央五街111號,1,RT20250000011959,1.0,,24.976759,121.525495,1120,W1,1272,Taipei,WG,1,8.0,1
5A-平鎮倉,77438 國隆營造工程股份有限公司,8.0,85.5,231,新北市新店區,新北市新店區溪園路87號,1,RT20250000012058,1.0,,24.986802,121.529192,1120,W1,1273,Taipei,WG,1,8.0,1
5A-平鎮倉,77601 信昇昌營造-新店區,8.0,87.1,231,新北市新店區,新北市新店區中興路三段206巷1弄17號旁,1,RT20250000010636,1.0,,24.985461,121.541511,1120,W1,1274,Taipei,WG,1,8.0,1
5A-平鎮倉,75554 東鐿營造-新店,8.0,87.3,231,新北市新店區,新北市新店區寶安街56號,1,RT202500001317,1.0,,24.983991,121.541761,1120,W1,1275,Taipei,WG,1,8.0,1
5A-平鎮倉,75554 東鐿營造-新店,8.0,87.3,231,新北市新店區,新北市新店區寶安街56號,1,RT202500001317,1.0,,24.983991,121.541761,1120,W1,1276,Taipei,WG,1,8.0,1
5A-平鎮倉,62356 德府建設-新店,8.0,87.4,231,新北市新店區,新北市新店區中興路３段247巷工地-電聯定位,1,RT202500007461,1.0,,24.983425,121.542505,1120,W1,1277,Taipei,WG,1,8.0,1
5A-平鎮倉,70021 志鑫-林森段725地號,8.0,91.3,234,新北市永和區,新北市永和區秀朗路二段91巷,1,RT202300008457,1.0,,25.00165,121.523228,1130,W1,1278,Taipei,WG,1,8.0,1
5A-平鎮倉,69322 上裕開發-永利段,20.0,92.2,234,新北市永和區,新北市永和區永利路8號,10,RT202500007595,1.0,,25.005939,121.517759,1130,W1,1279,Taipei,WG,1,20.0,1
5A-平鎮倉,69322 上裕開發-永利段,8.0,92.2,234,新北市永和區,新北市永和區永利路8號,1,RT202500002834,1.0,,25.006006,121.517603,1130,W1,1280,Taipei,WG,1,8.0,1
5A-平鎮倉,69322 上裕開發-永利段,20.0,92.2,234,新北市永和區,新北市永和區永利路8號,5,RT202500002835,1.0,,25.006197,121.517511,1130,W1,1281,Taipei,WG,1,20.0,1
5A-平鎮倉,69322 上裕開發-永利段,8.0,92.2,234,新北市永和區,新北市永和區永利路8號,1,RT202500002835,1.0,,25.006197,121.517511,1130,W1,1282,Taipei,WG,1,8.0,1
5A-平鎮倉,73608 永和花園,8.0,92.9,234,新北市永和區,新北市永和區福和路220號,1,RT202400007978,1.0,,25.008225,121.519039,1130,W1,1283,Taipei,WG,1,8.0,1
5A-平鎮倉,74222 億東營造-億安和和,8.0,93.3,234,新北市永和區,新北市永和區警光街27號旁,1,RT202500009808,1.0,,25.009247,121.5191,1130,W1,1284,Taipei,WG,1,8.0,1
5A-平鎮倉,69265 千瑞營造-國光路,8.0,93.6,234,新北市永和區,新北市永和區國光路80號對面工地,1,RT20250000011155,1.0,,25.009925,121.517734,1130,W1,1285,Taipei,WG,1,8.0,1
5A-平鎮倉,76445 忠謀營造-中興街,8.0,94.0,234,新北市永和區,新北市永和區中興街84巷2號,1,RT202500005276,1.0,,25.0122,121.518431,1130,W1,1286,Taipei,WG,1,8.0,1
5A-平鎮倉,74040 紹華營造-頂溪大苑,8.0,94.7,234,新北市永和區,新北市永和區中山路一段36號,1,RT202400009887,1.0,,25.010861,121.513628,1130,W1,1287,Taipei,WG,1,8.0,1
5A-平鎮倉,74040 紹華營造-頂溪大苑,8.0,94.8,234,新北市永和區,新北市永和區中山路一段36號,1,RT202500007574,1.0,,25.010906,121.513617,1130,W1,1288,Taipei,WG,1,8.0,1
5A-平鎮倉,75904 新大營造-莒光路,8.0,95.3,234,新北市永和區,新北市永和區保福路一段68號旁,1,RT202500002723,1.0,,25.009925,121.512733,1130,W1,1289,Taipei,WG,1,8.0,1
5A-平鎮倉,75597 三鶯建設有限公司-永和區,8.0,95.8,234,新北市永和區,新北市永和區保福路二段69號旁,1,RT202500001489,1.0,,25.012711,121.510683,1130,W1,1290,Taipei,WG,1,8.0,1
5A-平鎮倉,78330 東億國際建材-大自然社區,8.0,49.11,300,新竹市東北香山,新竹市東區明湖路648巷104弄27號-大自然社區,1,RT20250000013769,1.0,,24.772334,120.962192,1570,W1,1291,Hsinchu,PZ,1,8.0,9
5A-平鎮倉,78193 高上營造-東區柴橋路,8.0,50.78,300,新竹市東北香山,新竹市東區柴橋路100巷158號-出入須換人車證,1,RT20250000013213,1.0,,24.769756,120.962519,1570,W1,1292,Hsinchu,PZ,1,8.0,9
5A-平鎮倉,71264 駿順科技股份有限公司,8.0,52.17,300,新竹市東北香山,新竹市東區仲生路43號,1,RT20250000012227,1.0,,24.769136,120.968892,1570,W1,1293,Hsinchu,PZ,1,8.0,9
5A-平鎮倉,78329 永林工務-仲生路,8.0,52.19,300,新竹市東北香山,新竹市東區仲生路45號,1,RT20250000013768,1.0,,24.769203,120.968817,1570,W1,1294,Hsinchu,PZ,1,8.0,9
5A-平鎮倉,72809 虹樺-異而富新興段,8.0,55.85,300,新竹市東北香山,新竹市東區明湖路116巷18弄,1,RT20250000011818,1.0,,24.792925,120.967006,1570,W1,1295,Hsinchu,PZ,1,8.0,9
5A-平鎮倉,76628 時基營造-新興段,8.0,56.09,300,新竹市東北香山,新竹市東區食品路446巷,1,RT202500006097,1.0,,24.793797,120.967253,1570,W1,1296,Hsinchu,PZ,1,8.0,9
5A-平鎮倉,77981 好士達營造-竹蓮國小,8.0,56.91,300,新竹市東北香山,新竹市東區食品路226號-竹蓮國小,1,RT20250000012317,1.0,,24.796372,120.974389,1570,W1,1297,Hsinchu,PZ,1,8.0,0
5A-平鎮倉,68832 福住建設-東區,8.0,57.55,300,新竹市東北香山,新竹市東區食品路57號-電聯開門,1,RT202500002417,1.0,,24.79908,120.97987,1570,W1,1298,Hsinchu,PZ,1,8.0,0
5A-平鎮倉,68832 福住建設-東區,8.0,57.61,300,新竹市東北香山,新竹市東區食品路57號-電聯開門-追加,1,RT20250000013793,1.0,,24.799155,120.980006,1570,W1,1299,Hsinchu,PZ,1,8.0,0
5A-平鎮倉,68832 福住建設-東區,8.0,57.61,300,新竹市東北香山,新竹市東區食品路57號-電聯開門,1,RT202500002416,1.0,,24.799214,120.979986,1570,W1,1300,Hsinchu,PZ,1,8.0,0
5A-平鎮倉,68832 福住建設-東區,8.0,57.61,300,新竹市東北香山,新竹市東區食品路57號-電聯開門,1,RT202500002416,1.0,,24.799214,120.979986,1570,W1,1301,Hsinchu,PZ,1,8.0,0
5A-平鎮倉,75923 光楹-東區,8.0,58.41,300,新竹市東北香山,新竹市東區公園路193巷12號對面,1,RT202500009947,1.0,,24.804033,120.982031,1570,W1,1302,Hsinchu,PZ,1,8.0,0
5A-平鎮倉,75838 麗明-D7-B科技商務區,8.0,59.68,300,新竹市東北香山,新竹市東區公道五路三段188號,1,RT202500002466,1.0,,24.809336,120.988005,1570,W1,1303,Hsinchu,PZ,1,8.0,0
5A-平鎮倉,75838 麗明-D7-B科技商務區,8.0,59.68,300,新竹市東北香山,新竹市東區公道五路三段188號,1,RT202500002466,1.0,,24.809336,120.988005,1570,W1,1304,Hsinchu,PZ,1,8.0,0
5A-平鎮倉,74289 龍國建設-東區,8.0,62.05,300,新竹市東北香山,新竹市東區民族路67巷9號,1,RT20250000013691,1.0,,24.807078,120.974603,1570,W1,1305,Hsinchu,PZ,1,8.0,0
5A-平鎮倉,70334 火歌建設-世界街,8.0,62.76,300,新竹市東北香山,新竹市東區世界街7巷7號,1,RT20250000012781,1.0,,24.810261,120.972648,1570,W1,1306,Hsinchu,PZ,1,8.0,0
5A-平鎮倉,76620 理德開發-同#73164,8.0,63.31,300,新竹市東北香山,新竹市東區北大路39巷8弄4號,1,RT202500006048,1.0,,24.812453,120.973059,1570,W1,1307,Hsinchu,PZ,1,8.0,0
5A-平鎮倉,67424 偉邦-圖書館新建,8.0,64.27,300,新竹市東北香山,新竹市東區東大路2段17號,1,RT20250000011945,,1.0,24.812244,120.968606,1570,W2,1308,Hsinchu,PZ,2,16.0,0
5A-平鎮倉,67424 偉邦-圖書館新建,8.0,64.27,300,新竹市東北香山,新竹市東區東大路2段17號,1,RT20250000011945,,1.0,24.812244,120.968606,1570,W2,1309,Hsinchu,PZ,2,16.0,0
5A-平鎮倉,67424 偉邦-圖書館新建,8.0,64.27,300,新竹市東北香山,新竹市東區東大路2段17號,1,RT20250000011944,,1.0,24.812244,120.968606,1570,W2,1310,Hsinchu,PZ,2,16.0,0
5A-平鎮倉,67424 偉邦-圖書館新建,8.0,64.27,300,新竹市東北香山,新竹市東區東大路2段17號,1,RT20250000011944,,1.0,24.812244,120.968606,1570,W2,1311,Hsinchu,PZ,2,16.0,0
5A-平鎮倉,66476 啟森營造-北區,8.0,65.14,300,新竹市東北香山,新竹市北區仁德街120號旁(工地內),1,RT202500008112,1.0,,24.807433,120.964281,1570,W1,1312,Hsinchu,PZ,1,8.0,0
5A-平鎮倉,72744 閤勝營造-南門街,8.0,65.98,300,新竹市東北香山,新竹市東區南門街111巷7號,1,RT20250000012824,1.0,,24.802667,120.965972,1570,W1,1313,Hsinchu,PZ,1,8.0,0
5A-平鎮倉,73164 理德建設-域品?,8.0,66.54,300,新竹市東北香山,新竹市東區中華路二段514號,1,RT20250000012298,1.0,,24.800522,120.969206,1570,W1,1314,Hsinchu,PZ,1,8.0,0
5A-平鎮倉,77183 世晟營造-中華路二段,8.0,66.88,300,新竹市東北香山,新竹市東區中華路二段632號,1,RT202500008756,1.0,,24.798758,120.966386,1570,W1,1315,Hsinchu,PZ,1,8.0,0
5A-平鎮倉,77183 世晟營造-中華路二段,8.0,66.88,300,新竹市東北香山,新竹市東區中華路二段632號,1,RT202500008756,1.0,,24.798758,120.966386,1570,W1,1316,Hsinchu,PZ,1,8.0,0
5A-平鎮倉,76739 展才營造-天公壇錢,8.0,67.85,300,新竹市東北香山,新竹市北區育英路&西門街交岔口,1,RT202500006765,1.0,,24.79905,120.959053,1570,W1,1317,Hsinchu,PZ,1,8.0,9
5A-平鎮倉,73110 鴻翰營造-鴻碩,8.0,67.96,300,新竹市東北香山,新竹市北區西門街295號對面,1,RT202400006076,1.0,,24.799019,120.959411,1570,W1,1318,Hsinchu,PZ,1,8.0,9
5A-平鎮倉,73110 鴻翰營造-鴻碩,16.0,67.96,300,新竹市東北香山,新竹市北區西門街295號對面,3,RT202500004981,1.0,,24.799019,120.959411,1570,W1,1319,Hsinchu,PZ,1,16.0,9
5A-平鎮倉,73110 鴻翰營造-鴻碩,16.0,68.0,300,新竹市東北香山,新竹市北區西門街295號對面-9F,9,RT202500008827,1.0,,24.798825,120.959603,1570,W1,1320,Hsinchu,PZ,1,16.0,9
5A-平鎮倉,73110 鴻翰營造-鴻碩,8.0,68.02,300,新竹市東北香山,新竹市北區西門街295號對面,1,RT202400006001,1.0,,24.799011,120.959558,1570,W1,1321,Hsinchu,PZ,1,8.0,9
5A-平鎮倉,73110 鴻翰營造-鴻碩,16.0,68.03,300,新竹市東北香山,新竹市北區西門街295號對面,6,RT202500007580,1.0,,24.799027,120.959583,1570,W1,1322,Hsinchu,PZ,1,16.0,9
5A-平鎮倉,73110 鴻翰營造-鴻碩,16.0,68.04,300,新竹市東北香山,新竹市北區西門街295號對面,12,RT20250000011791,1.0,,24.799136,120.959628,1570,W1,1323,Hsinchu,PZ,1,16.0,9
5A-平鎮倉,70454 宏檳營造-四維路,8.0,68.38,300,新竹市東北香山,新竹市北區四維路89巷4號,1,RT202500009396,1.0,,24.801081,120.960661,1570,W1,1324,Hsinchu,PZ,1,8.0,0
5A-平鎮倉,76515 秉藙營造-西大路,8.0,69.84,300,新竹市東北香山,新竹市東區西大路228號,1,RT202500005558,1.0,,24.798436,120.968598,1570,W1,1325,Hsinchu,PZ,1,8.0,0
5A-平鎮倉,76649 佳群建設-中華路二段,8.0,72.3,300,新竹市東北香山,新竹市北區中華路２段270號(新竹女中)對面工地,1,RT202500006224,1.0,,24.804714,120.975928,1570,W1,1326,Hsinchu,PZ,1,8.0,0
5A-平鎮倉,73248 隆燁營造-澄邑,8.0,72.94,300,新竹市東北香山,新竹市東區民族路178巷32號,1,RT202500006699,1.0,,24.807944,120.980239,1570,W1,1327,Hsinchu,PZ,1,8.0,0
5A-平鎮倉,65364 全日通,8.0,74.02,300,新竹市東北香山,新竹市東區公道五路３段229號(東勢大排間淨水場),1,RT20250000010803,1.0,,24.810978,120.989172,1570,W1,1328,Hsinchu,PZ,1,8.0,0
5A-平鎮倉,78082 鴻翰營造-中華路一段,8.0,74.3,300,新竹市東北香山,新竹市東區中華路一段324號旁工地,1,RT20250000012795,1.0,,24.811892,120.988169,1570,W1,1329,Hsinchu,PZ,1,8.0,0
5A-平鎮倉,78082 鴻翰營造-中華路一段,8.0,74.3,300,新竹市東北香山,新竹市東區中華路一段324號旁工地,1,RT20250000012795,1.0,,24.811892,120.988169,1570,W1,1330,Hsinchu,PZ,1,8.0,0
5A-平鎮倉,70132 田鼎營造,8.0,75.75,300,新竹市東北香山,新竹市東區原興路306號旁,1,RT20250000011193,1.0,,24.812644,120.998108,1570,W1,1331,Hsinchu,PZ,1,8.0,0
5A-平鎮倉,70132 田鼎營造,8.0,75.77,300,新竹市東北香山,新竹市東區原興路306號旁,1,RT20250000011192,1.0,,24.812519,120.998275,1570,W1,1332,Hsinchu,PZ,1,8.0,0
5A-平鎮倉,75155 集業營造-東區,8.0,75.93,300,新竹市東北香山,新竹市東區原興路274號,1,RT20250000013704,1.0,,24.812147,120.999766,1570,W1,1333,Hsinchu,PZ,1,8.0,0
5A-平鎮倉,75821 永續開發-竹東,8.0,46.21,310,新竹縣竹東鎮,新竹縣竹東鎮柯湖路3段291號福龍宮附近,1,RT202500009888,1.0,,24.757719,121.034344,1670,W1,1334,Hsinchu,PZ,1,8.0,0
5A-平鎮倉,77957 全日通清潔有限公司,8.0,48.74,310,新竹縣竹東鎮,新竹縣竹東鎮水仙路200巷-1號-萊茵山莊,1,RT20250000012197,1.0,,24.752089,121.034247,1670,W1,1335,Hsinchu,PZ,1,8.0,0
5A-平鎮倉,73219 圓湖開發-竹科主人,8.0,53.4,310,新竹縣竹東鎮,新竹縣竹東鎮學府路93號對面,1,RT20250000012832,1.0,,24.765522,121.055367,1670,W1,1336,Hsinchu,PZ,1,8.0,0
5A-平鎮倉,74770 富泰營造-矽格,8.0,54.83,310,新竹縣竹東鎮,新竹縣竹東鎮中興路二段169巷11號,1,RT202500007680,1.0,,24.758264,121.063033,1670,W1,1337,Hsinchu,PZ,1,8.0,0
5A-平鎮倉,74770 富泰營造-矽格,8.0,54.83,310,新竹縣竹東鎮,新竹縣竹東鎮中興路二段169巷11號,1,RT202500007680,1.0,,24.758264,121.063033,1670,W1,1338,Hsinchu,PZ,1,8.0,0
5A-平鎮倉,76531 和碩-中興路二段,8.0,55.34,310,新竹縣竹東鎮,新竹縣竹東鎮中興路二段169巷11號,1,RT202500005654,1.0,,24.759558,121.062578,1670,W1,1339,Hsinchu,PZ,1,8.0,0
5A-平鎮倉,76531 和碩-中興路二段,8.0,55.34,310,新竹縣竹東鎮,新竹縣竹東鎮中興路二段169巷11號,1,RT202500005654,1.0,,24.759558,121.062578,1670,W1,1340,Hsinchu,PZ,1,8.0,0
5A-平鎮倉,74770 富泰營造-矽格,8.0,55.34,310,新竹縣竹東鎮,新竹縣竹東鎮中興路二段169巷11號,1,RT20240000012977,1.0,,24.758697,121.063161,1670,W1,1341,Hsinchu,PZ,1,8.0,0
5A-平鎮倉,74770 富泰營造-矽格,8.0,55.34,310,新竹縣竹東鎮,新竹縣竹東鎮中興路二段169巷11號,1,RT20240000012977,1.0,,24.758697,121.063161,1670,W1,1342,Hsinchu,PZ,1,8.0,0
5A-平鎮倉,76032 全日通-新竹縣竹東鎮中興路,8.0,56.01,310,新竹縣竹東鎮,新竹縣竹東鎮中興路2段2巷1號,1,RT20250000012528,1.0,,24.758136,121.068214,1670,W1,1343,Hsinchu,PZ,1,8.0,0
5A-平鎮倉,75966 全日通-竹東,8.0,57.24,310,新竹縣竹東鎮,新竹縣竹東鎮金福街13巷38號,1,RT20250000012408,1.0,,24.752314,121.068459,1670,W1,1344,Hsinchu,PZ,1,8.0,0
5A-平鎮倉,75935 辰鴻建設-竹東,8.0,59.19,310,新竹縣竹東鎮,新竹縣竹東鎮忠孝街4號旁工地,1,RT202500002868,1.0,,24.7465,121.080595,1670,W1,1345,Hsinchu,PZ,1,8.0,0
5A-平鎮倉,69470 弘揚建設-竹東,8.0,59.36,310,新竹縣竹東鎮,新竹縣竹東鎮敦睦街2巷35號旁,1,RT20250000012776,1.0,,24.745455,121.080678,1670,W1,1346,Hsinchu,PZ,1,8.0,0
5A-平鎮倉,76284 鍠冠營造-朱國維住宅,8.0,59.9,310,新竹縣竹東鎮,新竹縣竹東鎮長春路三段272巷40號旁,1,RT202500004250,1.0,,24.746297,121.083139,1670,W1,1347,Hsinchu,PZ,1,8.0,0
5A-平鎮倉,72701 得鑫-番社子段,8.0,60.25,310,新竹縣竹東鎮,新竹縣竹東鎮永康街36號對面工地,1,RT20250000010772,1.0,,24.747539,121.081117,1670,W1,1348,Hsinchu,PZ,1,8.0,0
5A-平鎮倉,70502 禾家歡工程有限公司,8.0,60.68,310,新竹縣竹東鎮,新竹縣竹東鎮北興路三段612號旁,1,RT202500009397,1.0,,24.750294,121.079834,1670,W1,1349,Hsinchu,PZ,1,8.0,0
5A-平鎮倉,77388 華盛-自強國中,8.0,61.63,310,新竹縣竹東鎮,新竹縣竹東鎮自強路169號-自強國民中學,1,RT202500009649,1.0,,24.74628,121.084572,1670,W1,1350,Hsinchu,PZ,1,8.0,0
5A-平鎮倉,77388 華盛-自強國中,8.0,61.63,310,新竹縣竹東鎮,新竹縣竹東鎮自強路169號-自強國民中學,1,RT202500009649,1.0,,24.74628,121.084572,1670,W1,1351,Hsinchu,PZ,1,8.0,0
5A-平鎮倉,73446 吉米營造-竹東,8.0,62.31,310,新竹縣竹東鎮,新竹縣竹東鎮新民路28巷1號之1,1,RT202500007211,1.0,,24.743025,121.084791,1670,W1,1352,Hsinchu,PZ,1,8.0,0
5A-平鎮倉,70568 吉米營造-方德山河苑,8.0,62.81,310,新竹縣竹東鎮,新竹縣竹東鎮康寧街225號,1,RT20250000010767,1.0,,24.740266,121.084655,1670,W1,1353,Hsinchu,PZ,1,8.0,0
5A-平鎮倉,70568 吉米營造-方德山河苑,8.0,62.81,310,新竹縣竹東鎮,新竹縣竹東鎮康寧街225號,1,RT20250000010767,1.0,,24.740266,121.084655,1670,W1,1354,Hsinchu,PZ,1,8.0,0
5A-平鎮倉,75514 得鑫建設-大同路,8.0,63.83,310,新竹縣竹東鎮,新竹縣竹東鎮大同路173號旁,1,RT202500001195,1.0,,24.738594,121.092277,1670,W1,1355,Hsinchu,PZ,1,8.0,0
5A-平鎮倉,73758 竹富建設-竹東,8.0,64.6,310,新竹縣竹東鎮,新竹縣竹東鎮中山路90號,1,RT202400008522,1.0,,24.733494,121.095708,1670,W1,1356,Hsinchu,PZ,1,8.0,0
5A-平鎮倉,77552 永發營造-北興路一段,8.0,65.36,310,新竹縣竹東鎮,新竹縣竹東鎮北興路一段211號,1,RT20250000013765,1.0,,24.729098,121.099155,1670,W1,1357,Hsinchu,PZ,1,8.0,0
5A-平鎮倉,77552 永發營造-北興路一段,8.0,65.36,310,新竹縣竹東鎮,新竹縣竹東鎮北興路一段211號,1,RT20250000013765,1.0,,24.729098,121.099155,1670,W1,1358,Hsinchu,PZ,1,8.0,0
5A-平鎮倉,74532 富泰營造-意德士,8.0,65.81,310,新竹縣竹東鎮,新竹縣竹東鎮工業二路96號,1,RT20250000011239,1.0,,24.727845,121.096677,1670,W1,1359,Hsinchu,PZ,1,8.0,0
5A-平鎮倉,74532 富泰營造-意德士,8.0,65.84,310,新竹縣竹東鎮,新竹縣竹東鎮工業二路96號,1,RT20250000011240,1.0,,24.727656,121.096769,1670,W1,1360,Hsinchu,PZ,1,8.0,0
5A-平鎮倉,76446 程鈞-沿河街,8.0,67.14,310,新竹縣竹東鎮,新竹縣竹東鎮沿河街59巷10號,1,RT202500005281,1.0,,24.720473,121.101244,1670,W1,1361,Hsinchu,PZ,1,8.0,0
5A-平鎮倉,66384 富泰-11109三和,8.0,72.59,307,新竹縣芎林鄉,新竹縣芎林鄉五和街228號(三和技研),1,RT20250000012834,1.0,,24.736514,121.127284,1680,W1,1362,Hsinchu,PZ,1,8.0,4
5A-平鎮倉,72270 聚升-芎林,8.0,73.16,307,新竹縣芎林鄉,新竹縣芎林鄉五和街251號旁工地,1,RT20250000013719,1.0,,24.738339,121.130645,1680,W1,1363,Hsinchu,PZ,1,8.0,4
5A-平鎮倉,72270 聚升-芎林,8.0,73.16,307,新竹縣芎林鄉,新竹縣芎林鄉五和街251號旁工地,1,RT20250000013719,1.0,,24.738339,121.130645,1680,W1,1364,Hsinchu,PZ,1,8.0,4
5A-平鎮倉,75781 恆鼎營造-芎林,8.0,81.24,307,新竹縣芎林鄉,新竹縣芎林鄉光明路50號旁,1,RT202500002223,1.0,,24.779561,121.076273,1680,W1,1365,Hsinchu,PZ,1,8.0,4
5A-平鎮倉,77939 堅景銓-文德星巴克,8.0,81.78,307,新竹縣芎林鄉,新竹縣芎林鄉文德路5號-星巴克芎林文德門市,1,RT20250000012074,1.0,,24.776025,121.07545,1680,W1,1366,Hsinchu,PZ,1,8.0,4
5A-平鎮倉,73843 邦潔系統-芎林,8.0,82.17,307,新竹縣芎林鄉,新竹縣芎林鄉富林路三段400號,1,RT20250000011883,1.0,,24.776242,121.072617,1680,W1,1367,Hsinchu,PZ,1,8.0,0
5A-平鎮倉,76851 厚森建設-芎林鄉,8.0,82.49,307,新竹縣芎林鄉,新竹縣芎林鄉富林路三段501巷7號隔壁工地,1,RT202500007127,1.0,,24.7776,121.070403,1680,W1,1368,Hsinchu,PZ,1,8.0,0
5A-平鎮倉,76601 鈞崴建設-?屾,8.0,83.22,307,新竹縣芎林鄉,新竹縣芎林鄉綠獅五街250巷口,1,RT202500005876,1.0,,24.782295,121.069473,1680,W1,1369,Hsinchu,PZ,1,8.0,0
5A-平鎮倉,76939 英頓營造-綠獅一街,8.0,83.66,307,新竹縣芎林鄉,新竹縣芎林鄉綠獅一街57號,1,RT202500007476,1.0,,24.78235,121.072945,1680,W1,1370,Hsinchu,PZ,1,8.0,4
5A-平鎮倉,77093 寬立堡-綠獅段,8.0,83.89,307,新竹縣芎林鄉,新竹縣芎林鄉綠獅三街9巷7號,1,RT202500008257,1.0,,24.782748,121.0747,1680,W1,1371,Hsinchu,PZ,1,8.0,4
5A-平鎮倉,74603 恆鼎營造-芎林三民路,8.0,85.38,307,新竹縣芎林鄉,新竹縣芎林鄉三民路279號,1,RT20250000011504,1.0,,24.789344,121.06795,1680,W1,1372,Hsinchu,PZ,1,8.0,4
5A-平鎮倉,77210 合石建設-金獅六街,8.0,85.87,307,新竹縣芎林鄉,新竹縣芎林鄉金獅六街141號旁,1,RT202500008857,1.0,,24.791269,121.064897,1680,W1,1373,Hsinchu,PZ,1,8.0,4
5A-平鎮倉,71544 寬立堡營造-竹中火車站對面,8.0,90.51,310,新竹縣竹東鎮,新竹縣竹東鎮竹中路186號附近-火車站對面),1,RT20250000013331,1.0,,24.781403,121.031031,1670,W1,1374,Hsinchu,PZ,1,8.0,0
5A-平鎮倉,78253 昌拓營造-芎林鄉,8.0,98.84,307,新竹縣芎林鄉,新竹縣芎林鄉文德路570巷-附地標,1,RT20250000013463,1.0,,24.794605,121.0857,1680,W1,1375,Hsinchu,PZ,1,8.0,4
5A-平鎮倉,77848 晉煌營造-華亞三路,8.0,33.76,333,桃園市龜山區,桃園市龜山區華亞三路625號對面工地,1,RT20250000011621,1.0,,25.035733,121.378989,1410,W1,1376,Taoyuan,WG,1,8.0,3
5A-平鎮倉,74763 田鼎-龜山亞東氣體,8.0,34.93,333,桃園市龜山區,桃園市龜山區華亞一路&科技九路交叉口工地-追加,1,RT202500009987,,1.0,25.033164,121.371536,1410,W2,1377,Taoyuan,WG,2,16.0,3
5A-平鎮倉,74763 田鼎-龜山亞東氣體,8.0,34.93,333,桃園市龜山區,桃園市龜山區華亞一路&科技九路交叉口工地,1,RT202500008119,,1.0,25.033164,121.371536,1410,W2,1378,Taoyuan,WG,2,16.0,3
5A-平鎮倉,74763 田鼎-龜山亞東氣體,8.0,34.93,333,桃園市龜山區,桃園市龜山區華亞一路&科技九路交叉口工地,1,RT202500008119,,1.0,25.033164,121.371536,1410,W2,1379,Taoyuan,WG,2,16.0,3
5A-平鎮倉,74763 田鼎-龜山亞東氣體,8.0,34.93,333,桃園市龜山區,桃園市龜山區華亞一路&科技九路交叉口工地,1,RT202500008119,,1.0,25.033164,121.371536,1410,W2,1380,Taoyuan,WG,2,16.0,3
5A-平鎮倉,74763 田鼎-龜山亞東氣體,8.0,34.93,333,桃園市龜山區,桃園市龜山區華亞一路&科技九路交叉口工地,1,RT202500008119,,1.0,25.033164,121.371536,1410,W2,1381,Taoyuan,WG,2,16.0,3
5A-平鎮倉,74763 田鼎-龜山亞東氣體,8.0,34.93,333,桃園市龜山區,桃園市龜山區華亞一路&科技九路交叉口工地,1,RT202500008119,,1.0,25.033164,121.371536,1410,W2,1382,Taoyuan,WG,2,16.0,3
5A-平鎮倉,74763 田鼎-龜山亞東氣體,8.0,34.93,333,桃園市龜山區,桃園市龜山區華亞一路&科技九路交叉口工地,1,RT202500008119,,1.0,25.033164,121.371536,1410,W2,1383,Taoyuan,WG,2,16.0,3
5A-平鎮倉,76612 麗高-休憩中心,8.0,38.37,333,桃園市龜山區,桃園市龜山區牛角坡路115號,1,RT202500005961,1.0,,25.045652,121.389516,1410,W1,1384,Taipei,WG,1,8.0,3
5A-平鎮倉,76612 麗高-休憩中心,8.0,38.37,333,桃園市龜山區,桃園市龜山區牛角坡路115號,1,RT202500005961,1.0,,25.045652,121.389516,1410,W1,1385,Taipei,WG,1,8.0,3
5A-平鎮倉,73213 頤展營造-筑岳,8.0,38.38,333,桃園市龜山區,桃園市龜山區牛角坡路135號旁,1,RT20240000010705,1.0,,25.045633,121.389369,1410,W1,1386,Taipei,WG,1,8.0,3
5A-平鎮倉,73213 頤展營造-筑岳,26.0,38.38,333,桃園市龜山區,桃園市龜山區牛角坡與樂善二路交叉口工地-A棟,6,RT202500005307,1.0,,25.045633,121.389352,1410,W1,1387,Taipei,WG,1,26.0,3
5A-平鎮倉,73213 頤展營造-筑岳,23.0,38.38,333,桃園市龜山區,桃園市龜山區牛角坡與樂善二路交叉口工地-B棟,6,RT202500005308,1.0,,25.045633,121.389352,1410,W1,1388,Taipei,WG,1,23.0,3
5A-平鎮倉,73213 頤展營造-筑岳,8.0,38.38,333,桃園市龜山區,桃園市龜山區牛角坡與樂善二路交叉口工地-1F,1,RT20250000011983,1.0,,25.045616,121.38935,1410,W1,1389,Taipei,WG,1,8.0,3
5A-平鎮倉,73213 頤展營造-筑岳,8.0,38.38,333,桃園市龜山區,桃園市龜山區牛角坡路135號旁,1,RT202400009340,1.0,,25.045597,121.389344,1410,W1,1390,Taipei,WG,1,8.0,3
5A-平鎮倉,73213 頤展營造-筑岳,8.0,38.38,333,桃園市龜山區,桃園市龜山區牛角坡與樂善二路交叉口工地-A棟,1,RT202500008081,1.0,,25.045569,121.389336,1410,W1,1391,Taipei,WG,1,8.0,3
5A-平鎮倉,73213 頤展營造-筑岳,23.0,38.38,333,桃園市龜山區,桃園市龜山區牛角坡與樂善二路交叉口工地-B棟,11,RT202500008080,1.0,,25.045569,121.389336,1410,W1,1392,Taipei,WG,1,23.0,3
5A-平鎮倉,75521 好記營造-龜山,8.0,38.56,333,桃園市龜山區,桃園市龜山區樂善二路778號,1,RT202500001222,1.0,,25.045997,121.390708,1410,W1,1393,Taipei,WG,1,8.0,3
5A-平鎮倉,74350 日富營造-文青國中,8.0,38.76,333,桃園市龜山區,桃園市龜山區樂善二路427號對面工地,1,RT20240000011015,1.0,,25.045297,121.391839,1410,W1,1394,Taipei,WG,1,8.0,3
5A-平鎮倉,74350 日富營造-文青國中,8.0,38.76,333,桃園市龜山區,桃園市龜山區樂善二路427號對面工地,1,RT20240000011015,1.0,,25.045297,121.391839,1410,W1,1395,Taipei,WG,1,8.0,3
5A-平鎮倉,77102 富泰-車麗屋百貨,8.0,39.53,333,桃園市龜山區,桃園市龜山區文化一路&樂善二路交叉路口,1,RT202500008342,1.0,,25.047102,121.385852,1410,W1,1396,Taipei,WG,1,8.0,3
5A-平鎮倉,77102 富泰-車麗屋百貨,8.0,39.53,333,桃園市龜山區,桃園市龜山區文化一路&樂善二路交叉路口,1,RT202500008342,1.0,,25.047102,121.385852,1410,W1,1397,Taipei,WG,1,8.0,3
5A-平鎮倉,77690 元翔-文化三路,8.0,42.42,333,桃園市龜山區,桃園市龜山區文化三路373號,1,RT20250000011105,1.0,,25.055275,121.366064,1410,W1,1398,Taoyuan,WG,1,8.0,3
5A-平鎮倉,78083 綵韻室內設計-興華段接待中心,8.0,42.91,333,桃園市龜山區,桃園市龜山區文化三路67號-興華段接待中心,1,RT20250000012796,1.0,,25.058736,121.36305,1410,W1,1399,Taoyuan,WG,1,8.0,3
5A-平鎮倉,78170 元翔營造-興華三街,8.0,43.79,333,桃園市龜山區,桃園市龜山區興華三街28巷18號,1,RT20250000013115,1.0,,25.054417,121.364681,1410,W1,1400,Taoyuan,WG,1,8.0,3
5A-平鎮倉,74303 壢都營造-龜山文化路,8.0,44.25,333,桃園市龜山區,桃園市龜山區文化七路181巷31弄27號,1,RT20250000010828,1.0,,25.052692,121.366333,1410,W1,1401,Taoyuan,WG,1,8.0,3
5A-平鎮倉,74868 蔡?山-文七五街,8.0,44.97,333,桃園市龜山區,桃園市龜山區文七五街36號,1,RT20240000013265,1.0,,25.053003,121.362269,1410,W1,1402,Taoyuan,WG,1,8.0,3
5A-平鎮倉,78044 順東營造-龜山區,8.0,45.38,333,桃園市龜山區,桃園市龜山區文化東路88號,1,RT20250000012767,1.0,,25.051617,121.359767,1410,W1,1403,Taoyuan,WG,1,8.0,3
5A-平鎮倉,73792 郁榮機械有限公司,8.0,46.84,333,桃園市龜山區,桃園市龜山區大湖路78號之16,1,RT202500008966,1.0,,25.052994,121.354322,1410,W1,1404,Taoyuan,WG,1,8.0,3
5A-平鎮倉,76090 泰鋐建設,8.0,47.41,333,桃園市龜山區,桃園市龜山區大湖一路135號旁,1,RT202500003585,1.0,,25.053528,121.356439,1410,W1,1405,Taoyuan,WG,1,8.0,3
5A-平鎮倉,76090 泰鋐建設,8.0,47.41,333,桃園市龜山區,桃園市龜山區大湖一路135號旁,1,RT202500003585,1.0,,25.053528,121.356439,1410,W1,1406,Taoyuan,WG,1,8.0,3
5A-平鎮倉,77082 合堤營造-長堤天昀,8.0,48.31,333,桃園市龜山區,桃園市龜山區忠義路二段311巷5弄-長堤天昀建築基地,1,RT202500008138,1.0,,25.046464,121.357644,1410,W1,1407,Taoyuan,WG,1,8.0,3
5A-平鎮倉,73201 尚駿營造-森業,8.0,48.79,333,桃園市龜山區,桃園市龜山區忠義路二段260巷28號旁,1,RT202400006290,1.0,,25.045266,121.358714,1410,W1,1408,Taoyuan,WG,1,8.0,3
5A-平鎮倉,74537 晉煌營造-頂湖,8.0,51.2,333,桃園市龜山區,桃園市龜山區頂湖路72號(頂湖超高壓變電所),1,RT20250000011127,,1.0,25.0343,121.362003,1410,W2,1409,Taoyuan,WG,2,16.0,3
5A-平鎮倉,74537 晉煌營造-頂湖,8.0,51.2,333,桃園市龜山區,桃園市龜山區頂湖路72號(頂湖超高壓變電所),1,RT20250000011127,,1.0,25.0343,121.362003,1410,W2,1410,Taoyuan,WG,2,16.0,3
5A-平鎮倉,69705 百川建設-萬壽路,8.0,57.52,333,桃園市龜山區,桃園市龜山區萬壽路二段601巷旁,1,RT20250000012629,,1.0,24.997869,121.34683,1410,W2,1411,Taoyuan,WG,2,16.0,4
5A-平鎮倉,78372 尚美營造-龜山區忠義路,8.0,58.48,333,桃園市龜山區,桃園市龜山區忠義路一段與楓樹七街交叉口-電聯定位,1,RT20250000013994,1.0,,25.003656,121.344539,1410,W1,1412,Taoyuan,WG,1,8.0,13
5A-平鎮倉,77959 桃園市立幸福國中-籃球場,8.0,61.61,333,桃園市龜山區,桃園市龜山區中興路100巷20號-幸福國中 後方籃球場,1,RT20250000012199,1.0,,24.98713,121.333214,1410,W1,1413,Taoyuan,PZ,1,8.0,10
5A-平鎮倉,75321 麗明-星科技龜山工業區,8.0,62.42,333,桃園市龜山區,桃園市龜山區中興路2號-微星科技,1,RT20250000012903,1.0,,24.986247,121.329739,1410,W1,1414,Taoyuan,PZ,1,8.0,10
5A-平鎮倉,75321 麗明-星科技龜山工業區,8.0,62.42,333,桃園市龜山區,桃園市龜山區中興路2號-微星科技,1,RT202500008949,1.0,,24.98673,121.329509,1410,W1,1415,Taoyuan,PZ,1,8.0,10
5A-平鎮倉,75321 麗明-星科技龜山工業區,8.0,62.42,333,桃園市龜山區,桃園市龜山區中興路2號-微星科技,1,RT202500008949,1.0,,24.98673,121.329509,1410,W1,1416,Taoyuan,PZ,1,8.0,10
5A-平鎮倉,75321 麗明-星科技龜山工業區,8.0,62.42,333,桃園市龜山區,桃園市龜山區中興路2號-微星科技,1,RT20250000012903,1.0,,24.986247,121.329739,1410,W1,1417,Taoyuan,PZ,1,8.0,10
5A-平鎮倉,75787 長友營造-欣興電子,8.0,62.78,333,桃園市龜山區,桃園市龜山區山鶯路文華巷2號,1,RT202500005433,,1.0,24.98493,121.330453,1410,W2,1418,Taoyuan,PZ,2,16.0,10
5A-平鎮倉,75787 長友營造-欣興電子,8.0,62.81,333,桃園市龜山區,桃園市龜山區山鶯路文華巷2號,1,RT202500005436,,1.0,24.984814,121.330225,1410,W2,1419,Taoyuan,PZ,2,16.0,10
5A-平鎮倉,74768 富泰營造-友華生技,8.0,64.24,330,桃園市桃園區,桃園市桃園區興隆路6-1號,1,RT20250000011076,,1.0,24.984889,121.320828,1420,W2,1420,Taoyuan,PZ,2,16.0,10
5D-五股倉,70857 達龍營造-金山,8.0,50.25,208,新北市金山區,新北市金山區中華路168號對面,1,RT20250000011894,1.0,,25.222423,121.632753,1010,W1,1421,Keelung,WG,1,8.0,4
5D-五股倉,65421 湯語?泉館(哈拉生活),8.0,50.5,208,新北市金山區,新北市金山區環金路295號-湯語?泉館電聯,1,RT20250000012230,1.0,,25.222039,121.630778,1010,W1,1422,Keelung,WG,1,8.0,4
5D-五股倉,65421 湯語?泉館(哈拉生活),8.0,50.5,208,新北市金山區,新北市金山區環金路295號-湯語?泉館電聯,1,RT20250000012230,1.0,,25.222039,121.630778,1010,W1,1423,Keelung,WG,1,8.0,4
5D-五股倉,65421 湯語?泉館(哈拉生活),8.0,50.5,208,新北市金山區,新北市金山區環金路295號-湯語?泉館電聯,1,RT20250000012230,1.0,,25.222039,121.630778,1010,W1,1424,Keelung,WG,1,8.0,4
5D-五股倉,70963 倢宇建設有限公司,8.0,63.66,204,基隆市安樂區,基隆市安樂區武聖街186號,1,RT20250000014037,1.0,,25.160722,121.698191,1030,W1,1425,Keelung,WG,1,8.0,4
5D-五股倉,59829 勤家-基隆,8.0,66.46,204,基隆市安樂區,基隆市安樂區基金一路&武崙街口-2號,1,RT20250000010794,1.0,,25.141461,121.707081,1030,W1,1426,Keelung,WG,1,8.0,4
5D-五股倉,59829 勤家-基隆,8.0,66.46,204,基隆市安樂區,基隆市安樂區基金一路&武崙街口-2號,1,RT20250000010794,1.0,,25.141461,121.707081,1030,W1,1427,Keelung,WG,1,8.0,4
5D-五股倉,66589 勤家-基隆,8.0,66.5,204,基隆市安樂區,基隆市安樂區基金一路&武崙街口,1,RT20250000010795,1.0,,25.141122,121.707036,1030,W1,1428,Keelung,WG,1,8.0,4
5D-五股倉,66589 勤家-基隆,8.0,66.5,204,基隆市安樂區,基隆市安樂區基金一路&武崙街口,1,RT20250000010795,1.0,,25.141122,121.707036,1030,W1,1429,Keelung,WG,1,8.0,4
5D-五股倉,64114 金鑽源-新山水庫,8.0,67.62,204,基隆市安樂區,基隆市安樂區(新山水庫)-自行定位附圖,1,RT202500007392,1.0,,25.136783,121.710258,1030,W1,1430,Keelung,WG,1,8.0,4
5D-五股倉,61630 安固營造工程,8.0,70.36,204,基隆市安樂區,基隆市安樂區安和二街28號旁工地,1,RT20250000011958,1.0,,25.130356,121.721864,1030,W1,1431,Keelung,WG,1,8.0,4
5D-五股倉,76399 良有營造-樂利三街,8.0,71.41,204,基隆市安樂區,基隆市安樂區樂利三街150號,1,RT20250000011871,1.0,,25.126175,121.716622,1030,W1,1432,Keelung,WG,1,8.0,4
5D-五股倉,76937 國家新城福德宮,8.0,71.77,204,基隆市安樂區,基隆市安樂區樂利三街38巷13-4號-國家新城福德宮,1,RT202500008066,1.0,,25.126475,121.714106,1030,W1,1433,Keelung,WG,1,8.0,4
5D-五股倉,73921 勝岳營造-安樂高中,8.0,74.61,204,基隆市安樂區,基隆市安樂區安一路360號-安樂高中,1,RT202400009224,1.0,,25.134736,121.730023,1030,W1,1434,Keelung,WG,1,8.0,4
5D-五股倉,73921 勝岳營造-安樂高中,8.0,74.61,204,基隆市安樂區,基隆市安樂區安一路360號-安樂高中,1,RT202400009224,1.0,,25.134736,121.730023,1030,W1,1435,Keelung,WG,1,8.0,4
5D-五股倉,74551 鴻信營造-基隆,8.0,77.05,203,基隆市中山區,基隆市中山區中山一路263號旁,1,RT20240000011958,1.0,,25.135614,121.740375,1040,W1,1436,Keelung,WG,1,8.0,4
5D-五股倉,72477 頂發建設-基隆,8.0,78.44,200,基隆市仁愛區,基隆市仁愛區精一路32號旁,1,RT20250000012819,1.0,,25.126611,121.741055,1070,W1,1437,Keelung,WG,1,8.0,4
5D-五股倉,70817 都發建設-同#62143工地,8.0,78.64,200,基隆市仁愛區,基隆市仁愛區精一路6號,1,RT202500001904,1.0,,25.125584,121.740789,1070,W1,1438,Keelung,WG,1,8.0,4
5D-五股倉,76312 王鼎-義二路,8.0,79.69,202,基隆市中正區,基隆市中正區義二路99號旁的工地,1,RT202500004396,1.0,,25.132664,121.746439,1050,W1,1439,Keelung,WG,1,8.0,4
5D-五股倉,75885 原榮實業-橙品211,8.0,80.04,202,基隆市中正區,基隆市中正區義二路211號,1,RT202500002638,1.0,,25.135341,121.748219,1050,W1,1440,Keelung,WG,1,8.0,4
5D-五股倉,76191 壹山營造-第五碼頭,8.0,80.64,202,基隆市中正區,基隆市中正區中正路5-1號-長榮桂冠酒店斜對面壹山營造工區,1,RT202500003891,1.0,,25.136916,121.74705,1050,W1,1441,Keelung,WG,1,8.0,4
5D-五股倉,76191 壹山營造-第五碼頭,8.0,80.64,202,基隆市中正區,基隆市中正區中正路5-1號-長榮桂冠酒店斜對面壹山營造工區,1,RT202500003891,1.0,,25.136916,121.74705,1050,W1,1442,Keelung,WG,1,8.0,4
5D-五股倉,68344 義力營造-仁愛區,8.0,81.56,200,基隆市仁愛區,基隆市仁愛區仁二路236號(東岸商場&文化廣場間),1,RT20250000013351,1.0,,25.130939,121.743894,1070,W1,1443,Keelung,WG,1,8.0,4
5D-五股倉,68344 義力營造-仁愛區,8.0,81.56,200,基隆市仁愛區,基隆市仁愛區仁二路236號(東岸商場&文化廣場間),1,RT20250000013351,1.0,,25.130939,121.743894,1070,W1,1444,Keelung,WG,1,8.0,4
5D-五股倉,68344 義力營造-仁愛區,8.0,81.56,200,基隆市仁愛區,基隆市仁愛區仁二路236號(東岸商場&文化廣場間),1,RT20250000013351,1.0,,25.130939,121.743894,1070,W1,1445,Keelung,WG,1,8.0,4
5D-五股倉,76989 開豐資產-培德段,8.0,86.82,201,基隆市信義區,基隆市信義區深澳坑路86巷2號對面,1,RT202500007685,1.0,,25.126181,121.781798,1060,W1,1446,Keelung,WG,1,8.0,4
5D-五股倉,54227 吳老舖手作燒物酒場,8.0,87.97,201,基隆市信義區,基隆市信義區深溪路與新豐街口(第八攤)-吳老鋪,1,RT202500003942,1.0,,25.13508,121.783231,1060,W1,1447,Keelung,WG,1,8.0,4
5D-五股倉,77212 王鼎營造-正信路,8.0,91.3,201,基隆市信義區,基隆市信義區正信路205號,1,RT202500008873,1.0,,25.133994,121.759314,1060,W1,1448,Keelung,WG,1,8.0,4
5D-五股倉,76910 新橫濱社區,8.0,98.18,203,基隆市中山區,基隆市中山區復興路219號旁,1,RT202500007375,1.0,,25.148091,121.723859,1040,W1,1449,Keelung,WG,1,8.0,4
5D-五股倉,75739 長聖營造-德和國小,8.0,99.9,203,基隆市中山區,基隆市中山區文化路164號-德和國小,1,RT202500002018,1.0,,25.155178,121.730328,1040,W1,1450,Keelung,WG,1,8.0,4
5D-五股倉,75739 長聖營造-德和國小,8.0,99.9,203,基隆市中山區,基隆市中山區文化路164號-德和國小,1,RT202500002018,1.0,,25.155178,121.730328,1040,W1,1451,Keelung,WG,1,8.0,4
5D-五股倉,76736 壹山營造-西33號碼頭,8.0,103.16,203,基隆市中山區,"基隆市中山區光華路29號 嘉新水泥廠附近  25°09'21.8""N 121°44'54.3""E",1,RT202500006761,1.0,,25.155617,121.748761,1040,W1,1452,Keelung,WG,1,8.0,4
5D-五股倉,76736 壹山營造-西33號碼頭,8.0,103.16,203,基隆市中山區,"基隆市中山區光華路29號 嘉新水泥廠附近  25°09'21.8""N 121°44'54.3""E",1,RT202500006761,1.0,,25.155617,121.748761,1040,W1,1453,Keelung,WG,1,8.0,4
5D-五股倉,76735 壹山營造-西28A碼頭,8.0,103.28,203,基隆市中山區,"基隆市中山區中山四路28號 25°09'02.2""N 121°44'43.0""E",1,RT202500006760,1.0,,25.154494,121.751925,1040,W1,1454,Keelung,WG,1,8.0,4
5D-五股倉,76737 壹山營造工程股份有限公司,8.0,105.14,203,基隆市中山區,"基隆市中山區太白里光華塔附近 25°09'16.8""N 121°45'06.8""E",1,RT202500006762,1.0,,25.150361,121.745477,1040,W1,1455,Keelung,WG,1,8.0,4
5A-平鎮倉,77273 鴻銘營造-黎頭山營區,8.0,36.54,305,新竹縣新埔鎮,新竹縣新埔鎮文華路92號-黎頭山營區,1,RT202500009142,1.0,,24.826706,121.042077,1685,W1,1456,Hsinchu,PZ,1,8.0,11
5A-平鎮倉,77273 鴻銘營造-黎頭山營區,8.0,36.54,305,新竹縣新埔鎮,新竹縣新埔鎮文華路92號-黎頭山營區,1,RT202500009142,1.0,,24.826706,121.042077,1685,W1,1457,Hsinchu,PZ,1,8.0,11
5A-平鎮倉,66495 京宸-景上居,8.0,37.6,305,新竹縣新埔鎮,新竹縣新埔鎮褒忠路91號(檸檬樹幼兒園對面工地),1,RT202400007370,1.0,,24.82927,121.035869,1685,W1,1458,Hsinchu,PZ,1,8.0,11
5A-平鎮倉,66495 京宸-景上居,8.0,37.62,305,新竹縣新埔鎮,新竹縣新埔鎮褒忠路91號(檸檬樹幼兒園對面工地),1,RT202400003338,1.0,,24.829423,121.035922,1685,W1,1459,Hsinchu,PZ,1,8.0,11
5A-平鎮倉,74677 晁瑭建築-新埔,8.0,38.52,305,新竹縣新埔鎮,新竹縣新埔鎮福祿八街&福祿十街交叉口,1,RT20240000012588,1.0,,24.835736,121.032536,1685,W1,1460,Hsinchu,PZ,1,8.0,11
5A-平鎮倉,73178 富羿營造-樂沐朵2,8.0,38.79,305,新竹縣新埔鎮,新竹縣新埔鎮福祿七街21號對面,1,RT20250000012827,1.0,,24.834669,121.031314,1685,W1,1461,Hsinchu,PZ,1,8.0,11
5A-平鎮倉,75010 國隆營造-新埔,8.0,39.05,305,新竹縣新埔鎮,新竹縣新埔鎮福祿二街63號旁,1,RT20250000013285,1.0,,24.833439,121.030431,1685,W1,1462,Hsinchu,PZ,1,8.0,11
5A-平鎮倉,74841 實見營造-新埔,8.0,42.86,305,新竹縣新埔鎮,新竹縣新埔鎮義民路三段500巷160號,1,RT20250000012439,1.0,,24.851628,121.036258,1685,W1,1463,Hsinchu,PZ,1,8.0,11
5A-平鎮倉,74841 實見營造-新埔,8.0,42.86,305,新竹縣新埔鎮,新竹縣新埔鎮義民路三段500巷160號,1,RT20250000012439,1.0,,24.851628,121.036258,1685,W1,1464,Hsinchu,PZ,1,8.0,11
5A-平鎮倉,70071 天南營造-聚酯膜廠,8.0,48.51,305,新竹縣新埔鎮,新竹縣新埔鎮文山路亞東段369號,1,RT202500007916,1.0,,24.828364,121.056431,1685,W1,1465,Hsinchu,PZ,1,8.0,11
5A-平鎮倉,70071 天南營造-聚酯膜廠,8.0,48.51,305,新竹縣新埔鎮,新竹縣新埔鎮文山路亞東段369號,1,RT202500007916,1.0,,24.828364,121.056431,1685,W1,1466,Hsinchu,PZ,1,8.0,11
5A-平鎮倉,70071 天南營造-聚酯膜廠,8.0,48.51,305,新竹縣新埔鎮,新竹縣新埔鎮文山路亞東段369號,1,RT202500007916,1.0,,24.828364,121.056431,1685,W1,1467,Hsinchu,PZ,1,8.0,11
5A-平鎮倉,70071 天南營造-聚酯膜廠,8.0,48.51,305,新竹縣新埔鎮,新竹縣新埔鎮文山路亞東段369號,1,RT202500007916,1.0,,24.828364,121.056431,1685,W1,1468,Hsinchu,PZ,1,8.0,11
5A-平鎮倉,78242 辰鴻建設-新埔,8.0,49.73,305,新竹縣新埔鎮,新竹縣新埔鎮文山路亞東段-附座標,1,RT20250000013397,1.0,,24.82467,121.064639,1685,W1,1469,Hsinchu,PZ,1,8.0,4
5A-平鎮倉,75523 新竹縣新埔鎮公所,8.0,50.39,305,新竹縣新埔鎮,新竹縣新埔鎮田新路741號對面(鳳山溪河濱運動公園),1,RT202500001224,1.0,,24.824984,121.068573,1685,W1,1470,Hsinchu,PZ,1,8.0,4
5A-平鎮倉,72229 英智-新埔,8.0,51.22,305,新竹縣新埔鎮,新竹縣新埔鎮和平街311號,1,RT202500009373,1.0,,24.827067,121.072495,1685,W1,1471,Hsinchu,PZ,1,8.0,4
5A-平鎮倉,74323 忠謀營造-竹科安家,8.0,51.96,305,新竹縣新埔鎮,新竹縣新埔鎮中正路386號,1,RT20240000010896,1.0,,24.827956,121.078664,1685,W1,1472,Hsinchu,PZ,1,8.0,4
5A-平鎮倉,74692 李政融,8.0,56.28,305,新竹縣新埔鎮,新竹縣新埔鎮南蛇崎道路-附座標,1,RT20250000013242,1.0,,24.854942,121.08047,1685,W1,1473,Hsinchu,PZ,1,8.0,11
5A-平鎮倉,68301 全日通-新埔,8.0,62.24,305,新竹縣新埔鎮,新竹縣新埔鎮新龍路98巷33弄10號  （旭源工廠）,1,RT20250000011001,1.0,,24.83743,121.102417,1685,W1,1474,Hsinchu,PZ,1,8.0,11
5A-平鎮倉,75622 鉑金工程-新埔,8.0,69.37,305,新竹縣新埔鎮,新竹縣新埔鎮內立坑街501巷,1,RT202500007178,1.0,,24.804994,121.092811,1685,W1,1475,Hsinchu,PZ,1,8.0,4
5A-平鎮倉,76331 全泰營造-茅子埔,8.0,79.04,306,新竹縣關西鎮,新竹縣關西鎮茅子埔18-19號對面,1,RT202500004583,1.0,,24.804017,121.154181,1690,W1,1476,Hsinchu,PZ,1,8.0,6
5A-平鎮倉,66489 匯僑室內-健康宅,8.0,81.4,306,新竹縣關西鎮,新竹縣關西鎮北平路488號-健康宅,1,RT20250000013755,1.0,,24.795502,121.170161,1690,W1,1477,Taiwan,PZ,1,8.0,6
5A-平鎮倉,66489 匯僑室內-健康宅,8.0,81.4,306,新竹縣關西鎮,新竹縣關西鎮北平路488號-健康宅,1,RT20250000013755,1.0,,24.795502,121.170161,1690,W1,1478,Taiwan,PZ,1,8.0,6
5A-平鎮倉,66489 匯僑室內-健康宅,8.0,81.4,306,新竹縣關西鎮,新竹縣關西鎮北平路488號-健康宅,1,RT20250000013755,1.0,,24.795502,121.170161,1690,W1,1479,Taiwan,PZ,1,8.0,6
5A-平鎮倉,66489 匯僑室內-健康宅,8.0,81.4,306,新竹縣關西鎮,新竹縣關西鎮北平路488號-健康宅,1,RT20250000013755,1.0,,24.795502,121.170161,1690,W1,1480,Taiwan,PZ,1,8.0,6
5A-平鎮倉,69900 寶金建設-大德街,8.0,83.27,306,新竹縣關西鎮,新竹縣關西鎮育賢街128巷5號對面,1,RT202500008771,1.0,,24.787889,121.182084,1690,W1,1481,Taiwan,PZ,1,8.0,6
5A-平鎮倉,69900 寶金建設-大德街,8.0,83.27,306,新竹縣關西鎮,新竹縣關西鎮育賢街128巷5號對面,1,RT202500008771,1.0,,24.787889,121.182084,1690,W1,1482,Taiwan,PZ,1,8.0,6
5A-平鎮倉,74016 軒程工程-關西大德街,8.0,83.73,306,新竹縣關西鎮,新竹縣關西鎮東安里6鄰大德街135號旁,1,RT20250000013708,1.0,,24.787805,121.183273,1690,W1,1483,Taiwan,PZ,1,8.0,6
5A-平鎮倉,69900 寶金建設-大德街,8.0,83.81,306,新竹縣關西鎮,新竹縣關西鎮育賢街128巷5號對面,1,RT202500007382,1.0,,24.787444,121.182586,1690,W1,1484,Taiwan,PZ,1,8.0,6
5A-平鎮倉,73026 佳群建設-關農段,8.0,84.54,306,新竹縣關西鎮,新竹縣關西鎮育賢街51號對面,1,RT202500004854,1.0,,24.792475,121.185552,1690,W1,1485,Taiwan,PZ,1,8.0,6
5A-平鎮倉,73026 佳群建設-關農段,8.0,84.54,306,新竹縣關西鎮,新竹縣關西鎮育賢街51號對面,1,RT202500004854,1.0,,24.792475,121.185552,1690,W1,1486,Taiwan,PZ,1,8.0,6
5A-平鎮倉,72881 捷博-美達工業,8.0,91.81,306,新竹縣關西鎮,新竹縣關西鎮東平里大東坑66-2號,1,RT20250000010942,1.0,,24.828925,121.167084,1690,W1,1487,Taiwan,PZ,1,8.0,6
5A-平鎮倉,72881 捷博-美達工業,8.0,91.81,306,新竹縣關西鎮,新竹縣關西鎮東平里大東坑66-2號,1,RT20250000010942,1.0,,24.828925,121.167084,1690,W1,1488,Taiwan,PZ,1,8.0,6
5A-平鎮倉,69371 古炯龍,8.0,95.69,325,桃園市龍潭區,桃園市龍潭區高原路285巷105號-檳榔攤(十字弓),1,RT202500004116,1.0,,24.830139,121.202419,1430,W1,1489,Taiwan,PZ,1,8.0,6
5A-平鎮倉,66946 易山-龍潭,8.0,98.11,325,桃園市龍潭區,桃園市龍潭區中原路2段170巷附近(附圖),1,RT202500005602,1.0,,24.8428,121.195555,1430,W1,1490,Taiwan,PZ,1,8.0,6
5A-平鎮倉,73940 五城營造-宏順塑膠,8.0,99.35,325,桃園市龍潭區,桃園市龍潭區楊銅路一段133巷39號旁,1,RT20250000011993,1.0,,24.851008,121.197408,1430,W1,1491,Taiwan,PZ,1,8.0,6
5A-平鎮倉,70272 慶瑞營造-龍潭,8.0,100.78,325,桃園市龍潭區,桃園市龍潭區龍新路365號,1,RT20250000010546,1.0,,24.861139,121.194189,1430,W1,1492,Taiwan,PZ,1,8.0,6
5A-平鎮倉,75011 日鼎營造-龍潭,8.0,103.79,325,桃園市龍潭區,桃園市龍潭區宏遠路16號,1,RT20250000013181,1.0,,24.867536,121.215175,1430,W1,1493,Taiwan,PZ,1,8.0,6
5A-平鎮倉,74443 峰裕營造-龍潭,8.0,104.07,325,桃園市龍潭區,桃園市龍潭區百福街68巷,1,RT20240000011472,1.0,,24.869053,121.216547,1430,W1,1494,Taiwan,PZ,1,8.0,6
5A-平鎮倉,71903 國隆-實驗中學,8.0,39.57,300,新竹市東北香山,新竹市東區介壽路300號,1,RT20240000013263,1.0,,24.778184,121.017834,1570,W1,1495,Hsinchu,PZ,1,8.0,0
5A-平鎮倉,77149 君震營造-力行路,8.0,40.54,300,新竹市東北香山,新竹市東區力行路&力行二路路口,1,RT202500008600,1.0,,24.77567,121.01903,1570,W1,1496,Hsinchu,PZ,1,8.0,0
5A-平鎮倉,68167 竹科實中,8.0,41.15,300,新竹市東北香山,新竹市東區金山寺街(竹科實中警衛室)-附圖,1,RT2024000435,1.0,,24.777817,121.014897,1570,W1,1497,Hsinchu,PZ,1,8.0,0
5A-平鎮倉,68343 中麟營造-新三期標準廠房,8.0,42.47,300,新竹市東北香山,新竹市東區工業東四路&東三路交叉口-1F1號門,1,RT202500008794,1.0,,24.776056,121.005722,1570,W1,1498,Hsinchu,PZ,1,8.0,0
5A-平鎮倉,68343 中麟營造-新三期標準廠房,15.0,42.5,300,新竹市東北香山,新竹市東區工業東四路&東三路交叉口-A棟,5,RT202500004062,1.0,,24.775848,121.005761,1570,W1,1499,Hsinchu,PZ,1,15.0,0
5A-平鎮倉,68343 中麟營造-新三期標準廠房,15.0,42.52,300,新竹市東北香山,新竹市東區工業東四路&東三路交叉口-B棟,3,RT202500005255,1.0,,24.775673,121.005928,1570,W1,1500,Hsinchu,PZ,1,15.0,0
5A-平鎮倉,68343 中麟營造-新三期標準廠房,15.0,42.52,300,新竹市東北香山,新竹市東區工業東四路&東三路交叉口-A棟,3,RT202500005254,1.0,,24.775673,121.005928,1570,W1,1501,Hsinchu,PZ,1,15.0,0
5A-平鎮倉,68343 中麟營造-新三期標準廠房,15.0,42.55,300,新竹市東北香山,新竹市東區工業東四路&東三路交叉口-B棟,7,RT202500006495,1.0,,24.7755,121.006142,1570,W1,1502,Hsinchu,PZ,1,15.0,0
5A-平鎮倉,68343 中麟營造-新三期標準廠房,8.0,42.66,300,新竹市東北香山,新竹市東區工業東四路&東三路交叉口,1,RT202500006498,1.0,,24.775609,121.006964,1570,W1,1503,Hsinchu,PZ,1,8.0,0
5A-平鎮倉,68343 中麟營造-新三期標準廠房,8.0,42.66,300,新竹市東北香山,新竹市東區工業東四路&東三路交叉口,1,RT202500006498,1.0,,24.775609,121.006964,1570,W1,1504,Hsinchu,PZ,1,8.0,0
5A-平鎮倉,68343 中麟營造-新三期標準廠房,8.0,42.66,300,新竹市東北香山,新竹市東區工業東四路&東三路交叉口,1,RT202500006497,1.0,,24.775609,121.006964,1570,W1,1505,Hsinchu,PZ,1,8.0,0
5A-平鎮倉,68343 中麟營造-新三期標準廠房,15.0,42.86,300,新竹市東北香山,新竹市東區工業東四路&東三路交叉口-B棟,5,RT202500004063,1.0,,24.774867,121.007567,1570,W1,1506,Hsinchu,PZ,1,15.0,0
5A-平鎮倉,68343 中麟營造-新三期標準廠房,8.0,42.9,300,新竹市東北香山,新竹市東區工業東四路&東三路交叉口-從五號門進去,1,RT202500007758,1.0,,24.775211,121.00765,1570,W1,1507,Hsinchu,PZ,1,8.0,0
5A-平鎮倉,68343 中麟營造-新三期標準廠房,15.0,43.04,300,新竹市東北香山,新竹市東區工業東四路&東三路交叉口-A棟,7,RT202500006496,1.0,,24.775195,121.006778,1570,W1,1508,Hsinchu,PZ,1,15.0,0
5A-平鎮倉,77288 皇統營造-新安路,8.0,44.06,300,新竹市東北香山,新竹市東區新安路3號-附定位圖,1,RT202500009179,1.0,,24.781039,121.003953,1570,W1,1509,Hsinchu,PZ,1,8.0,0
5A-平鎮倉,77288 皇統營造-新安路,8.0,44.06,300,新竹市東北香山,新竹市東區新安路3號-附定位圖,1,RT202500009179,1.0,,24.781039,121.003953,1570,W1,1510,Hsinchu,PZ,1,8.0,0
5A-平鎮倉,77288 皇統營造-新安路,8.0,44.06,300,新竹市東北香山,新竹市東區新安路3號-附定位圖,1,RT202500009179,1.0,,24.781039,121.003953,1570,W1,1511,Hsinchu,PZ,1,8.0,0
5A-平鎮倉,77288 皇統營造-新安路,8.0,44.06,300,新竹市東北香山,新竹市東區新安路3號-附定位圖,1,RT202500009179,1.0,,24.781039,121.003953,1570,W1,1512,Hsinchu,PZ,1,8.0,0
5A-平鎮倉,75436 吉寬-東區,8.0,45.64,300,新竹市東北香山,新竹市東區慈雲路60號旁,1,RT2025000726,1.0,,24.790494,121.011997,1570,W1,1513,Hsinchu,PZ,1,8.0,0
5A-平鎮倉,75436 吉寬-東區,8.0,45.64,300,新竹市東北香山,新竹市東區慈雲路60號旁,1,RT2025000726,1.0,,24.790494,121.011997,1570,W1,1514,Hsinchu,PZ,1,8.0,0
5A-平鎮倉,75754 全城營造-東區,8.0,47.83,300,新竹市東北香山,新竹市東區東美路102之1號,1,RT202500002081,1.0,,24.801781,121.001836,1570,W1,1515,Hsinchu,PZ,1,8.0,0
5A-平鎮倉,72109 廣京-建功高中,8.0,48.28,300,新竹市東北香山,新竹市東區建功二路17號-建功高中,1,RT202500008394,1.0,,24.799589,121.000836,1570,W1,1516,Hsinchu,PZ,1,8.0,0
5A-平鎮倉,72109 廣京-建功高中,8.0,48.32,300,新竹市東北香山,新竹市東區建功二路17號-建功高中,1,RT202500008393,1.0,,24.799427,121.000458,1570,W1,1517,Hsinchu,PZ,1,8.0,0
5A-平鎮倉,72109 廣京-建功高中,8.0,48.32,300,新竹市東北香山,新竹市東區建功二路17號-建功高中,1,RT202500008392,1.0,,24.799377,121.000611,1570,W1,1518,Hsinchu,PZ,1,8.0,0
5A-平鎮倉,74067 雙喜營造-建功安居,8.0,49.11,300,新竹市東北香山,新竹市東區建功二路28號附近-建功安居社會住宅,1,RT202500009021,1.0,,24.797172,121.003975,1570,W1,1519,Hsinchu,PZ,1,8.0,0
5A-平鎮倉,73919 好士達營造-建功高中,8.0,49.29,300,新竹市東北香山,新竹市東區建功二路17號-建功高中,1,RT20250000013301,1.0,,24.7976,121.002678,1570,W1,1520,Hsinchu,PZ,1,8.0,0
5A-平鎮倉,76490 陞麥國際-光明新村,8.0,50.48,300,新竹市東北香山,新竹市東區光明新村167號,1,RT202500005402,1.0,,24.791639,120.997308,1570,W1,1521,Hsinchu,PZ,1,8.0,0
5A-平鎮倉,76490 陞麥國際-光明新村,8.0,50.48,300,新竹市東北香山,新竹市東區光明新村167號,1,RT202500005402,1.0,,24.791639,120.997308,1570,W1,1522,Hsinchu,PZ,1,8.0,0
5A-平鎮倉,76490 陞麥國際-光明新村,8.0,50.48,300,新竹市東北香山,新竹市東區光明新村167號,1,RT202500005402,1.0,,24.791639,120.997308,1570,W1,1523,Hsinchu,PZ,1,8.0,0
5A-平鎮倉,75339 和久營造-國立清華大學-醫輔大樓增建工程,8.0,51.36,300,新竹市東北香山,新竹市東區光復路二段101號-國立清華大學,1,RT2025000237,1.0,,24.796602,120.994697,1570,W1,1524,Hsinchu,PZ,1,8.0,0
5A-平鎮倉,64618 東鋼-清華大學,8.0,52.92,300,新竹市東北香山,新竹市東區光復路2段101號(清華大學台積館對面工地),1,RT2025000860,1.0,,24.787458,120.987866,1570,W1,1525,Hsinchu,PZ,1,8.0,0
5A-平鎮倉,64618 東鋼-清華大學,8.0,52.92,300,新竹市東北香山,新竹市東區光復路2段101號(清華大學台積館對面工地),1,RT2025000860,1.0,,24.787458,120.987866,1570,W1,1526,Hsinchu,PZ,1,8.0,0
5A-平鎮倉,76911 東凌工程-水利路,8.0,58.71,300,新竹市東北香山,新竹縣東區水利路46巷100號附近,1,RT202500007387,1.0,,24.802214,121.015283,1570,W1,1527,Hsinchu,PZ,1,8.0,0
5A-平鎮倉,77065 閎大營造股份有限公司,8.0,61.68,300,新竹市東北香山,新竹市東區科技五路1樓,1,RT20250000013733,1.0,,24.78508,121.004944,1570,W1,1528,Hsinchu,PZ,1,8.0,0
5A-平鎮倉,74563 蘇建興-東區,8.0,62.12,300,新竹市東北香山,新竹市東區科技四路5號附近,1,RT202500005790,1.0,,24.785005,121.004144,1570,W1,1529,Hsinchu,PZ,1,8.0,0
5A-平鎮倉,77543 國隆營造-湖濱一路,8.0,64.14,300,新竹市東北香山,新竹市東區湖濱一路與湖濱二路交接處-近開臺金山寺,1,RT20250000010402,1.0,,24.777684,121.014081,1570,W1,1530,Hsinchu,PZ,1,8.0,0
5A-平鎮倉,76940 昱旺開發-園區一路,8.0,64.62,300,新竹市東北香山,新竹市東區園區一路&竹村七路交叉口,1,RT202500007477,1.0,,24.776495,121.010947,1570,W1,1531,Hsinchu,PZ,1,8.0,0
5A-平鎮倉,71903 國隆-實驗中學,8.0,66.44,300,新竹市東北香山,新竹市東區介壽路300號,1,RT2024000572,1.0,,24.776831,121.017339,1570,W1,1532,Hsinchu,PZ,1,8.0,0
5A-平鎮倉,71849 豐和邦-青城之愛三期,8.0,16.81,320,桃園市中壢區,桃園市中壢區圓光路二段283巷,1,RT20230000015722,1.0,,25.006478,121.176025,1438,W1,1533,Taiwan,PZ,1,8.0,2
5A-平鎮倉,71849 豐和邦-青城之愛三期,8.0,16.85,320,桃園市中壢區,桃園市中壢區圓光路二段283巷,1,RT20240000013332,1.0,,25.006161,121.176109,1438,W1,1534,Taiwan,PZ,1,8.0,2
5A-平鎮倉,71849 豐和邦-青城之愛三期,8.0,16.87,320,桃園市中壢區,桃園市中壢區圓光路二段283巷,1,RT202500002637,1.0,,25.006019,121.176103,1438,W1,1535,Taiwan,PZ,1,8.0,2
5A-平鎮倉,71849 豐和邦-青城之愛三期,12.0,16.87,320,桃園市中壢區,桃園市中壢區圓光路二段283巷,5,RT202500007150,1.0,,25.006,121.176089,1438,W1,1536,Taiwan,PZ,1,12.0,2
5A-平鎮倉,71849 豐和邦-青城之愛三期,12.0,16.87,320,桃園市中壢區,桃園市中壢區圓光路二段283巷,5,RT202500007150,1.0,,25.006,121.176089,1438,W1,1537,Taiwan,PZ,1,12.0,2
5A-平鎮倉,65721 家岳-中壢,8.0,17.53,320,桃園市中壢區,桃園市中壢區月山路240號旁,1,RT20250000010971,1.0,,25.008294,121.179925,1438,W1,1538,Taiwan,PZ,1,8.0,2
5A-平鎮倉,65721 家岳-中壢,8.0,17.53,320,桃園市中壢區,桃園市中壢區月山路240號旁,1,RT20250000010971,1.0,,25.008294,121.179925,1438,W1,1539,Taiwan,PZ,1,8.0,2
5A-平鎮倉,65721 家岳-中壢,8.0,17.53,320,桃園市中壢區,桃園市中壢區月山路240號旁,1,RT20250000010971,1.0,,25.008294,121.179925,1438,W1,1540,Taiwan,PZ,1,8.0,2
5A-平鎮倉,65721 家岳-中壢,8.0,17.53,320,桃園市中壢區,桃園市中壢區月山路240號旁,1,RT20250000010971,1.0,,25.008294,121.179925,1438,W1,1541,Taiwan,PZ,1,8.0,2
5A-平鎮倉,74338 新藯營造-中壢,8.0,18.37,320,桃園市中壢區,桃園市中壢區月眉路三段101號旁,1,RT20250000010248,1.0,,25.012692,121.184052,1438,W1,1542,Taiwan,PZ,1,8.0,2
5A-平鎮倉,78149 豐和邦建設-月眉路二段,8.0,19.01,320,桃園市中壢區,桃園市中壢區月眉路二段318巷,1,RT20250000013012,1.0,,25.008,121.185861,1438,W1,1543,Taiwan,PZ,1,8.0,2
5A-平鎮倉,74313 龍天宮,8.0,20.31,320,桃園市中壢區,桃園市中壢區圓光路一段582巷38號-龍天宮,1,RT20250000010976,1.0,,25.001778,121.182914,1438,W1,1544,Taiwan,PZ,1,8.0,2
5A-平鎮倉,74339 盛鑫營造-劉邦禎,8.0,21.56,320,桃園市中壢區,桃園市中壢區山錦路96號對面工地,1,RT20250000012153,1.0,,24.99535,121.17715,1438,W1,1545,Taiwan,PZ,1,8.0,2
5A-平鎮倉,76044 廣川建設-廣川市,8.0,23.31,320,桃園市中壢區,桃園市中壢區崇德二路43號旁-追加,1,RT20250000013478,1.0,,24.996494,121.193391,1438,W1,1546,Taiwan,PZ,1,8.0,2
5A-平鎮倉,76044 廣川建設-廣川市,8.0,23.47,320,桃園市中壢區,桃園市中壢區崇德二路43號旁,1,RT202500003223,1.0,,24.995916,121.19405,1438,W1,1547,Taiwan,PZ,1,8.0,2
5A-平鎮倉,69718 大維-啟文段二期,8.0,25.66,320,桃園市中壢區,桃園市中壢區五聖路26巷36號,1,RT20250000012779,1.0,,24.989394,121.19968,1438,W1,1548,Taiwan,PZ,1,8.0,2
5A-平鎮倉,69718 大維-啟文段二期,8.0,25.66,320,桃園市中壢區,桃園市中壢區五聖路26巷36號,1,RT20250000012779,1.0,,24.989394,121.19968,1438,W1,1549,Taiwan,PZ,1,8.0,2
5A-平鎮倉,75848 鑫建豪營-富甲三林,8.0,26.93,320,桃園市中壢區,桃園市中壢區啟文路2段250巷,1,RT202500002492,1.0,,24.9823,121.198977,1438,W1,1550,Taiwan,PZ,1,8.0,2
5A-平鎮倉,77495 首善營造-銜接#70111 達笙建設,8.0,30.57,320,桃園市中壢區,桃園市中壢區內厝十一路工地,1,RT20250000010108,1.0,,24.991116,121.173064,1438,W1,1551,Taiwan,PZ,1,8.0,2
5A-平鎮倉,77495 首善營造-銜接#70111 達笙建設,8.0,30.57,320,桃園市中壢區,桃園市中壢區內厝十一路工地,1,RT20250000011276,1.0,,24.991116,121.173064,1438,W1,1552,Taiwan,PZ,1,8.0,2
5A-平鎮倉,70837 煜承營造-諾瓦材料,8.0,32.81,320,桃園市中壢區,桃園市中壢區(觀音區)忠愛路二段198之215號對面,1,RT20250000013138,1.0,,25.002894,121.160603,1438,W1,1553,Taiwan,PZ,1,8.0,6
5A-平鎮倉,75804 三石營造-百吉樂活,8.0,37.38,320,桃園市中壢區,桃園市中壢區中正路二段424號,1,RT202500009344,1.0,,24.980503,121.191764,1438,W1,1554,Taiwan,PZ,1,8.0,2
5A-平鎮倉,75804 三石營造-百吉樂活,8.0,37.45,320,桃園市中壢區,桃園市中壢區中正路二段424號,1,RT202500005675,1.0,,24.980545,121.192366,1438,W1,1555,Taiwan,PZ,1,8.0,2
5A-平鎮倉,75804 三石營造-百吉樂活,8.0,37.46,320,桃園市中壢區,桃園市中壢區中正路二段424號-追加,1,RT20250000013380,1.0,,24.980528,121.192472,1438,W1,1556,Taiwan,PZ,1,8.0,2
5A-平鎮倉,78160 許建宗,8.0,39.72,320,桃園市中壢區,桃園市平鎮區(中壢區)中央路257號,1,RT20250000013041,1.0,,24.965975,121.187408,1438,W1,1557,Taiwan,PZ,1,8.0,2
5A-平鎮倉,76777 ?盈建設-千江墨,8.0,41.17,320,桃園市中壢區,桃園市平鎮區(中壢區)民族路三段275號旁-補送,1,RT202500008109,1.0,,24.958342,121.192669,1438,W1,1558,Taiwan,PZ,1,8.0,2
5A-平鎮倉,76777 ?盈建設-千江墨,8.0,42.13,320,桃園市中壢區,桃園市平鎮區(中壢區)民族路三段275號旁,1,RT202500006892,1.0,,24.957781,121.192161,1438,W1,1559,Taiwan,PZ,1,8.0,2
5A-平鎮倉,77771 鼎運營造工程-松義三街,8.0,44.78,320,桃園市中壢區,桃園市中壢區松義三街11號,1,RT20250000011362,1.0,,24.959111,121.169409,1438,W1,1560,Taiwan,PZ,1,8.0,5
5A-平鎮倉,75456 梁祐嘉,24.0,45.29,320,桃園市中壢區,桃園市中壢區民族路五段168號,1,RT2025000801,1.0,,24.958706,121.173523,1438,W1,1561,Taiwan,PZ,1,24.0,5
5A-平鎮倉,75098 大載建設-雙嶺1364,24.0,46.8,320,桃園市中壢區,桃園市中壢區松仁路229號,6,RT20240000014301,1.0,,24.962489,121.166614,1438,W1,1562,Taiwan,PZ,1,24.0,5
5A-平鎮倉,75098 大載建設-雙嶺1364,24.0,46.8,320,桃園市中壢區,桃園市中壢區松仁路229號,12,RT202500004176,1.0,,24.962489,121.166614,1438,W1,1563,Taiwan,PZ,1,24.0,5
5A-平鎮倉,55420 金煌-中壢,8.0,46.81,320,桃園市中壢區,桃園市中壢區松信路192號-追加,1,RT20250000011058,1.0,,24.962378,121.166583,1438,W1,1564,Taiwan,PZ,1,8.0,5
5A-平鎮倉,55420 金煌-中壢,8.0,46.95,320,桃園市中壢區,桃園市中壢區松信路192號附近-電聯帶定位,1,RT202500009517,1.0,,24.963056,121.166083,1438,W1,1565,Taiwan,PZ,1,8.0,5
5A-平鎮倉,76574 沐榕商行,8.0,47.05,320,桃園市中壢區,桃園市中壢區松仁路跟高鐵南路交叉口,1,RT202500005802,1.0,,24.963461,121.165531,1438,W1,1566,Taiwan,PZ,1,8.0,5
5A-平鎮倉,76638 宏民營造-過嶺安居,8.0,47.75,320,桃園市中壢區,桃園市中壢區高鐵南路五段&松勇路,1,RT202500006139,1.0,,24.962461,121.163517,1438,W1,1567,Taiwan,PZ,1,8.0,5
5A-平鎮倉,76638 宏民營造-過嶺安居,8.0,47.75,320,桃園市中壢區,桃園市中壢區高鐵南路五段&松勇路,1,RT202500006139,1.0,,24.962461,121.163517,1438,W1,1568,Taiwan,PZ,1,8.0,5
5A-平鎮倉,73753 基甲建設-明日香,8.0,50.35,320,桃園市中壢區,桃園市中壢區福田路525巷組合屋,1,RT20250000013612,1.0,,24.973511,121.162647,1438,W1,1569,Taiwan,PZ,1,8.0,5
5A-平鎮倉,76960 六大營造-中壢五權,8.0,56.05,320,桃園市中壢區,桃園市中壢區中大路與中大路1307巷口工地,1,RT202500007545,1.0,,24.968659,121.200783,1438,W1,1570,Taiwan,PZ,1,8.0,2
5A-平鎮倉,74027 鼎巨建設-中央大學,8.0,56.36,320,桃園市中壢區,桃園市中壢區中大路215之7號對面,1,RT202500008890,1.0,,24.968345,121.198014,1438,W1,1571,Taiwan,PZ,1,8.0,2
5A-平鎮倉,77903 合誠營造-環西路,8.0,57.94,320,桃園市中壢區,桃園市中壢區環西路二段25巷11號旁工地,1,RT20250000011788,1.0,,24.962322,121.208092,1438,W1,1572,Taiwan,PZ,1,8.0,2
5A-平鎮倉,77575 華鑑營造股份有限公司,8.0,58.48,320,桃園市中壢區,桃園市中壢區正光街177號旁大華工地,1,RT20250000011113,1.0,,24.960531,121.204692,1438,W1,1573,Taiwan,PZ,1,8.0,2
5A-平鎮倉,77575 華鑑營造股份有限公司,8.0,58.48,320,桃園市中壢區,桃園市中壢區正光街177號旁大華工地,1,RT20250000011113,1.0,,24.960531,121.204692,1438,W1,1574,Taiwan,PZ,1,8.0,2
5A-平鎮倉,74267 晉通營造-三民段748地號,8.0,59.55,320,桃園市中壢區,桃園市中壢區中正路1062巷186號,1,RT20250000010458,1.0,,24.965825,121.206928,1438,W1,1575,Taiwan,PZ,1,8.0,2
5A-平鎮倉,73063 千代營造-?盈花靜院,8.0,59.98,320,桃園市中壢區,桃園市中壢區三民一路158號,1,RT20240000011965,1.0,,24.968445,121.206644,1438,W1,1576,Taiwan,PZ,1,8.0,2
5A-平鎮倉,73063 千代營造-?盈花靜院,8.0,59.99,320,桃園市中壢區,桃園市中壢區三民一路158號,1,RT20250000010824,1.0,,24.968439,121.206506,1438,W1,1577,Taiwan,PZ,1,8.0,2
5A-平鎮倉,78009 地球營造-新林段782地號,8.0,34.43,244,新北市林口區,新北市林口區仁愛路一段211巷口,1,RT20250000012635,1.0,,25.073711,121.398522,1400,W1,1578,Taipei,WG,1,8.0,3
5A-平鎮倉,76792 達辰工程-林口區,8.0,34.74,244,新北市林口區,新北市林口區仁愛路一段123巷口,1,RT202500006939,1.0,,25.07115,121.39848,1400,W1,1579,Taipei,WG,1,8.0,3
5A-平鎮倉,75036 地球營造-新林段187地號,8.0,34.97,244,新北市林口區,新北市林口區仁愛路一段61巷13號對面,1,RT20240000014043,1.0,,25.069706,121.398222,1400,W1,1580,Taipei,WG,1,8.0,3
5A-平鎮倉,75855 菁宣營造-林口,8.0,35.03,244,新北市林口區,新北市林口區仁愛路一段61巷17號旁,1,RT202500002547,1.0,,25.069592,121.397575,1400,W1,1581,Taipei,WG,1,8.0,3
5A-平鎮倉,77283 菁宣營造-吳賜恩,8.0,35.07,244,新北市林口區,新北市林口區仁愛路一段61巷17號旁邊的旁邊-吳賜恩,1,RT202500009168,1.0,,25.069581,121.397236,1400,W1,1582,Taipei,WG,1,8.0,3
5A-平鎮倉,78147 閎博建築-林口區,8.0,35.17,244,新北市林口區,新北市林口區仁愛路一段與83巷交叉口,1,RT20250000013001,1.0,,25.069911,121.396722,1400,W1,1583,Taipei,WG,1,8.0,3
5A-平鎮倉,69668 穩曜營造股份有限公司,8.0,36.0,244,新北市林口區,新北市林口區仁愛路一段261巷21號旁,1,RT202500009013,1.0,,25.074478,121.397222,1400,W1,1584,Taipei,WG,1,8.0,3
5A-平鎮倉,75277 三石營造-林口新林16案,8.0,36.27,244,新北市林口區,新北市林口區仁愛路一段48巷口-林口新林16案,1,RT20240000015126,1.0,,25.07657,121.397114,1400,W1,1585,Taipei,WG,1,8.0,3
5A-平鎮倉,75277 三石營造-林口新林16案,8.0,36.27,244,新北市林口區,新北市林口區仁愛路一段48巷口-林口新林16案,1,RT20240000015126,1.0,,25.07657,121.397114,1400,W1,1586,Taipei,WG,1,8.0,3
5A-平鎮倉,70678 興富謙建設股份有限公司,8.0,36.7,244,新北市林口區,新北市林口區仁愛路一段335巷工地,1,RT20250000010953,1.0,,25.075756,121.393814,1400,W1,1587,Taipei,WG,1,8.0,3
5A-平鎮倉,77890 萬寧工程有限公司,8.0,37.51,244,新北市林口區,新北市林口區工六路1號-台灣伯恩氏,1,RT20250000011766,1.0,,25.079367,121.398094,1400,W1,1588,Taipei,WG,1,8.0,3
5A-平鎮倉,70582 宜佳-工四路,8.0,38.2,244,新北市林口區,新北市林口區工四路20號,1,RT20250000010669,1.0,,25.079473,121.402706,1400,W1,1589,Taipei,WG,1,8.0,3
5A-平鎮倉,73797 證源建設-林口,8.0,40.7,244,新北市林口區,新北市林口區林口路158號,1,RT202500007870,1.0,,25.082206,121.38798,1400,W1,1590,Taipei,WG,1,8.0,3
5A-平鎮倉,76133 家固營造-林口,8.0,41.38,244,新北市林口區,新北市林口區中山路151號旁,1,RT202500003773,1.0,,25.079184,121.387055,1400,W1,1591,Taipei,WG,1,8.0,3
5A-平鎮倉,75682 隆準營造-林口,8.0,41.87,244,新北市林口區,新北市林口區中正路396號,1,RT202500001735,1.0,,25.077728,121.385136,1400,W1,1592,Taipei,WG,1,8.0,3
5A-平鎮倉,75884 儒鼎營造-林妙姿等4人,8.0,41.89,244,新北市林口區,新北市林口區佳林路&中正路邊,1,RT202500002636,1.0,,25.077731,121.384894,1400,W1,1593,Taipei,WG,1,8.0,3
5A-平鎮倉,75884 儒鼎營造-林妙姿等4人,8.0,41.89,244,新北市林口區,新北市林口區佳林路&中正路邊,1,RT202500002636,1.0,,25.077731,121.384894,1400,W1,1594,Taipei,WG,1,8.0,3
5A-平鎮倉,70184 合軒建設-林口,8.0,42.51,244,新北市林口區,新北市林口區四維路245巷39號旁,1,RT2025000124,1.0,,25.075086,121.382086,1400,W1,1595,Taipei,WG,1,8.0,3
5A-平鎮倉,70184 合軒建設-林口,8.0,42.51,244,新北市林口區,新北市林口區四維路245巷39號旁,1,RT2025000122,1.0,,25.075098,121.382109,1400,W1,1596,Taipei,WG,1,8.0,3
5A-平鎮倉,75212 憶泰營造-張宸菱住宅,8.0,42.89,244,新北市林口區,新北市林口區東湖路153巷13號旁,1,RT20240000014767,1.0,,25.072373,121.382539,1400,W1,1597,Taipei,WG,1,8.0,3
5A-平鎮倉,72566 協聖營造-林口,8.0,42.9,244,新北市林口區,新北市林口區東湖路153巷13號巷子左轉右邊第二個工地,1,RT20250000010675,1.0,,25.072309,121.382556,1400,W1,1598,Taipei,WG,1,8.0,3
5A-平鎮倉,69015 中光建設股份有限公司,8.0,43.39,244,新北市林口區,新北市林口區東湖路75巷50號旁,1,RT20250000013718,1.0,,25.071886,121.385491,1400,W1,1599,Taipei,WG,1,8.0,3
5A-平鎮倉,75337 弘達建設-林口東明一街,8.0,44.58,244,新北市林口區,新北市林口區東明一街15巷15號,1,RT202500001430,1.0,,25.071731,121.393366,1400,W1,1600,Taipei,WG,1,8.0,3
5A-平鎮倉,75337 弘達建設-林口東明一街,8.0,44.61,244,新北市林口區,新北市林口區東明一街15號,1,RT2025000217,1.0,,25.071642,121.393644,1400,W1,1601,Taipei,WG,1,8.0,3
5A-平鎮倉,73230 地球營造-龜山,8.0,49.04,333,桃園市龜山區,桃園市龜山區文化一路40號,1,RT20250000012858,1.0,,25.057244,121.373773,1410,W1,1602,Taoyuan,WG,1,8.0,3
5A-平鎮倉,70508 中麟-華亞一期,17.0,49.81,333,桃園市龜山區,桃園市龜山區文化一路86-26號(華亞一期)科技一路40號,11,RT20240000012519,1.0,,25.052644,121.376739,1410,W1,1603,Taoyuan,WG,1,17.0,3
5A-平鎮倉,70508 中麟-華亞一期,17.0,50.03,333,桃園市龜山區,桃園市龜山區文化一路86-26號,13,RT202500001174,1.0,,25.053411,121.376856,1410,W1,1604,Taoyuan,WG,1,17.0,3
5A-平鎮倉,70508 中麟-華亞一期,17.0,50.05,333,桃園市龜山區,桃園市龜山區文化一路86-26號(華亞一期)科技一路40號,3,RT20240000012515,1.0,,25.053114,121.377031,1410,W1,1605,Taoyuan,WG,1,17.0,3
5A-平鎮倉,70508 中麟-華亞一期,17.0,50.05,333,桃園市龜山區,桃園市龜山區文化一路86-26號(華亞一期)科技一路40號,5,RT20240000012516,1.0,,25.053114,121.377031,1410,W1,1606,Taoyuan,WG,1,17.0,3
5A-平鎮倉,70508 中麟-華亞一期,17.0,50.05,333,桃園市龜山區,桃園市龜山區文化一路86-26號(華亞一期)科技一路40號,7,RT20240000012517,1.0,,25.053114,121.377031,1410,W1,1607,Taoyuan,WG,1,17.0,3
5A-平鎮倉,70508 中麟-華亞一期,17.0,50.05,333,桃園市龜山區,桃園市龜山區文化一路86-26號(華亞一期)科技一路40號,9,RT20240000012518,1.0,,25.053114,121.377031,1410,W1,1608,Taoyuan,WG,1,17.0,3
5A-平鎮倉,70508 中麟-華亞一期,8.0,50.05,333,桃園市龜山區,桃園市龜山區文化一路86-26號(華亞一期)科技一路40號,1,RT20250000012081,1.0,,25.053114,121.377031,1410,W1,1609,Taoyuan,WG,1,8.0,3
5A-平鎮倉,70508 中麟-華亞一期,8.0,50.05,333,桃園市龜山區,桃園市龜山區文化一路86-26號(華亞一期)科技一路40號,1,RT20250000012081,1.0,,25.053114,121.377031,1410,W1,1610,Taoyuan,WG,1,8.0,3
5A-平鎮倉,70508 中麟-華亞一期,8.0,50.05,333,桃園市龜山區,桃園市龜山區文化一路86-26號(華亞一期)科技一路40號,1,RT20250000012081,1.0,,25.053114,121.377031,1410,W1,1611,Taoyuan,WG,1,8.0,3
5A-平鎮倉,70508 中麟-華亞一期,8.0,50.05,333,桃園市龜山區,桃園市龜山區文化一路86-26號(華亞一期)科技一路40號,1,RT20250000012081,1.0,,25.053114,121.377031,1410,W1,1612,Taoyuan,WG,1,8.0,3
5A-平鎮倉,70508 中麟-華亞一期,8.0,50.05,333,桃園市龜山區,桃園市龜山區文化一路86-26號(華亞一期)科技一路40號,1,RT20250000012080,1.0,,25.053039,121.377098,1410,W1,1613,Taoyuan,WG,1,8.0,3
5A-平鎮倉,70508 中麟-華亞一期,8.0,50.05,333,桃園市龜山區,桃園市龜山區文化一路86-26號(華亞一期)科技一路40號,1,RT20250000012080,1.0,,25.053039,121.377098,1410,W1,1614,Taoyuan,WG,1,8.0,3
5A-平鎮倉,76927 田鼎-華亞段,8.0,50.98,333,桃園市龜山區,桃園市龜山區文化一路86-50號旁邊工地,1,RT202500007442,1.0,,25.049991,121.380481,1410,W1,1615,Taoyuan,WG,1,8.0,3
5A-平鎮倉,74996 宸莘有限公司,8.0,51.67,333,桃園市龜山區,桃園市龜山區長慶一街-電聯帶定位,1,RT20240000013877,1.0,,25.052881,121.383722,1410,W1,1616,Taoyuan,WG,1,8.0,3
5A-平鎮倉,77866 大華建設-銜接#76915 樂捷C,8.0,51.82,333,桃園市龜山區,桃園市龜山區樂學路&樂學一路交叉口,1,RT20250000011674,1.0,,25.053,121.385139,1410,W1,1617,Taipei,WG,1,8.0,3
5A-平鎮倉,69892 尚駿營造-文工一路,8.0,54.04,333,桃園市龜山區,桃園市龜山區文工一路298巷29號旁,1,RT202500006422,1.0,,25.050867,121.3947,1410,W1,1618,Taipei,WG,1,8.0,3
5A-平鎮倉,73853 三民營造-龜山樂善安居,8.0,55.36,333,桃園市龜山區,桃園市龜山區文南路171號,1,RT202500008178,1.0,,25.044889,121.399855,1410,W1,1619,Taipei,WG,1,8.0,3
5A-平鎮倉,73853 三民營造-龜山樂善安居,8.0,55.36,333,桃園市龜山區,桃園市龜山區文南路171號,1,RT202500008178,1.0,,25.044889,121.399855,1410,W1,1620,Taipei,WG,1,8.0,3
5A-平鎮倉,73853 三民營造-龜山樂善安居,8.0,55.36,333,桃園市龜山區,桃園市龜山區文南路171號,1,RT202500008178,1.0,,25.044889,121.399855,1410,W1,1621,Taipei,WG,1,8.0,3
5A-平鎮倉,73853 三民營造-龜山樂善安居,8.0,55.36,333,桃園市龜山區,桃園市龜山區文南路171號,1,RT202500008178,1.0,,25.044889,121.399855,1410,W1,1622,Taipei,WG,1,8.0,3
5D-五股倉,73249 興澤營造-三重,8.0,9.6,241,新北市三重區,新北市三重區集賢路168號旁,1,RT202500006843,1.0,,25.088858,121.485291,1200,W1,1623,Taipei,WG,1,8.0,8
5D-五股倉,73249 興澤營造-三重,8.0,9.7,241,新北市三重區,新北市三重區集賢路168號旁,1,RT202400006541,1.0,,25.088805,121.485169,1200,W1,1624,Taipei,WG,1,8.0,8
5D-五股倉,74069 玖長建設-三重,8.0,11.5,241,新北市三重區,新北市三重區福隆路24號,1,RT202500009016,1.0,,25.078114,121.491839,1200,W1,1625,Taipei,WG,1,8.0,8
5D-五股倉,68324 統和營造-三重,8.0,12.3,241,新北市三重區,新北市三重區三和路４段44巷29號旁工地,1,RT202500007710,1.0,,25.0741,121.489352,1200,W1,1626,Taipei,WG,1,8.0,13
5D-五股倉,68324 統和營造-三重,8.0,12.3,241,新北市三重區,新北市三重區三和路４段44巷29號旁工地,1,RT202500007710,1.0,,25.0741,121.489352,1200,W1,1627,Taipei,WG,1,8.0,13
5D-五股倉,78371 立川機械-同立程同鴻偉營造,8.0,12.8,241,新北市三重區,新北市三重區三張街91號-厚德國小後門,1,RT20250000013993,1.0,,25.070781,121.489455,1200,W1,1628,Taipei,WG,1,8.0,13
5D-五股倉,74990 林子翔,8.0,13.7,241,新北市三重區,新北市三重區車路頭街117巷63號,1,RT20250000013298,1.0,,25.075759,121.485658,1200,W1,1629,Taipei,WG,1,8.0,13
5D-五股倉,78096 璞承營造-蘆洲區,8.0,15.4,247,新北市蘆洲區,新北市蘆洲區中央路9號對面工地,1,RT20250000012875,1.0,,25.082509,121.473217,1210,W1,1630,Taipei,WG,1,8.0,13
5D-五股倉,78096 璞承營造-蘆洲區,8.0,15.4,247,新北市蘆洲區,新北市蘆洲區中央路9號對面工地,1,RT20250000012875,1.0,,25.082509,121.473217,1210,W1,1631,Taipei,WG,1,8.0,13
5D-五股倉,72666 李秀玲-光榮路,8.0,16.9,247,新北市蘆洲區,新北市蘆洲區光榮路112號旁,1,RT20250000012602,1.0,,25.089322,121.464342,1210,W1,1632,Taipei,WG,1,8.0,3
5D-五股倉,68342 新金世建設-,8.0,17.6,247,新北市蘆洲區,新北市蘆洲區長興路85號對面,1,RT202500006927,1.0,,25.084908,121.462161,1210,W1,1633,Taipei,WG,1,8.0,3
5D-五股倉,70848 築永家建設,8.0,18.6,247,新北市蘆洲區,新北市蘆洲區永安南路２段168號旁工地,1,RT20250000010793,1.0,,25.079392,121.460981,1210,W1,1634,Taipei,WG,1,8.0,3
5D-五股倉,71892 鴻信營造,8.0,21.0,241,新北市三重區,新北市三重區大有街17-1號,1,RT202400008588,1.0,,25.067323,121.473656,1200,W1,1635,Taipei,WG,1,8.0,13
5D-五股倉,71892 鴻信營造,8.0,21.0,241,新北市三重區,新北市三重區大有街17-1號,1,RT2024000533,1.0,,25.067173,121.473731,1200,W1,1636,Taipei,WG,1,8.0,13
5D-五股倉,70333 紹華營造-大有街,8.0,21.1,241,新北市三重區,新北市三重區大有街16-1號,1,RT20250000011951,1.0,,25.067003,121.474542,1200,W1,1637,Taipei,WG,1,8.0,13
5D-五股倉,70333 紹華營造-大有街,8.0,21.1,241,新北市三重區,新北市三重區大有街16-1號,1,RT20250000011951,1.0,,25.067003,121.474542,1200,W1,1638,Taipei,WG,1,8.0,13
5D-五股倉,71336 承優營造-三重82地號,8.0,21.1,241,新北市三重區,新北市三重區頂崁街210巷66弄16號旁,1,RT20250000013174,1.0,,25.067111,121.474542,1200,W1,1639,Taipei,WG,1,8.0,13
5D-五股倉,71336 承優營造-三重82地號,8.0,21.2,241,新北市三重區,新北市三重區頂崁街210巷66弄16號旁,1,RT20250000013175,1.0,,25.067261,121.474661,1200,W1,1640,Taipei,WG,1,8.0,13
5D-五股倉,76942 東騏營造-永德段,8.0,21.9,241,新北市三重區,新北市三重區三民街215號,1,RT202500007480,1.0,,25.066998,121.480228,1200,W1,1641,Taipei,WG,1,8.0,13
5D-五股倉,78305 英鼎工程-三重朝陽街,8.0,23.5,241,新北市三重區,新北市三重區朝陽街80號,1,RT20250000013625,1.0,,25.057622,121.483161,1200,W1,1642,Taipei,WG,1,8.0,13
5D-五股倉,73443 永騰營造-重陽路,8.0,24.1,241,新北市三重區,新北市三重區重陽路一段43巷4號旁,1,RT202500007210,1.0,,25.058097,121.487439,1200,W1,1643,Taipei,WG,1,8.0,1
5D-五股倉,77938 耀鋐-三重高中,8.0,24.7,241,新北市三重區,新北市三重區集美街58巷底,1,RT20250000012071,1.0,,25.055931,121.490841,1200,W1,1644,Taipei,WG,1,8.0,1
5D-五股倉,72580 傳亞營造-三重,8.0,26.4,241,新北市三重區,新北市三重區信義西街-信義公園內鎮安宮前廣場,1,RT202400003577,,1.0,25.064722,121.498661,1200,W2,1645,Taipei,WG,2,16.0,1
5D-五股倉,72580 傳亞營造-三重,8.0,26.4,241,新北市三重區,新北市三重區信義西街-信義公園內鎮安宮前廣場,1,RT202400003577,,1.0,25.064722,121.498661,1200,W2,1646,Taipei,WG,2,16.0,1
5D-五股倉,77454 力萬建設-#銜接75496 統和營造,8.0,26.9,241,新北市三重區,新北市三重區仁慈街&福德南路交叉口,1,RT202500009986,1.0,,25.063328,121.502692,1200,W1,1647,Taipei,WG,1,8.0,1
5D-五股倉,74247 承優營造-三重段427地號,8.0,29.3,241,新北市三重區,新北市三重區環河南路&成功二街交叉口,1,RT20240000012462,1.0,,25.048561,121.488075,1200,W1,1648,Taipei,WG,1,8.0,1
5D-五股倉,74247 承優營造-三重段427地號,8.0,29.4,241,新北市三重區,新北市三重區環河南路&成功二街交叉口,1,RT20240000010653,1.0,,25.0484,121.487647,1200,W1,1649,Taipei,WG,1,8.0,1
5D-五股倉,75402 紹華營造-誠譯,8.0,29.7,241,新北市三重區,新北市三重區成功一街&成功二街交叉口,1,RT2025000516,1.0,,25.050356,121.486883,1200,W1,1650,Taipei,WG,1,8.0,1
5D-五股倉,77636 聯順建設-興德路,8.0,32.1,241,新北市三重區,新北市三重區興德路69號,1,RT20250000010858,1.0,,25.05356,121.4741,1200,W1,1651,Taipei,WG,1,8.0,13
5D-五股倉,77636 聯順建設-興德路,8.0,32.1,241,新北市三重區,新北市三重區興德路69號,1,RT20250000010858,1.0,,25.05356,121.4741,1200,W1,1652,Taipei,WG,1,8.0,13
5D-五股倉,77636 聯順建設-興德路,8.0,32.1,241,新北市三重區,新北市三重區興德路69號,1,RT20250000010858,1.0,,25.05356,121.4741,1200,W1,1653,Taipei,WG,1,8.0,13
5D-五股倉,77636 聯順建設-興德路,8.0,32.1,241,新北市三重區,新北市三重區興德路69號,1,RT20250000010858,1.0,,25.05356,121.4741,1200,W1,1654,Taipei,WG,1,8.0,13
5D-五股倉,69923 長友營造-國豐三重,8.0,32.4,241,新北市三重區,新北市三重區光復路二段5號,1,RT20250000013553,,1.0,25.053886,121.472131,1200,W2,1655,Taipei,WG,2,16.0,13
5D-五股倉,69923 長友營造-國豐三重,8.0,32.4,241,新北市三重區,新北市三重區光復路二段5號,1,RT20250000013553,,1.0,25.053886,121.472131,1200,W2,1656,Taipei,WG,2,16.0,13
5D-五股倉,69923 長友營造-國豐三重,8.0,32.4,241,新北市三重區,新北市三重區光復路二段5號,1,RT20250000013555,,1.0,25.053908,121.472542,1200,W2,1657,Taipei,WG,2,16.0,13
5D-五股倉,69923 長友營造-國豐三重,8.0,32.4,241,新北市三重區,新北市三重區光復路二段5號,1,RT20250000013555,,1.0,25.053908,121.472542,1200,W2,1658,Taipei,WG,2,16.0,13
5D-五股倉,69923 長友營造-國豐三重,8.0,32.4,241,新北市三重區,新北市三重區光復路二段5號,1,RT20250000013555,,1.0,25.053908,121.472542,1200,W2,1659,Taipei,WG,2,16.0,13
5D-五股倉,71980 大都會汽車-新莊站,8.0,35.4,242,新北市新莊區,新北市新莊區中央路&昌平街口,1,RT2024000860,,1.0,25.058067,121.455131,1195,W2,1660,Taipei,WG,2,16.0,3
5D-五股倉,71980 大都會汽車-新莊站,8.0,35.4,242,新北市新莊區,新北市新莊區中央路&昌平街口,1,RT2024000860,,1.0,25.058067,121.455131,1195,W2,1661,Taipei,WG,2,16.0,3
5D-五股倉,75074 昌瑞企業社,8.0,37.7,243,新北市泰山區,新北市泰山區楓江路86巷52號,1,RT20240000014172,1.0,,25.059814,121.438944,1230,W1,1662,Taipei,WG,1,8.0,3
5D-五股倉,65922 利晉-南亞林口,11.0,43.6,243,新北市泰山區,新北市泰山區南林路102號旁巷子工地-設備棟-A棟-2F,2,RT202500008822,1.0,,25.042741,121.410542,1230,W1,1663,Taipei,WG,1,11.0,3
5D-五股倉,65922 利晉-南亞林口,11.0,43.6,243,新北市泰山區,新北市泰山區南林路102號旁巷子工地-設備棟-A棟-2F,2,RT202500008822,1.0,,25.042741,121.410542,1230,W1,1664,Taipei,WG,1,11.0,3
5D-五股倉,65922 利晉-南亞林口,11.0,43.6,243,新北市泰山區,新北市泰山區南林路102號旁巷子工地-廢水棟-B棟-2F-3F,2,RT202500008824,1.0,,25.0425,121.410739,1230,W1,1665,Taipei,WG,1,11.0,3
5D-五股倉,65922 利晉-南亞林口,12.0,43.6,243,新北市泰山區,新北市泰山區南林路102號旁巷子工地-廢水棟-B棟-2F-3F,3,RT202500008824,1.0,,25.0425,121.410739,1230,W1,1666,Taipei,WG,1,12.0,3
5D-五股倉,65922 利晉-南亞林口,8.0,43.8,243,新北市泰山區,新北市泰山區南林路102號旁巷子工地-電聯定位-1F,1,RT202500008833,,1.0,25.04213,121.412114,1230,W2,1667,Taipei,WG,2,16.0,3
5D-五股倉,65922 利晉-南亞林口,8.0,43.8,243,新北市泰山區,新北市泰山區南林路102號旁巷子工地-電聯定位-1F,1,RT202500008833,,1.0,25.04213,121.412114,1230,W2,1668,Taipei,WG,2,16.0,3
5D-五股倉,65922 利晉-南亞林口,8.0,43.8,243,新北市泰山區,新北市泰山區南林路102號旁巷子工地-電聯定位-1F,1,RT202500008833,,1.0,25.04213,121.412114,1230,W2,1669,Taipei,WG,2,16.0,3
5D-五股倉,65922 利晉-南亞林口,8.0,43.8,243,新北市泰山區,新北市泰山區南林路102號旁巷子工地-電聯定位-1F,1,RT202500008833,,1.0,25.04213,121.412114,1230,W2,1670,Taipei,WG,2,16.0,3
5D-五股倉,65922 利晉-南亞林口,8.0,43.8,243,新北市泰山區,新北市泰山區南林路102號旁巷子工地-電聯定位-1F,1,RT202500008833,,1.0,25.04213,121.412114,1230,W2,1671,Taipei,WG,2,16.0,3
5D-五股倉,65922 利晉-南亞林口,8.0,43.8,243,新北市泰山區,新北市泰山區南林路102號旁巷子工地-電聯定位-1F,1,RT202500008833,,1.0,25.04213,121.412114,1230,W2,1672,Taipei,WG,2,16.0,3
5D-五股倉,65922 利晉-南亞林口,8.0,43.8,243,新北市泰山區,新北市泰山區南林路102號旁巷子工地-電聯定位-1F,1,RT202500008833,,1.0,25.04213,121.412114,1230,W2,1673,Taipei,WG,2,16.0,3
5D-五股倉,65922 利晉-南亞林口,8.0,43.8,243,新北市泰山區,新北市泰山區南林路102號旁巷子工地-電聯定位-1F,1,RT202500008833,,1.0,25.04213,121.412114,1230,W2,1674,Taipei,WG,2,16.0,3
5D-五股倉,65922 利晉-南亞林口,8.0,43.8,243,新北市泰山區,新北市泰山區南林路102號旁巷子工地-電聯定位-1F,1,RT202500008833,,1.0,25.04213,121.412114,1230,W2,1675,Taipei,WG,2,16.0,3
5D-五股倉,44590 日月亭股份有限公司,8.0,59.1,241,新北市三重區,新北市三重區龍門路-停車場,1,RT202400009396,,1.0,25.077767,121.502167,1200,W2,1676,Taipei,WG,2,16.0,8
5D-五股倉,44590 日月亭股份有限公司,8.0,59.1,241,新北市三重區,新北市三重區龍門路-停車場,1,RT202400009396,,1.0,25.077767,121.502167,1200,W2,1677,Taipei,WG,2,16.0,8
5A-平鎮倉,76146 一百-士林,8.0,61.69,111,臺北市士林區,臺北市士林區平菁街93巷29號對面,1,RT202500003821,1.0,,25.139083,121.579111,1290,W1,1678,Taipei,WG,1,8.0,8
5A-平鎮倉,77862 顧盛有限-平菁街,8.0,63.68,111,臺北市士林區,臺北市士林區平菁街51號旁,1,RT20250000011657,1.0,,25.128248,121.57052,1290,W1,1679,Taipei,WG,1,8.0,8
5A-平鎮倉,76662 巨兆工程行,8.0,70.07,111,臺北市士林區,臺北市士林區士林區凱旋路53號,1,RT20250000013286,1.0,,25.13568,121.542966,1290,W1,1680,Taipei,WG,1,8.0,8
5A-平鎮倉,76512 家昇室內-華岡路,8.0,70.5,111,臺北市士林區,臺北市士林區華岡路32號,1,RT20250000013564,1.0,,25.138002,121.542564,1290,W1,1681,Taipei,WG,1,8.0,8
5A-平鎮倉,64584 高度-華岡,8.0,71.54,111,臺北市士林區,臺北市士林區建業路21巷-電聯定位,1,RT202500008894,1.0,,25.136064,121.548483,1290,W1,1682,Taipei,WG,1,8.0,8
5A-平鎮倉,76401 基智室內-歐洲學校,8.0,71.77,111,臺北市士林區,臺北市士林區福國路99號-臺北歐洲學校,1,RT202500005102,1.0,,25.13718,121.550072,1290,W1,1683,Taipei,WG,1,8.0,8
5A-平鎮倉,76401 基智室內-歐洲學校,8.0,71.77,111,臺北市士林區,臺北市士林區福國路99號-臺北歐洲學校,1,RT202500005102,1.0,,25.13718,121.550072,1290,W1,1684,Taipei,WG,1,8.0,8
5A-平鎮倉,53948 禾進營造工程有限公司,8.0,72.38,111,臺北市士林區,臺北市士林區中庸一路14巷12弄9號,1,RT20250000010679,1.0,,25.133383,121.548464,1290,W1,1685,Taipei,WG,1,8.0,8
5A-平鎮倉,76003 日商華大成-士林,8.0,74.05,111,臺北市士林區,臺北市士林區仰德大道三段119號,1,RT202500003097,1.0,,25.121756,121.552161,1290,W1,1686,Taipei,WG,1,8.0,8
5A-平鎮倉,76003 日商華大成-士林,8.0,74.05,111,臺北市士林區,臺北市士林區仰德大道三段119號,1,RT202500003097,1.0,,25.121756,121.552161,1290,W1,1687,Taipei,WG,1,8.0,8
5A-平鎮倉,76003 日商華大成-士林,8.0,74.05,111,臺北市士林區,臺北市士林區仰德大道三段119號,1,RT202500003097,1.0,,25.121756,121.552161,1290,W1,1688,Taipei,WG,1,8.0,8
5A-平鎮倉,76003 日商華大成-士林,8.0,74.05,111,臺北市士林區,臺北市士林區仰德大道三段119號,1,RT202500003097,1.0,,25.121756,121.552161,1290,W1,1689,Taipei,WG,1,8.0,8
5A-平鎮倉,68948 頂石科技有限公司,8.0,74.72,111,臺北市士林區,臺北市士林區仰德大道4段20號,1,RT20250000011238,1.0,,25.12695,121.549061,1290,W1,1690,Taipei,WG,1,8.0,8
5A-平鎮倉,76378 睦陞建設-士林區,8.0,77.11,111,臺北市士林區,臺北市士林區仰德大道二段127號,1,RT20250000011964,1.0,,25.108658,121.546058,1290,W1,1691,Taipei,WG,1,8.0,8
5A-平鎮倉,75666 晶展營造-士林,8.0,77.54,111,臺北市士林區,臺北市士林區仰德大道二段67巷,1,RT202500001690,1.0,,25.107117,121.544605,1290,W1,1692,Taipei,WG,1,8.0,8
5A-平鎮倉,77796 程州工程-翁翠端,8.0,79.19,111,臺北市士林區,臺北市士林區仰德大道一段91巷5弄1號,1,RT20250000011453,1.0,,25.107225,121.538422,1290,W1,1693,Taipei,WG,1,8.0,8
5A-平鎮倉,72096 璞承營造-璞園泊隱,8.0,81.86,111,臺北市士林區,臺北市士林區德行東路260巷7號旁,1,RT202500001758,1.0,,25.109453,121.534519,1290,W1,1694,Taipei,WG,1,8.0,8
5A-平鎮倉,72096 璞承營造-築觀,8.0,81.89,111,臺北市士林區,臺北市士林區德行東路260巷7號旁,1,RT2025000202,1.0,,25.109217,121.534533,1290,W1,1695,Taipei,WG,1,8.0,8
5A-平鎮倉,75214 勝岳營造-士林,8.0,82.44,111,臺北市士林區,臺北市士林區德行東路345號,1,RT20240000014771,1.0,,25.110397,121.538022,1290,W1,1696,Taipei,WG,1,8.0,8
5A-平鎮倉,69296 長煜建設-士林,8.0,82.9,111,臺北市士林區,臺北市士林區士東路300號工地,1,RT20250000010836,1.0,,25.113558,121.538016,1290,W1,1697,Taipei,WG,1,8.0,8
5A-平鎮倉,70344 金星營造-士東路,8.0,83.88,111,臺北市士林區,臺北市士林區士東路80號旁,1,RT202500008981,1.0,,25.112069,121.528559,1290,W1,1698,Taipei,WG,1,8.0,8
5A-平鎮倉,70344 金星營造-士東路,20.0,83.88,111,臺北市士林區,臺北市士林區士東路80號旁-10F,10,RT20250000013203,1.0,,25.112069,121.528559,1290,W1,1699,Taipei,WG,1,20.0,8
5A-平鎮倉,70344 金星營造-士東路,20.0,84.0,111,臺北市士林區,臺北市士林區士東路80號旁-5F,5,RT202500008980,1.0,,25.11165,121.528684,1290,W1,1700,Taipei,WG,1,20.0,8
5A-平鎮倉,67628 加豐-青和二期,8.0,84.82,111,臺北市士林區,臺北市士林區忠誠路1段16巷31號,1,RT20250000013558,1.0,,25.105989,121.526059,1290,W1,1701,Taipei,WG,1,8.0,8
5A-平鎮倉,77533 英鼎工程-德行西路,8.0,85.13,111,臺北市士林區,臺北市士林區德行西路5號,1,RT20250000010319,1.0,,25.106314,121.524625,1290,W1,1702,Taipei,WG,1,8.0,8
5A-平鎮倉,67880 嘉泰營造-士林,8.0,86.53,111,臺北市士林區,臺北市士林區中山北路6段441巷41號,1,RT20250000013131,1.0,,25.117014,121.525531,1290,W1,1703,Taipei,WG,1,8.0,8
5A-平鎮倉,70990 麗高-中山北路,8.0,88.36,111,臺北市士林區,臺北市士林區中山北路七段114巷51弄5號,1,RT20250000011891,1.0,,25.123992,121.535141,1290,W1,1704,Taipei,WG,1,8.0,8
5A-平鎮倉,78282 行遠國際-中山北路七段,8.0,89.45,111,臺北市士林區,臺北市士林區中山北路7段190巷95號,1,RT20250000013537,1.0,,25.126342,121.536916,1290,W1,1705,Taipei,WG,1,8.0,8
5A-平鎮倉,77154 禹樂空間-銜接#75536,8.0,91.81,111,臺北市士林區,臺北市士林區東山路25巷36-1號-銜接#75536,1,RT20250000012095,1.0,,25.11845,121.541166,1290,W1,1706,Taipei,WG,1,8.0,8
5A-平鎮倉,72533 叡築-士林東山路,8.0,93.1,111,臺北市士林區,臺北市士林區東山路25巷81弄58-1號,1,RT202500003498,1.0,,25.126286,121.539714,1290,W1,1707,Taipei,WG,1,8.0,8
5A-平鎮倉,78310 叡築營造廠-士林陽明路,8.0,98.66,111,臺北市士林區,臺北市士林區陽明路一段70號,1,RT20250000013676,1.0,,25.150728,121.549969,1290,W1,1708,Taipei,WG,1,8.0,8
5A-平鎮倉,34232 國立臺灣圖書館,8.0,98.74,111,臺北市士林區,臺北市北投區(近士林)陽明路二段15號-中山樓,1,RT20240000013880,1.0,,25.151417,121.550194,1290,W1,1709,Taipei,WG,1,8.0,8
5A-平鎮倉,69053 蓋赫-草山御賓館,8.0,98.83,111,臺北市士林區,臺北市士林區新園街1號-草山御賓館,1,RT20250000011564,1.0,,25.150981,121.550681,1290,W1,1710,Taipei,WG,1,8.0,8
5A-平鎮倉,34232 國立臺灣圖書館,8.0,99.53,111,臺北市士林區,臺北市北投區(近士林)陽明路二段15號-中山樓,1,RT20240000013879,1.0,,25.155272,121.552578,1290,W1,1711,Taipei,WG,1,8.0,8
5A-平鎮倉,76664 品信營造廠-中山樓,8.0,100.31,111,臺北市士林區,臺北市北投區(近士林)陽明路２段15號(中山樓),1,RT202500006271,1.0,,25.153528,121.551408,1290,W1,1712,Taipei,WG,1,8.0,8
5A-平鎮倉,78367 穆得室內裝修-中社路,8.0,113.49,111,臺北市士林區,臺北市士林區中社路1段9巷13號,1,RT20250000013966,1.0,,25.112522,121.566286,1290,W1,1713,Taipei,WG,1,8.0,8
5A-平鎮倉,78367 穆得室內裝修-中社路,8.0,113.49,111,臺北市士林區,臺北市士林區中社路1段9巷13號,1,RT20250000013966,1.0,,25.112522,121.566286,1290,W1,1714,Taipei,WG,1,8.0,8
5A-平鎮倉,71167 美吾家工程實業有限公司,8.0,116.97,111,臺北市士林區,臺北市士林區至善路三段181巷5弄口,1,RT20250000011809,1.0,,25.122523,121.577503,1290,W1,1715,Taipei,WG,1,8.0,8
5A-平鎮倉,76491 勤本建設-後湖路,8.0,21.92,327,桃園市新屋區,"桃園市新屋區後湖路24°59'05.4""N 121°04'56.8""E(東興路區)",1,RT202500005633,1.0,,24.985019,121.08212,1460,W1,1716,Hsinchu,PZ,1,8.0,9
5A-平鎮倉,76491 勤本建設-後湖路,5.0,21.92,327,桃園市新屋區,"桃園市新屋區後湖路24°59'05.4""N 121°04'56.8""E(東興路區)",1,RT20250000010010,1.0,,24.985019,121.08212,1460,W1,1717,Hsinchu,PZ,1,5.0,9
5A-平鎮倉,76491 勤本建設-後湖路,5.0,21.92,327,桃園市新屋區,"桃園市新屋區後湖路24°59'05.4""N 121°04'56.8""E(東興路區)",1,RT20250000010010,1.0,,24.985019,121.08212,1460,W1,1718,Hsinchu,PZ,1,5.0,9
5A-平鎮倉,73494 勤本建設-新屋,8.0,23.06,327,桃園市新屋區,桃園市新屋區東興路一段752巷60號附近工地,1,RT202500007300,1.0,,24.988422,121.074953,1460,W1,1719,Hsinchu,PZ,1,8.0,9
5A-平鎮倉,73907 堉霖建設-新屋中山西路,8.0,25.87,327,桃園市新屋區,桃園市新屋區中山西路一段173巷43弄88號(艾力豪幼兒園),1,RT202500009006,1.0,,24.973586,121.093866,1460,W1,1720,Hsinchu,PZ,1,8.0,5
5A-平鎮倉,78277 鍍克營造-新屋區,8.0,26.41,327,桃園市新屋區,桃園市新屋區三民路605巷89號旁,1,RT20250000013523,1.0,,24.972009,121.097955,1460,W1,1721,Hsinchu,PZ,1,8.0,5
5A-平鎮倉,75165 煜承營造-新屋,8.0,26.81,327,桃園市新屋區,桃園市新屋區三民路529號旁巷子,1,RT20250000013693,1.0,,24.971,121.099083,1460,W1,1722,Hsinchu,PZ,1,8.0,5
5A-平鎮倉,70626 展昇營造-新屋,8.0,27.78,327,桃園市新屋區,桃園市新屋區新生二街11號,1,RT20250000010765,1.0,,24.974714,121.104389,1460,W1,1723,Hsinchu,PZ,1,8.0,5
5A-平鎮倉,76442 建睿工程-新生三街,8.0,27.91,327,桃園市新屋區,桃園市新屋區新生三街88號旁工地,1,RT20250000012075,1.0,,24.975595,121.104867,1460,W1,1724,Hsinchu,PZ,1,8.0,5
5A-平鎮倉,77869 威揚建設-新屋區,8.0,28.31,327,桃園市新屋區,桃園市新屋區中興北路207號旁工務所,1,RT20250000012200,1.0,,24.976934,121.104717,1460,W1,1725,Hsinchu,PZ,1,8.0,5
5A-平鎮倉,77869 威揚建設-新屋區,8.0,28.31,327,桃園市新屋區,桃園市新屋區中興北路207號旁工務所-追加,1,RT20250000014075,1.0,,24.976945,121.104747,1460,W1,1726,Hsinchu,PZ,1,8.0,5
5A-平鎮倉,77869 威揚建設-新屋區,8.0,28.32,327,桃園市新屋區,桃園市新屋區中興北路207號旁工務所,1,RT20250000011678,1.0,,24.976953,121.104769,1460,W1,1727,Hsinchu,PZ,1,8.0,5
5A-平鎮倉,74193 康捷建設-新屋,8.0,29.4,327,桃園市新屋區,桃園市新屋區清華里北勢41之22號旁,1,RT20250000010820,1.0,,24.983689,121.111814,1460,W1,1728,Hsinchu,PZ,1,8.0,6
5A-平鎮倉,74193 康捷建設-新屋,8.0,29.4,327,桃園市新屋區,桃園市新屋區清華里北勢41之22號旁,1,RT20250000010820,1.0,,24.983689,121.111814,1460,W1,1729,Hsinchu,PZ,1,8.0,6
5A-平鎮倉,74193 康捷建設-新屋,8.0,29.4,327,桃園市新屋區,桃園市新屋區清華里北勢41之22號旁,1,RT20250000010820,1.0,,24.983689,121.111814,1460,W1,1730,Hsinchu,PZ,1,8.0,9
5A-平鎮倉,74193 康捷建設-新屋,8.0,29.45,327,桃園市新屋區,桃園市新屋區清華里北勢41之22號旁,1,RT20250000010771,1.0,,24.983211,121.111689,1460,W1,1731,Hsinchu,PZ,1,8.0,6
5A-平鎮倉,73649 愷侖-新文路,8.0,30.59,327,桃園市新屋區,桃園市新屋區新文路560號,1,RT202400008124,1.0,,24.977934,121.113819,1460,W1,1732,Hsinchu,PZ,1,8.0,5
5A-平鎮倉,74844 春越營造-新屋啟文段,8.0,30.77,327,桃園市新屋區,桃園市新屋區新文路480號旁,1,RT20240000013212,1.0,,24.97677,121.113733,1460,W1,1733,Hsinchu,PZ,1,8.0,5
5A-平鎮倉,70701 城喜建設有限公司,8.0,30.81,327,桃園市新屋區,桃園市新屋區清文路277號,1,RT20250000010837,1.0,,24.976661,121.1141,1460,W1,1734,Hsinchu,PZ,1,8.0,5
5A-平鎮倉,70701 城喜建設有限公司,8.0,30.81,327,桃園市新屋區,桃園市新屋區清文路277號,1,RT20250000010837,1.0,,24.976661,121.1141,1460,W1,1735,Hsinchu,PZ,1,8.0,5
5A-平鎮倉,75437 峰裕營造-新屋,8.0,32.02,327,桃園市新屋區,桃園市新屋區福德街109號旁,1,RT2025000742,1.0,,24.972134,121.104419,1460,W1,1736,Hsinchu,PZ,1,8.0,5
5A-平鎮倉,75235 朝陽營造-新屋,8.0,33.79,327,桃園市新屋區,桃園市新屋區長祥路837號,1,RT20250000011553,1.0,,24.961544,121.115311,1460,W1,1737,Hsinchu,PZ,1,8.0,5
5A-平鎮倉,76920 德尊建設-埔頂二路,8.0,36.07,327,桃園市新屋區,桃園市新屋區埔頂二路298巷33弄(活力農場),1,RT202500007410,1.0,,24.954569,121.105336,1460,W1,1738,Hsinchu,PZ,1,8.0,5
5A-平鎮倉,75197 匯發營造-社子路,8.0,38.52,327,桃園市新屋區,桃園市新屋區社子路136號對面,1,RT202500001219,1.0,,24.960586,121.088091,1460,W1,1739,Hsinchu,PZ,1,8.0,5
5A-平鎮倉,75197 匯發營造-社子路,8.0,38.52,327,桃園市新屋區,桃園市新屋區社子路136號對面,1,RT202500001219,1.0,,24.960586,121.088091,1460,W1,1740,Hsinchu,PZ,1,8.0,5
5A-平鎮倉,75197 匯發營造-社子路,8.0,38.57,327,桃園市新屋區,桃園市新屋區社子路136號對面,1,RT20240000014729,1.0,,24.960706,121.087672,1460,W1,1741,Hsinchu,PZ,1,8.0,5
5A-平鎮倉,75197 匯發營造-社子路,8.0,38.57,327,桃園市新屋區,桃園市新屋區社子路136號對面,1,RT20240000014729,1.0,,24.960706,121.087672,1460,W1,1742,Hsinchu,PZ,1,8.0,5
5A-平鎮倉,73851 虹橋營造-億凱企業,8.0,38.67,327,桃園市新屋區,桃園市新屋區社子路&社子路252巷交叉口,1,RT20250000010841,1.0,,24.961219,121.086841,1460,W1,1743,Hsinchu,PZ,1,8.0,5
5A-平鎮倉,78306 中鼎營造事業-新屋區龍安工程,8.0,43.19,327,桃園市新屋區,桃園市新屋區新華路一段37巷-附地標,1,RT20250000013629,1.0,,24.986366,121.106072,1460,W1,1744,Hsinchu,PZ,1,8.0,9
5A-平鎮倉,72307 發樂寶-石橋段,8.0,44.57,327,桃園市新屋區,桃園市觀音區(新屋區)成功路１段647號後面工地-電聯帶定位,1,RT202500009379,1.0,,24.996925,121.100072,1460,W1,1745,Hsinchu,PZ,1,8.0,7
5A-平鎮倉,72672 清竹建設,8.0,46.53,327,桃園市新屋區,桃園市新屋區新華路1段511巷46號,1,RT202500003504,1.0,,24.995247,121.111211,1460,W1,1746,Taiwan,PZ,1,8.0,7
5A-平鎮倉,72672 清竹建設,8.0,46.53,327,桃園市新屋區,桃園市新屋區新華路1段511巷46號,1,RT202500003503,1.0,,24.995247,121.111211,1460,W1,1747,Taiwan,PZ,1,8.0,7
5A-平鎮倉,76660 憶泰營造-清華一街,8.0,50.46,327,桃園市新屋區,桃園市新屋區清華一街299號,1,RT202500006238,1.0,,24.968998,121.117186,1460,W1,1748,Hsinchu,PZ,1,8.0,5
5A-平鎮倉,74282 大丞土木-新屋啟文段,8.0,51.17,327,桃園市新屋區,桃園市新屋區清文路50巷,1,RT202500009860,1.0,,24.972628,121.11927,1460,W1,1749,Hsinchu,PZ,1,8.0,5
5A-平鎮倉,75749 和悅建設有限公司,8.0,52.81,327,桃園市新屋區,"桃園市新屋區清華路50巷24.973982,121.1325892,39",1,RT202500002056,1.0,,24.973806,121.1326,1460,W1,1750,Taiwan,PZ,1,8.0,5
5A-平鎮倉,75749 和悅建設有限公司,8.0,52.83,327,桃園市新屋區,桃園市新屋區清華路50巷,1,RT202500007154,1.0,,24.973842,121.13272,1460,W1,1751,Taiwan,PZ,1,8.0,5
5A-平鎮倉,75063 耀荃建設-新洲路,8.0,55.48,327,桃園市新屋區,桃園市新屋區新洲路82號對面,1,RT20250000013349,1.0,,24.962172,121.148102,1460,W1,1752,Taiwan,PZ,1,8.0,5
5A-平鎮倉,75063 耀荃建設-新洲路,8.0,55.48,327,桃園市新屋區,桃園市新屋區新洲路82號對面,1,RT20250000013349,1.0,,24.962172,121.148102,1460,W1,1753,Taiwan,PZ,1,8.0,5
5A-平鎮倉,77714 鴻成環保-外勞使用,11.0,55.98,327,桃園市新屋區,桃園市新屋區民族路六段649號,3,RT20250000011230,1.0,,24.964725,121.15095,1460,W1,1754,Taiwan,PZ,1,11.0,5
5A-平鎮倉,77714 鴻成環保-外勞使用,11.0,55.98,327,桃園市新屋區,桃園市新屋區民族路六段649號,3,RT20250000011230,1.0,,24.964725,121.15095,1460,W1,1755,Taiwan,PZ,1,11.0,5
5A-平鎮倉,70340 華璟建設有限公司,8.0,57.18,327,桃園市新屋區,桃園市新屋區高洲二街25號旁,1,RT20250000013316,1.0,,24.961556,121.160058,1460,W1,1756,Taiwan,PZ,1,8.0,5
5A-平鎮倉,70340 華璟建設有限公司,8.0,57.18,327,桃園市新屋區,桃園市新屋區高洲二街25號旁,1,RT20250000013316,1.0,,24.961556,121.160058,1460,W1,1757,Taiwan,PZ,1,8.0,5
5A-平鎮倉,75704 寶台建設-新屋,8.0,59.96,327,桃園市新屋區,桃園市新屋區高鐵南路6段45巷23號(31最右慢車道),1,RT202500001811,1.0,,24.960436,121.161006,1460,W1,1758,Taiwan,PZ,1,8.0,5
5A-平鎮倉,75704 寶台建設-新屋,13.0,60.01,327,桃園市新屋區,桃園市新屋區高鐵南路6段45巷23號-4F,4,RT20250000012774,1.0,,24.960817,121.161003,1460,W1,1759,Taiwan,PZ,1,13.0,5
5A-平鎮倉,78276 新築家建設-青田路銷售中心,8.0,63.29,327,桃園市新屋區,桃園市新屋區青田路313號旁工地銷售中心,1,RT20250000013502,1.0,,24.956944,121.142452,1460,W1,1760,Taiwan,PZ,1,8.0,5
5A-平鎮倉,73303 新築家-青田段,8.0,63.29,327,桃園市新屋區,桃園市新屋區青田路319號,1,RT202500004253,1.0,,24.956933,121.142447,1460,W1,1761,Taiwan,PZ,1,8.0,5
5A-平鎮倉,73303 新築家-青田段,8.0,63.29,327,桃園市新屋區,桃園市新屋區青田路319號,1,RT202500004253,1.0,,24.956933,121.142447,1460,W1,1762,Taiwan,PZ,1,8.0,5
5A-平鎮倉,76836 金宏軒-同#73133,8.0,63.82,327,桃園市新屋區,桃園市新屋區青田路376巷39之20號-面對東鉑企業的左邊,1,RT20250000012444,1.0,,24.957061,121.144369,1460,W1,1763,Taiwan,PZ,1,8.0,5
5A-平鎮倉,73323 祥瑞營造-歐樂麗,8.0,64.4,327,桃園市新屋區,桃園市新屋區梅高路三段97號(老K),1,RT202400006880,1.0,,24.953597,121.147,1460,W1,1764,Taiwan,PZ,1,8.0,5
5A-平鎮倉,78172 和創建設有限公司,8.0,66.75,327,桃園市新屋區,桃園市新屋區青田路199巷323號-對面工地,1,RT20250000013120,1.0,,24.956494,121.136177,1460,W1,1765,Taiwan,PZ,1,8.0,5
5A-平鎮倉,75672 泰賀營造-新屋,8.0,67.84,327,桃園市新屋區,桃園市新屋區快速路六段旁-附座標,1,RT202500001702,1.0,,24.964906,121.134622,1460,W1,1766,Taiwan,PZ,1,8.0,5
5A-平鎮倉,75672 泰賀營造-新屋,8.0,67.84,327,桃園市新屋區,桃園市新屋區快速路六段旁-附座標,1,RT202500001702,1.0,,24.964906,121.134622,1460,W1,1767,Taiwan,PZ,1,8.0,5
5A-平鎮倉,76850 玄通營造-觀音區,8.0,29.2,328,桃園市觀音區,桃園市觀音區經建六路29號,1,RT202500007126,1.0,,25.067536,121.124353,1450,W1,1768,Taiwan,PZ,1,8.0,7
5A-平鎮倉,76850 玄通營造-觀音區,8.0,29.2,328,桃園市觀音區,桃園市觀音區經建六路29號,1,RT202500007126,1.0,,25.067536,121.124353,1450,W1,1769,Taiwan,PZ,1,8.0,7
5A-平鎮倉,75849 旭源營造-聯華,15.0,29.5,328,桃園市觀音區,桃園市觀音區工業一路18號-聯華,3,RT202500002509,,1.0,25.067964,121.126361,1450,W2,1770,Taiwan,PZ,2,30.0,7
5A-平鎮倉,75849 旭源營造-聯華,15.0,29.5,328,桃園市觀音區,桃園市觀音區工業一路18號-聯華,5,RT202500002509,,1.0,25.067964,121.126361,1450,W2,1771,Taiwan,PZ,2,30.0,7
5A-平鎮倉,75849 旭源營造-聯華,15.0,29.5,328,桃園市觀音區,桃園市觀音區工業一路18號-聯華,7,RT202500002509,,1.0,25.067964,121.126361,1450,W2,1772,Taiwan,PZ,2,30.0,7
5A-平鎮倉,75120 明煜營造-薇爾登,8.0,30.7,328,桃園市觀音區,桃園市觀音區工業二路10號,1,RT20240000014413,1.0,,25.065242,121.127148,1450,W1,1773,Taiwan,PZ,1,8.0,7
5A-平鎮倉,66863 侑晉-同麒田廠區,8.0,31.5,328,桃園市觀音區,桃園市觀音區工業三路11號、侑晉科技,1,RT20250000011245,1.0,,25.060461,121.123823,1450,W1,1774,Taiwan,PZ,1,8.0,7
5A-平鎮倉,50713 利津實業,8.0,31.6,328,桃園市觀音區,桃園市觀音區經建三路27號,1,RT20250000011016,1.0,,25.060689,121.12455,1450,W1,1775,Taiwan,PZ,1,8.0,7
5A-平鎮倉,75674 豐達營造-觀音,8.0,31.9,328,桃園市觀音區,桃園市觀音區經建三路32號,1,RT20250000010286,,1.0,25.059261,121.122278,1450,W2,1776,Taiwan,PZ,2,16.0,7
5A-平鎮倉,75674 豐達營造-觀音,8.0,31.9,328,桃園市觀音區,桃園市觀音區經建三路32號,1,RT20250000010286,,1.0,25.059261,121.122278,1450,W2,1777,Taiwan,PZ,2,16.0,7
5A-平鎮倉,75674 豐達營造-觀音,8.0,31.9,328,桃園市觀音區,桃園市觀音區經建三路32號,1,RT20250000010286,,1.0,25.059261,121.122278,1450,W2,1778,Taiwan,PZ,2,16.0,7
5A-平鎮倉,75674 豐達營造-觀音,8.0,31.9,328,桃園市觀音區,桃園市觀音區經建三路32號,1,RT20250000010286,,1.0,25.059261,121.122278,1450,W2,1779,Taiwan,PZ,2,16.0,7
5A-平鎮倉,75674 豐達營造-觀音,8.0,32.0,328,桃園市觀音區,桃園市觀音區經建三路32號,1,RT202500002493,1.0,,25.059008,121.121742,1450,W1,1780,Taiwan,PZ,1,8.0,7
5A-平鎮倉,73395 駿樺建設-觀音,8.0,33.2,328,桃園市觀音區,桃園市觀音區永吉街172號旁,1,RT202500007377,1.0,,25.051492,121.121298,1450,W1,1781,Taiwan,PZ,1,8.0,7
5A-平鎮倉,76667 金順衛生-長春街,8.0,33.5,328,桃園市觀音區,桃園市觀音區長春街227號旁工地,1,RT202500006283,1.0,,25.0537,121.122423,1450,W1,1782,Taiwan,PZ,1,8.0,7
5A-平鎮倉,69530 乾隆建設-泰安街,8.0,34.6,328,桃園市觀音區,桃園市觀音區泰安街58號對面,1,RT20250000011017,1.0,,25.048402,121.119795,1450,W1,1783,Taiwan,PZ,1,8.0,7
5A-平鎮倉,76753 定翔工程,8.0,35.2,328,桃園市觀音區,桃園市觀音區長春街126號旁工地(觀音工業區),1,RT202500006822,1.0,,25.052178,121.120192,1450,W1,1784,Taiwan,PZ,1,8.0,7
5A-平鎮倉,76533 和?科技-工業八路,8.0,36.8,328,桃園市觀音區,桃園市觀音區工業八路123號,1,RT202500005657,1.0,,25.043994,121.111956,1450,W1,1785,Taiwan,PZ,1,8.0,7
5A-平鎮倉,76795 鴻城建設-觀音區,8.0,39.0,328,桃園市觀音區,桃園市觀音區文林路838號,1,RT202500006950,1.0,,25.03037,121.123611,1450,W1,1786,Taiwan,PZ,1,8.0,7
5A-平鎮倉,78095 慶源營造-三江電機,8.0,43.7,328,桃園市觀音區,桃園市觀音區觀音工業區榮工南路8號,1,RT20250000013407,1.0,,25.053242,121.130731,1450,W1,1787,Taiwan,PZ,1,8.0,7
5A-平鎮倉,78095 慶源營造-三江電機,8.0,43.7,328,桃園市觀音區,桃園市觀音區觀音工業區榮工南路8號,1,RT20250000013407,1.0,,25.053242,121.130731,1450,W1,1788,Taiwan,PZ,1,8.0,7
5A-平鎮倉,78095 慶源營造-三江電機,8.0,43.7,328,桃園市觀音區,桃園市觀音區觀音工業區榮工南路8號,1,RT20250000013407,1.0,,25.053242,121.130731,1450,W1,1789,Taiwan,PZ,1,8.0,7
5A-平鎮倉,78095 慶源營造-三江電機,8.0,43.7,328,桃園市觀音區,桃園市觀音區觀音工業區榮工南路8號,1,RT20250000013407,1.0,,25.053242,121.130731,1450,W1,1790,Taiwan,PZ,1,8.0,7
5A-平鎮倉,77255 威臺營造-大同一路,8.0,44.4,328,桃園市觀音區,桃園市觀音區大同一路1號工地,1,RT202500009057,1.0,,25.054064,121.127392,1450,W1,1791,Taiwan,PZ,1,8.0,7
5A-平鎮倉,71062 錦美紙業,8.0,44.9,328,桃園市觀音區,桃園市觀音區榮工北路10號-錦美紙業,1,RT20250000014012,,1.0,25.058208,121.127823,1450,W2,1792,Taiwan,PZ,2,16.0,7
5A-平鎮倉,71062 錦美紙業,8.0,44.9,328,桃園市觀音區,桃園市觀音區榮工北路10號-錦美紙業,1,RT20250000014012,,1.0,25.058208,121.127823,1450,W2,1793,Taiwan,PZ,2,16.0,7
5A-平鎮倉,66815 合旺-觀音,8.0,45.5,328,桃園市觀音區,桃園市觀音區新村路２段24號,1,RT20250000013315,1.0,,25.061642,121.127136,1450,W1,1794,Taiwan,PZ,1,8.0,7
5A-平鎮倉,75671 華阜營造-星濱樂,8.0,46.9,328,桃園市觀音區,桃園市觀音區忠孝路902巷142號附近,1,RT202500008901,1.0,,25.067611,121.133505,1450,W1,1795,Taiwan,PZ,1,8.0,7
5A-平鎮倉,75592 雙晟營造-觀音,8.0,54.3,328,桃園市觀音區,桃園市觀音區新生路76巷7弄1號旁,1,RT202500001464,1.0,,25.014489,121.137977,1450,W1,1796,Taiwan,PZ,1,8.0,7
5A-平鎮倉,75592 雙晟營造-觀音,8.0,54.3,328,桃園市觀音區,桃園市觀音區新生路76巷7弄1號旁,1,RT202500001464,1.0,,25.014489,121.137977,1450,W1,1797,Taiwan,PZ,1,8.0,7
5A-平鎮倉,73150 傑安開發-觀音,8.0,55.8,328,桃園市觀音區,桃園市觀音區新廣路508巷,1,RT20240000013428,1.0,,25.015903,121.14453,1450,W1,1798,Taiwan,PZ,1,8.0,7
5A-平鎮倉,78144 羅大為營造-新廣路,8.0,55.8,328,桃園市觀音區,桃園市觀音區新廣路536巷1號旁工地,1,RT20250000012974,1.0,,25.015425,121.144747,1450,W1,1799,Taiwan,PZ,1,8.0,7
5A-平鎮倉,73729 穩曜營造-觀音,8.0,57.8,328,桃園市觀音區,桃園市觀音區正大路250巷51號,1,RT202400008420,1.0,,25.002928,121.144914,1450,W1,1800,Taiwan,PZ,1,8.0,6
5A-平鎮倉,73694 誠堡建設-忠愛段890-1,8.0,58.2,328,桃園市觀音區,桃園市觀音區正大路165巷,1,RT20250000012519,1.0,,25.003156,121.147302,1450,W1,1801,Taiwan,PZ,1,8.0,6
5A-平鎮倉,73694 誠堡建設-忠愛段890-1,8.0,58.3,328,桃園市觀音區,桃園市觀音區正大路165巷,1,RT20250000012520,1.0,,25.002772,121.148289,1450,W1,1802,Taiwan,PZ,1,8.0,6
5A-平鎮倉,72220 鼎石-忠愛段,8.0,58.9,328,桃園市觀音區,桃園市觀音區忠愛路三段178號旁,1,RT20250000012703,1.0,,25.003131,121.152258,1450,W1,1803,Taiwan,PZ,1,8.0,6
5A-平鎮倉,73227 凱田建設-藝境,8.0,59.6,328,桃園市觀音區,桃園市觀音區忠愛路二段281號,1,RT202500009402,1.0,,24.999697,121.157681,1450,W1,1804,Taiwan,PZ,1,8.0,6
5A-平鎮倉,73227 凱田建設-藝境,8.0,59.6,328,桃園市觀音區,桃園市觀音區忠愛路二段281號,1,RT202500009402,1.0,,24.999697,121.157681,1450,W1,1805,Taiwan,PZ,1,8.0,6
5A-平鎮倉,73811 友泉營造-忠愛莊,8.0,60.3,328,桃園市觀音區,桃園市觀音區崙坪八路-google牛津villa3,1,RT202400008773,1.0,,24.996622,121.154631,1450,W1,1806,Taiwan,PZ,1,8.0,6
5A-平鎮倉,73811 友泉營造-忠愛莊,8.0,60.3,328,桃園市觀音區,桃園市觀音區崙坪八路-google牛津villa3,1,RT202400008773,1.0,,24.996622,121.154631,1450,W1,1807,Taiwan,PZ,1,8.0,6
5A-平鎮倉,76934 閎景工程-嘉富路,8.0,61.3,328,桃園市觀音區,桃園市觀音區嘉富路768號-附圖自行定位,1,RT202500007463,1.0,,24.994064,121.147372,1450,W1,1808,Taiwan,PZ,1,8.0,6
5A-平鎮倉,76604 元展開發-正大路,8.0,62.2,328,桃園市觀音區,桃園市觀音區正大路585巷15號,1,RT202500005897,1.0,,24.997202,121.143458,1450,W1,1809,Taiwan,PZ,1,8.0,6
5A-平鎮倉,73709 壹錦瀨景園-觀音,8.0,63.4,328,桃園市觀音區,桃園市觀音區大湖路10巷95號旁,1,RT20250000012840,1.0,,24.99228,121.136541,1450,W1,1810,Taiwan,PZ,1,8.0,6
5A-平鎮倉,76809 順業營造-青林農場,8.0,64.4,328,桃園市觀音區,桃園市觀音區大湖路二段131之1號-青林農場旁,1,RT20250000013926,1.0,,24.994361,121.131,1450,W1,1811,Taiwan,PZ,1,8.0,6
5A-平鎮倉,70401 余忠德,8.0,66.0,328,桃園市觀音區,桃園市觀音區新富路1326號,1,RT202500009393,1.0,,24.982259,121.13588,1450,W1,1812,Taiwan,PZ,1,8.0,5
5A-平鎮倉,70401 余忠德,8.0,66.0,328,桃園市觀音區,桃園市觀音區新富路1326號,1,RT202500009393,1.0,,24.982259,121.13588,1450,W1,1813,Taiwan,PZ,1,8.0,5
5A-平鎮倉,76300 翔鈺營造-觀音,8.0,69.5,328,桃園市觀音區,桃園市觀音區忠富路上大段108巷口,1,RT202500004327,1.0,,24.985705,121.154439,1450,W1,1814,Taiwan,PZ,1,8.0,5
5A-平鎮倉,76559 祥瀛營造-崙坪五路,8.0,70.4,328,桃園市觀音區,桃園市觀音區崙坪五路208巷口,1,RT202500005763,1.0,,24.985214,121.160767,1450,W1,1815,Taiwan,PZ,1,8.0,5
5A-平鎮倉,77069 陳亦建築-福恩路,8.0,71.8,328,桃園市觀音區,桃園市觀音區福恩路一段166號-岳鼎天翔,1,RT202500008067,1.0,,24.975861,121.159694,1450,W1,1816,Taiwan,PZ,1,8.0,5
5A-平鎮倉,77119 永信-沅珅科技,8.0,34.3,337,桃園市大園區,桃園市大園區潮音北路646號旁,1,RT202500008520,1.0,,25.081886,121.16902,1440,W1,1817,Taiwan,PZ,1,8.0,7
5A-平鎮倉,75520 信都建設-信都客運一段5地號,8.0,37.0,337,桃園市大園區,桃園市大園區環區北路&大觀路交叉口,1,RT202500001215,1.0,,25.062544,121.177509,1440,W1,1818,Taiwan,PZ,1,8.0,13
5A-平鎮倉,75520 信都建設-信都客運一段5地號,8.0,37.0,337,桃園市大園區,桃園市大園區環區北路&大觀路交叉口,1,RT202500001215,1.0,,25.062544,121.177509,1440,W1,1819,Taiwan,PZ,1,8.0,13
5A-平鎮倉,72630 璟都-大園54地號,8.0,38.1,337,桃園市大園區,桃園市大園區大觀路&園科路交叉-璟都麗緻接待中心旁,1,RT202400006473,1.0,,25.058911,121.171298,1440,W1,1820,Taiwan,PZ,1,8.0,7
5A-平鎮倉,72630 璟都-大園54地號,8.0,38.1,337,桃園市大園區,桃園市大園區大觀路&園科路交叉-璟都麗緻接待中心旁,1,RT20240000010463,1.0,,25.059389,121.171295,1440,W1,1821,Taiwan,PZ,1,8.0,7
5A-平鎮倉,72630 璟都-大園54地號,8.0,38.1,337,桃園市大園區,桃園市大園區大觀路&園科路交叉-璟都麗緻接待中心旁,1,RT20240000010463,1.0,,25.059389,121.171295,1440,W1,1822,Taiwan,PZ,1,8.0,7
5A-平鎮倉,72630 璟都-大園54地號,8.0,38.1,337,桃園市大園區,桃園市大園區大觀路&園科路交叉-璟都麗緻接待中心旁,1,RT20240000010463,1.0,,25.059389,121.171295,1440,W1,1823,Taiwan,PZ,1,8.0,7
5A-平鎮倉,72630 璟都-大園54地號,8.0,38.1,337,桃園市大園區,桃園市大園區大觀路&園科路交叉-璟都麗緻接待中心旁,1,RT20240000010463,1.0,,25.059389,121.171295,1440,W1,1824,Taiwan,PZ,1,8.0,7
5A-平鎮倉,72630 璟都-大園54地號,8.0,38.1,337,桃園市大園區,桃園市大園區大觀路&園科路交叉口-璟都麗緻接待中心旁,1,RT202400003742,1.0,,25.059447,121.171059,1440,W1,1825,Taiwan,PZ,1,8.0,7
5A-平鎮倉,78267 旭宇營造-大園區,8.0,38.6,337,桃園市大園區,桃園市大園區潮音路一段20號旁-自行定位,1,RT20250000013481,1.0,,25.062139,121.173625,1440,W1,1826,Taiwan,PZ,1,8.0,7
5A-平鎮倉,77760 陳建文-大園夜市,8.0,38.9,337,桃園市大園區,桃園市大園區大觀路624巷&園航路交叉-夜市,1,RT20250000011341,,1.0,25.061142,121.175039,1440,W2,1827,Taiwan,PZ,2,16.0,7
5A-平鎮倉,77760 陳建文-大園夜市,8.0,38.9,337,桃園市大園區,桃園市大園區大觀路624巷&園航路交叉-夜市,1,RT20250000011341,,1.0,25.061142,121.175039,1440,W2,1828,Taiwan,PZ,2,16.0,7
5A-平鎮倉,77760 陳建文-大園夜市,8.0,38.9,337,桃園市大園區,桃園市大園區大觀路624巷&園航路交叉-夜市,1,RT20250000011341,,1.0,25.061142,121.175039,1440,W2,1829,Taiwan,PZ,2,16.0,7
5A-平鎮倉,76752 龍霖開發-大園區客運,8.0,39.5,337,桃園市大園區,桃園市大園區航科路&園航路交叉口,1,RT202500006817,1.0,,25.057719,121.177942,1440,W1,1830,Taiwan,PZ,1,8.0,13
5A-平鎮倉,71065 耀悅建設股份有限公司,8.0,40.0,337,桃園市大園區,桃園市大園區文興街&園六街交叉口工地,1,RT20250000011840,1.0,,25.054322,121.17925,1440,W1,1831,Taiwan,PZ,1,8.0,13
5A-平鎮倉,72882 登明-148地號,8.0,40.1,337,桃園市大園區,桃園市大園區文興街117號隔壁,1,RT202400005227,1.0,,25.054483,121.179153,1440,W1,1832,Taiwan,PZ,1,8.0,13
5A-平鎮倉,72882 登明-148地號,8.0,40.1,337,桃園市大園區,桃園市大園區文興街117號隔壁,1,RT202400005227,1.0,,25.054483,121.179153,1440,W1,1833,Taiwan,PZ,1,8.0,13
5A-平鎮倉,74265 三石營造-文興街,8.0,40.2,337,桃園市大園區,桃園市大園區文興街111號,1,RT20240000010712,1.0,,25.053747,121.178784,1440,W1,1834,Taiwan,PZ,1,8.0,13
5A-平鎮倉,77050 天麒建設-環區東路,8.0,40.6,337,桃園市大園區,桃園市大園區環區東路&園九街口交叉口,1,RT202500007945,1.0,,25.051144,121.177045,1440,W1,1835,Taiwan,PZ,1,8.0,4
5A-平鎮倉,77050 天麒建設-環區東路,8.0,40.6,337,桃園市大園區,桃園市大園區環區東路&園九街口交叉口,1,RT202500007945,1.0,,25.051144,121.177045,1440,W1,1836,Taiwan,PZ,1,8.0,4
5A-平鎮倉,65672 高華建設-大園,8.0,40.8,337,桃園市大園區,桃園市大園區文興街20巷1號斜對面工地-電聯定位,1,RT202500005210,,1.0,25.051094,121.175436,1440,W2,1837,Taiwan,PZ,2,16.0,4
5A-平鎮倉,65672 高華建設-大園,8.0,40.8,337,桃園市大園區,桃園市大園區文興街20巷1號斜對面工地-電聯定位,1,RT202500005210,,1.0,25.051094,121.175436,1440,W2,1838,Taiwan,PZ,2,16.0,4
5A-平鎮倉,76072 元達建設-大園,8.0,41.9,337,桃園市大園區,桃園市大園區學十三街-上順建築附近,1,RT202500003364,1.0,,25.045736,121.170039,1440,W1,1839,Taiwan,PZ,1,8.0,7
5A-平鎮倉,76072 元達建設-大園,8.0,41.9,337,桃園市大園區,桃園市大園區學十三街-上順建築附近,1,RT202500003364,1.0,,25.045736,121.170039,1440,W1,1840,Taiwan,PZ,1,8.0,7
5A-平鎮倉,76072 元達建設-大園,8.0,41.9,337,桃園市大園區,桃園市大園區學十三街-上順建築附近,1,RT202500003364,1.0,,25.045736,121.170039,1440,W1,1841,Taiwan,PZ,1,8.0,7
5A-平鎮倉,76072 元達建設-大園,8.0,41.9,337,桃園市大園區,桃園市大園區學十三街-上順建築附近,1,RT202500003364,1.0,,25.045736,121.170039,1440,W1,1842,Taiwan,PZ,1,8.0,7
5A-平鎮倉,75668 德山營造-客運一段356-1地號,8.0,42.2,337,桃園市大園區,桃園市大園區學十街199號對面,1,RT202500001693,1.0,,25.044619,121.170384,1440,W1,1843,Taiwan,PZ,1,8.0,7
5A-平鎮倉,77058  祥鼎營造-廣大段-#銜接73791 福泰開發,8.0,43.6,337,桃園市大園區,桃園市觀音區(大園區)廣大路1016巷65弄36號,1,RT202500007984,1.0,,25.041297,121.161581,1440,W1,1844,Taiwan,PZ,1,8.0,7
5A-平鎮倉,74432 巨京開發-客運二段,8.0,44.2,337,桃園市大園區,桃園市大園區環區西路593號旁,1,RT20250000011854,1.0,,25.046169,121.164639,1440,W1,1845,Taiwan,PZ,1,8.0,7
5A-平鎮倉,70955 城鄉開發,8.0,44.7,337,桃園市大園區,桃園市大園區環區西路370號對面工地,1,RT20250000013556,1.0,,25.050781,121.165956,1440,W1,1846,Taiwan,PZ,1,8.0,7
5A-平鎮倉,77984 呈豐營造-航科國小,8.0,44.9,337,桃園市大園區,桃園市大園區環區西路318號附近-航科國小,1,RT20250000012367,1.0,,25.051656,121.167045,1440,W1,1847,Taiwan,PZ,1,8.0,7
5A-平鎮倉,67135 北揚-大園,8.0,45.1,337,桃園市大園區,桃園市大園區環區西路&科八街,1,RT20250000013297,1.0,,25.052958,121.167056,1440,W1,1848,Taiwan,PZ,1,8.0,7
5A-平鎮倉,76091 長展開發-大園,8.0,45.4,337,桃園市大園區,桃園市大園區環區西路167號對面,1,RT202500003588,1.0,,25.055075,121.168236,1440,W1,1849,Taiwan,PZ,1,8.0,7
5A-平鎮倉,77041 億東營造-璟都未來城,8.0,46.3,337,桃園市大園區,桃園市大園區園科路-璟都未來城接待中心旁,1,RT20250000010232,1.0,,25.058894,121.171023,1440,W1,1850,Taiwan,PZ,1,8.0,7
5A-平鎮倉,77041 億東營造-璟都未來城,8.0,46.3,337,桃園市大園區,桃園市大園區園科路-璟都未來城接待中心旁,1,RT20250000010232,1.0,,25.058894,121.171023,1440,W1,1851,Taiwan,PZ,1,8.0,7
5A-平鎮倉,74239 大竣工程-大園,8.0,47.9,337,桃園市大園區,桃園市大園區南區中路-附座標,1,RT202500009840,1.0,,25.053789,121.173989,1440,W1,1852,Taiwan,PZ,1,8.0,7
5A-平鎮倉,75356 傢昇營造-大園產協新建工程,8.0,50.4,337,桃園市大園區,桃園市大園區工五路6號,1,RT2025000304,1.0,,25.07197,121.1748,1440,W1,1853,Taiwan,PZ,1,8.0,13
5A-平鎮倉,74735 順倉股份-大園,8.0,51.1,337,桃園市大園區,桃園市大園區大工路136號,1,RT20250000012243,1.0,,25.077195,121.175595,1440,W1,1854,Taiwan,PZ,1,8.0,13
5A-平鎮倉,74735 順倉股份-大園,8.0,51.1,337,桃園市大園區,桃園市大園區大工路136號,1,RT20250000012244,1.0,,25.077195,121.175595,1440,W1,1855,Taiwan,PZ,1,8.0,13
5A-平鎮倉,76820 垽赫建設-大園區,8.0,53.3,337,桃園市大園區,桃園市大園區民生路335號附近,1,RT202500007023,1.0,,25.085764,121.179192,1440,W1,1856,Taiwan,PZ,1,8.0,12
5A-平鎮倉,71110 富泰-11208健策,8.0,55.4,337,桃園市大園區,桃園市大園區中山北路268巷8號,1,RT20250000012787,1.0,,25.077298,121.187361,1440,W1,1857,Taiwan,PZ,1,8.0,12
5A-平鎮倉,71110 富泰-11208健策,8.0,55.4,337,桃園市大園區,桃園市大園區中山北路268巷8號,1,RT20250000012787,1.0,,25.077298,121.187361,1440,W1,1858,Taiwan,PZ,1,8.0,12
5A-平鎮倉,57652 勤德股份有限公司,8.0,57.2,337,桃園市大園區,桃園市大園區國際路1段182號(屈臣氏物流中心旁),1,RT202501,1.0,,25.067678,121.190102,1440,W1,1859,Taiwan,PZ,1,8.0,12
5A-平鎮倉,66170 義力-B1標,8.0,60.0,337,桃園市大園區,桃園市大園區中山南路686號旁(義力工務所),1,RT202400007550,1.0,,25.051336,121.204225,1440,W1,1860,Taiwan,PZ,1,8.0,5
5A-平鎮倉,66170 義力-B1標,8.0,60.0,337,桃園市大園區,桃園市大園區中山南路686號旁(義力工務所),1,RT202400007550,1.0,,25.051336,121.204225,1440,W1,1861,Taiwan,PZ,1,8.0,5
5A-平鎮倉,66170 義力-B1標,8.0,60.0,337,桃園市大園區,桃園市大園區中山南路686號旁(義力工務所),1,RT202400007550,1.0,,25.051336,121.204225,1440,W1,1862,Taiwan,PZ,1,8.0,5
5A-平鎮倉,66170 義力-B1標,8.0,60.0,337,桃園市大園區,桃園市大園區中山南路686號旁(義力工務所),1,RT202400007550,1.0,,25.051336,121.204225,1440,W1,1863,Taiwan,PZ,1,8.0,5
5A-平鎮倉,66170 義力-B1標,8.0,60.6,337,桃園市大園區,桃園市大園區中山南路686號旁(義力工務所),1,RT202400007551,1.0,,25.045894,121.204606,1440,W1,1864,Taiwan,PZ,1,8.0,5
5A-平鎮倉,66170 義力-B1標,8.0,60.6,337,桃園市大園區,桃園市大園區中山南路686號旁(義力工務所),1,RT202400007551,1.0,,25.045894,121.204606,1440,W1,1865,Taiwan,PZ,1,8.0,5
5A-平鎮倉,66170 義力-B1標,8.0,60.6,337,桃園市大園區,桃園市大園區中山南路686號旁(義力工務所),1,RT202400007551,1.0,,25.045894,121.204606,1440,W1,1866,Taiwan,PZ,1,8.0,5
5A-平鎮倉,66170 義力-B1標,8.0,60.6,337,桃園市大園區,桃園市大園區中山南路686號旁(義力工務所),1,RT202400007551,1.0,,25.045894,121.204606,1440,W1,1867,Taiwan,PZ,1,8.0,5
5A-平鎮倉,66170 義力-B1標,8.0,60.6,337,桃園市大園區,桃園市大園區中山南路一段277巷97號附近工地,1,RT202400007555,1.0,,25.04585,121.204686,1440,W1,1868,Taiwan,PZ,1,8.0,5
5A-平鎮倉,66170 義力-B1標,8.0,60.6,337,桃園市大園區,桃園市大園區中山南路一段277巷97號附近工地,1,RT202400007552,1.0,,25.045839,121.204786,1440,W1,1869,Taiwan,PZ,1,8.0,5
5A-平鎮倉,76614 展揚-立體停車場,8.0,62.3,337,桃園市大園區,桃園市大園區橫湳一路50號(A15捷運站附近),1,RT202500006003,1.0,,25.055514,121.210556,1440,W1,1870,Taiwan,PZ,1,8.0,5
5A-平鎮倉,76614 展揚-立體停車場,8.0,62.4,337,桃園市大園區,桃園市大園區橫湳一路50號(A15捷運站附近)-追加,1,RT20250000010602,1.0,,25.055564,121.210669,1440,W1,1871,Taiwan,PZ,1,8.0,5
5A-平鎮倉,66170 義力-B1標,8.0,64.2,337,桃園市大園區,桃園市大園區中山南路一段277巷97號附近工地,1,RT202400007556,1.0,,25.046897,121.213542,1440,W1,1872,Taiwan,PZ,1,8.0,5
5A-平鎮倉,66170 義力-B1標,8.0,64.2,337,桃園市大園區,桃園市大園區中山南路一段277巷97號附近工地,1,RT202400007557,1.0,,25.046986,121.213547,1440,W1,1873,Taiwan,PZ,1,8.0,5
5A-平鎮倉,78041 謝煜騰,8.0,64.6,337,桃園市大園區,桃園市大園區中山南路一段227巷9弄9號-電聯定位,1,RT20250000012630,1.0,,25.045805,121.212042,1440,W1,1874,Taiwan,PZ,1,8.0,5
5A-平鎮倉,66170 義力-B1標,8.0,64.9,337,桃園市大園區,桃園市大園區中山南路一段277巷97號附近工地,1,RT202400007554,1.0,,25.048405,121.211247,1440,W1,1875,Taiwan,PZ,1,8.0,5
5A-平鎮倉,66170 義力-B1標,8.0,64.9,337,桃園市大園區,桃園市大園區中山南路一段277巷97號附近工地,1,RT202400007554,1.0,,25.048405,121.211247,1440,W1,1876,Taiwan,PZ,1,8.0,5
5A-平鎮倉,66170 義力-B1標,8.0,70.6,337,桃園市大園區,桃園市大園區中山南路686號附近-電聯帶定位,1,RT202400007553,1.0,,25.047583,121.213617,1440,W1,1877,Taiwan,PZ,1,8.0,5
5A-平鎮倉,70818 宏民營造-景平站,8.0,35.45,235,新北市中和區,新北市中和區景平路121號,1,RT20250000010142,1.0,,24.991611,121.516081,1140,W1,1878,Taipei,WG,1,8.0,1
5A-平鎮倉,70818 宏民營造-景平站,8.0,35.45,235,新北市中和區,新北市中和區景平路121號,1,RT20250000010142,1.0,,24.991611,121.516081,1140,W1,1879,Taipei,WG,1,8.0,1
5A-平鎮倉,73707 山華行營造-永和,20.0,36.04,234,新北市永和區,新北市永和區民有街100號,10,RT202500005147,1.0,,24.995802,121.517806,1130,W1,1880,Taipei,WG,1,20.0,1
5A-平鎮倉,73707 山華行營造-永和,8.0,36.06,234,新北市永和區,新北市永和區民有街100號,1,RT202400008338,1.0,,24.99588,121.51762,1130,W1,1881,Taipei,WG,1,8.0,1
5A-平鎮倉,73707 山華行營造-永和,20.0,36.1,234,新北市永和區,新北市永和區民有街100號,5,RT202500005220,1.0,,24.995702,121.517939,1130,W1,1882,Taipei,WG,1,20.0,1
5A-平鎮倉,77452 泓鼎開發-泓鼎秀山,8.0,36.34,235,新北市中和區,新北市中和區自強路8巷3號,1,RT202500009983,1.0,,24.995977,121.519925,1140,W1,1883,Taipei,WG,1,8.0,1
5A-平鎮倉,76928 紅林建設-四號公園,8.0,37.71,235,新北市中和區,新北市中和區安樂路-四號公園(八二三紀念公園),1,RT202500007443,1.0,,25.002761,121.514803,1140,W1,1884,Taipei,WG,1,8.0,1
5A-平鎮倉,69516 裕臺營造-永和,8.0,38.18,234,新北市永和區,新北市永和區永貞路273號,1,RT20250000012892,1.0,,25.005042,121.511572,1130,W1,1885,Taipei,WG,1,8.0,1
5A-平鎮倉,73126 順泰營造-雙和段,8.0,38.67,234,新北市永和區,新北市永和區中和路501巷13號,1,RT202400006040,1.0,,25.002847,121.510436,1130,W1,1886,Taipei,WG,1,8.0,1
5A-平鎮倉,70653 欣洋營造-中和,8.0,40.85,235,新北市中和區,新北市中和區南山路320巷工地,1,RT202500009931,1.0,,24.98653,121.507586,1140,W1,1887,Taipei,WG,1,8.0,1
5A-平鎮倉,67528 恒昇-中和,8.0,44.18,235,新北市中和區,新北市中和區立德街26巷5弄口工地-1F 追加,1,RT20250000012305,1.0,,25.007011,121.489905,1140,W1,1888,Taipei,WG,1,8.0,1
5A-平鎮倉,67528 恒昇-中和,8.0,44.23,235,新北市中和區,新北市中和區立德街26巷5弄口工地-1F,1,RT20250000012266,1.0,,25.007403,121.489816,1140,W1,1889,Taipei,WG,1,8.0,1
5A-平鎮倉,76513 菁宣營造-立德街,8.0,45.15,235,新北市中和區,新北市中和區立德街310號旁,1,RT202500005548,1.0,,25.010506,121.482411,1140,W1,1890,Taipei,WG,1,8.0,1
5A-平鎮倉,66809 直佑-中和,8.0,47.64,235,新北市中和區,新北市中和區莒光路84巷與國光街112巷交叉口,1,RT202500009902,1.0,,25.002206,121.471486,1140,W1,1891,Taipei,WG,1,8.0,1
5A-平鎮倉,66809 直佑-中和,8.0,47.64,235,新北市中和區,新北市中和區莒光路84巷與國光街112巷交叉口,1,RT202500009902,1.0,,25.002206,121.471486,1140,W1,1892,Taipei,WG,1,8.0,1
5A-平鎮倉,78328 連霆-中和區連城路,8.0,50.27,235,新北市中和區,新北市中和區和城路一段612號(阿昆停車場旁),1,RT20250000013766,1.0,,24.991597,121.477425,1140,W1,1893,Taipei,WG,1,8.0,1
5A-平鎮倉,73607 連霆環保-中和,8.0,53.38,235,新北市中和區,新北市中和區圓通路369巷30弄16號,1,RT202500007418,1.0,,24.985027,121.489108,1140,W1,1894,Taipei,WG,1,8.0,1
5A-平鎮倉,68208 百晟營造-富玉,18.0,59.47,236,新北市土城區,新北市土城區金城路2段&龍山二街口-B棟,7,RT202500001496,1.0,,24.979153,121.451458,1150,W1,1895,Taipei,WG,1,18.0,1
5A-平鎮倉,68208 百晟營造-富玉,18.0,59.47,236,新北市土城區,新北市土城區金城路2段&龍山二街口-A棟,7,RT202500001495,1.0,,24.979153,121.451458,1150,W1,1896,Taipei,WG,1,18.0,1
5A-平鎮倉,68208 百晟營造-富玉,18.0,59.47,236,新北市土城區,新北市土城區金城路2段&龍山二街口-A棟-10F,10,RT202500006807,1.0,,24.979153,121.451458,1150,W1,1897,Taipei,WG,1,18.0,1
5A-平鎮倉,68208 百晟營造-富玉,16.0,59.47,236,新北市土城區,新北市土城區金城路2段&龍山二街口-C棟,3,RT202500004675,1.0,,24.979153,121.451458,1150,W1,1898,Taipei,WG,1,16.0,1
5A-平鎮倉,68208 百晟營造-富玉,16.0,59.47,236,新北市土城區,新北市土城區金城路2段&龍山二街口-D棟,3,RT202500004677,1.0,,24.979153,121.451458,1150,W1,1899,Taipei,WG,1,16.0,1
5A-平鎮倉,68208 百晟營造-富玉,18.0,59.47,236,新北市土城區,新北市土城區金城路2段&龍山二街口-A棟-3F,3,RT202500004673,1.0,,24.979153,121.451458,1150,W1,1900,Taipei,WG,1,18.0,1
5A-平鎮倉,68208 百晟營造-富玉,18.0,59.47,236,新北市土城區,新北市土城區金城路2段&龍山二街口-B棟-3F,3,RT202500004674,1.0,,24.979153,121.451458,1150,W1,1901,Taipei,WG,1,18.0,1
5A-平鎮倉,68208 百晟營造-富玉,8.0,59.5,236,新北市土城區,新北市土城區金城路2段&龍山二街口,1,RT20220000016123,1.0,,24.979159,121.451125,1150,W1,1902,Taipei,WG,1,8.0,1
5A-平鎮倉,68208 百晟營造-富玉,8.0,59.5,236,新北市土城區,新北市土城區金城路2段&龍山二街口,1,RT20220000016123,1.0,,24.979159,121.451125,1150,W1,1903,Taipei,WG,1,8.0,1
5A-平鎮倉,68208 百晟營造-富玉,8.0,59.5,236,新北市土城區,新北市土城區金城路2段&龍山二街口,1,RT20220000016123,1.0,,24.979159,121.451125,1150,W1,1904,Taipei,WG,1,8.0,1
5A-平鎮倉,68208 百晟營造-富玉,8.0,59.5,236,新北市土城區,新北市土城區金城路2段&龍山二街口,1,RT20220000016123,1.0,,24.979159,121.451125,1150,W1,1905,Taipei,WG,1,8.0,1
5A-平鎮倉,68208 百晟營造-富玉,18.0,59.57,236,新北市土城區,新北市土城區金城路2段&龍山二街口-B棟-10F,10,RT202500006809,1.0,,24.978939,121.450911,1150,W1,1906,Taipei,WG,1,18.0,1
5A-平鎮倉,68208 百晟營造-富玉,16.0,59.57,236,新北市土城區,新北市土城區金城路2段&龍山二街口-C、D棟7F,7,RT202500006818,1.0,,24.978939,121.450911,1150,W1,1907,Taipei,WG,1,16.0,1
5A-平鎮倉,68208 百晟營造-富玉,16.0,59.57,236,新北市土城區,新北市土城區金城路2段&龍山二街口-C、D棟7F,7,RT202500006818,,,24.978939,121.450911,1150,Unknown,1908,Taipei,WG,1,16.0,1
5A-平鎮倉,68208 百晟營造-富玉,16.0,59.57,236,新北市土城區,新北市土城區金城路2段&龍山二街口-D棟-12F,12,RT20250000010629,1.0,,24.978939,121.450911,1150,W1,1909,Taipei,WG,1,16.0,1
5A-平鎮倉,68208 百晟營造-富玉,16.0,59.57,236,新北市土城區,新北市土城區金城路2段&龍山二街口-C棟-12F,12,RT20250000010627,1.0,,24.978939,121.450911,1150,W1,1910,Taipei,WG,1,16.0,1
5A-平鎮倉,68208 百晟營造-富玉,18.0,59.57,236,新北市土城區,新北市土城區金城路2段&龍山二街口-A棟13F,13,RT20250000012212,1.0,,24.978939,121.450911,1150,W1,1911,Taipei,WG,1,18.0,1
5A-平鎮倉,68208 百晟營造-富玉,18.0,59.57,236,新北市土城區,新北市土城區金城路2段&龍山二街口-B棟13F,13,RT20250000012213,1.0,,24.978939,121.450911,1150,W1,1912,Taipei,WG,1,18.0,1
5A-平鎮倉,68208 百晟營造-富玉,8.0,59.59,236,新北市土城區,新北市土城區金城路2段&龍山二街口,1,RT202500004664,1.0,,24.979198,121.450853,1150,W1,1913,Taipei,WG,1,8.0,1
5A-平鎮倉,68208 百晟營造-富玉,8.0,59.59,236,新北市土城區,新北市土城區金城路2段&龍山二街口,1,RT202500004664,1.0,,24.979198,121.450853,1150,W1,1914,Taipei,WG,1,8.0,1
5A-平鎮倉,68491 寶佳建設-土城,8.0,60.89,236,新北市土城區,新北市土城區青雲路384號-(青和街1巷旁),1,RT2025000540,1.0,,24.974264,121.458319,1150,W1,1915,Taipei,WG,1,8.0,1
5A-平鎮倉,68491 寶佳建設-土城,8.0,60.89,236,新北市土城區,新北市土城區青雲路384號-(青和街1巷旁),1,RT2025000540,1.0,,24.974264,121.458319,1150,W1,1916,Taipei,WG,1,8.0,1
5A-平鎮倉,52749 文強-土城區,8.0,63.33,236,新北市土城區,新北市土城區中央路一段189巷內-停車場,1,RT20250000011841,,1.0,24.986769,121.446458,1150,W2,1917,Taipei,WG,2,16.0,1
5A-平鎮倉,74641 松柏長青-杏安長照,8.0,60.05,350,苗栗縣竹南鎮,苗栗縣竹南鎮天祥街二段327號-杏安長照,1,RT20250000011857,1.0,,24.710339,120.868284,1580,W1,1918,Hsinchu,PZ,1,8.0,9
5A-平鎮倉,74306 弘上建設-弘上雅苑,8.0,62.06,350,苗栗縣竹南鎮,苗栗縣竹南鎮龍昇街53號旁,1,RT20250000010280,1.0,,24.696839,120.867167,1580,W1,1919,Miaoli,PZ,1,8.0,9
5A-平鎮倉,74306 弘上建設-弘上雅苑,8.0,62.06,350,苗栗縣竹南鎮,苗栗縣竹南鎮龍昇街53號旁,1,RT20250000010280,1.0,,24.696839,120.867167,1580,W1,1920,Miaoli,PZ,1,8.0,9
5A-平鎮倉,77216 同興營造-竹興段,8.0,63.07,350,苗栗縣竹南鎮,苗栗縣竹南鎮博愛街445號旁,1,RT202500008883,1.0,,24.689147,120.865433,1580,W1,1921,Miaoli,PZ,1,8.0,9
5A-平鎮倉,76387 耐福營造-張文銓住宅,8.0,65.18,350,苗栗縣竹南鎮,苗栗縣竹南鎮龍山路三段1巷67弄底,1,RT202500005032,1.0,,24.702119,120.877045,1580,W1,1922,Hsinchu,PZ,1,8.0,9
5A-平鎮倉,76866 高群工程-竹南鎮,8.0,67.18,350,苗栗縣竹南鎮,苗栗縣竹南鎮公義路462巷58號,1,RT202500007177,1.0,,24.704606,120.8915,1580,W1,1923,Hsinchu,PZ,1,8.0,9
5A-平鎮倉,78314 峻暐室內裝修-竹南鎮,8.0,68.46,350,苗栗縣竹南鎮,苗栗縣竹南鎮公義路1040號旁工地,1,RT20250000013680,1.0,,24.710514,120.899152,1580,W1,1924,Hsinchu,PZ,1,8.0,9
5A-平鎮倉,74305 新宜營造-嘉園營運總部,18.0,68.82,350,苗栗縣竹南鎮,苗栗縣竹南鎮仁愛路769號旁-11F,11,RT20250000012235,1.0,,24.710067,120.900322,1580,W1,1925,Hsinchu,PZ,1,18.0,9
5A-平鎮倉,74305 新宜營造-嘉園營運總部,18.0,68.82,350,苗栗縣竹南鎮,苗栗縣竹南鎮仁愛路769號旁,3,RT202500006656,1.0,,24.710061,120.900286,1580,W1,1926,Hsinchu,PZ,1,18.0,9
5A-平鎮倉,74305 新宜營造-嘉園營運總部,18.0,68.83,350,苗栗縣竹南鎮,苗栗縣竹南鎮仁愛路769號旁-7F,7,RT202500008973,1.0,,24.710044,120.900214,1580,W1,1927,Hsinchu,PZ,1,18.0,9
5A-平鎮倉,74858 旭嘉聯合-一沐晴嵐,8.0,69.15,350,苗栗縣竹南鎮,苗栗縣竹南鎮大埔十街45號對面,1,RT20240000013234,1.0,,24.707861,120.899627,1580,W1,1928,Hsinchu,PZ,1,8.0,9
5A-平鎮倉,74858 旭嘉聯合-一沐晴嵐,8.0,69.15,350,苗栗縣竹南鎮,苗栗縣竹南鎮大埔十街45號對面,1,RT20240000013234,1.0,,24.707861,120.899627,1580,W1,1929,Hsinchu,PZ,1,8.0,9
5A-平鎮倉,75483 掬昌營造-科專六路,8.0,69.31,350,苗栗縣竹南鎮,苗栗縣竹南鎮科專六路213號,1,RT202500001015,1.0,,24.707331,120.89873,1580,W1,1930,Hsinchu,PZ,1,8.0,9
5A-平鎮倉,75227 景賀營造股份有限公司,8.0,69.92,350,苗栗縣竹南鎮,苗栗縣竹南鎮大埔七街&大埔九街交叉口,1,RT20250000013722,1.0,,24.704442,120.901592,1580,W1,1931,Hsinchu,PZ,1,8.0,9
5A-平鎮倉,70107 上欣營造興業股份有限公司,8.0,70.65,350,苗栗縣竹南鎮,苗栗縣竹南鎮科專三路128號,1,RT202500008163,1.0,,24.708422,120.904511,1580,W1,1932,Hsinchu,PZ,1,8.0,9
5A-平鎮倉,74337 京明營造-景御墅,8.0,71.18,350,苗栗縣竹南鎮,苗栗縣竹南鎮大埔一街&專科二路五巷,1,RT20240000010929,1.0,,24.7125,120.904442,1580,W1,1933,Hsinchu,PZ,1,8.0,9
5A-平鎮倉,74337 京明營造-景御墅,8.0,71.19,350,苗栗縣竹南鎮,苗栗縣竹南鎮大埔一街&專科二路五巷,1,RT202500001716,1.0,,24.712514,120.904464,1580,W1,1934,Hsinchu,PZ,1,8.0,9
5A-平鎮倉,74790 薰漢營造-新向,8.0,71.33,350,苗栗縣竹南鎮,苗栗縣竹南鎮公義路&科專二路交叉口,1,RT20250000012883,1.0,,24.713433,120.904569,1580,W1,1935,Hsinchu,PZ,1,8.0,9
5A-平鎮倉,74790 薰漢營造-新向,8.0,71.41,350,苗栗縣竹南鎮,苗栗縣竹南鎮公義路&科專二路交叉口,1,RT202500006691,1.0,,24.713933,120.904783,1580,W1,1936,Hsinchu,PZ,1,8.0,9
5A-平鎮倉,74790 薰漢營造-新向,8.0,71.41,350,苗栗縣竹南鎮,苗栗縣竹南鎮公義路&科專二路交叉口,1,RT20240000013038,1.0,,24.713933,120.904783,1580,W1,1937,Hsinchu,PZ,1,8.0,9
5A-平鎮倉,71654 薰漢-新境,8.0,71.82,350,苗栗縣竹南鎮,苗栗縣竹南鎮科學路&科專一路交叉口-B棟1F,1,RT20250000013410,1.0,,24.713558,120.908261,1580,W1,1938,Hsinchu,PZ,1,8.0,9
5A-平鎮倉,71654 薰漢-新境,20.0,71.86,350,苗栗縣竹南鎮,苗栗縣竹南鎮科學路&科專一路交叉口-B棟9F,9,RT20250000010158,1.0,,24.713178,120.908458,1580,W1,1939,Hsinchu,PZ,1,20.0,9
5A-平鎮倉,71654 薰漢-新境,20.0,71.86,350,苗栗縣竹南鎮,苗栗縣竹南鎮科學路&科專一路交叉口-A棟9F,9,RT20250000010157,1.0,,24.713178,120.908458,1580,W1,1940,Hsinchu,PZ,1,20.0,9
5A-平鎮倉,71654 薰漢-新境,20.0,71.86,350,苗栗縣竹南鎮,苗栗縣竹南鎮科學路&科專一路交叉口-A棟13F,13,RT20250000012709,1.0,,24.713178,120.908458,1580,W1,1941,Hsinchu,PZ,1,20.0,9
5A-平鎮倉,71654 薰漢-新境,20.0,71.86,350,苗栗縣竹南鎮,苗栗縣竹南鎮科學路&科專一路交叉口-B棟13F,13,RT20250000012710,1.0,,24.713178,120.908458,1580,W1,1942,Hsinchu,PZ,1,20.0,9
5A-平鎮倉,72336 和洋-苗栗,8.0,72.0,350,苗栗縣竹南鎮,苗栗縣竹南鎮大埔一街68號對面,1,RT202500009381,1.0,,24.712939,120.9073,1580,W1,1943,Hsinchu,PZ,1,8.0,9
5A-平鎮倉,71654 薰漢-新境,20.0,72.22,350,苗栗縣竹南鎮,苗栗縣竹南鎮科學路&科專一路交叉口-A棟5F,5,RT202500009979,1.0,,24.713714,120.908369,1580,W1,1944,Hsinchu,PZ,1,20.0,9
5A-平鎮倉,71654 薰漢-新境,20.0,72.22,350,苗栗縣竹南鎮,苗栗縣竹南鎮科學路&科專一路交叉口-B棟5F,5,RT202500009980,1.0,,24.713714,120.908369,1580,W1,1945,Hsinchu,PZ,1,20.0,9
5A-平鎮倉,71654 薰漢-新境,8.0,72.22,350,苗栗縣竹南鎮,苗栗縣竹南鎮科學路&科專一路交叉口-A棟1F,1,RT20250000013411,1.0,,24.713714,120.908369,1580,W1,1946,Hsinchu,PZ,1,8.0,9
5A-平鎮倉,68979 富泰-11202聯合環球,8.0,72.33,350,苗栗縣竹南鎮,苗栗縣竹南鎮科專一路&科學路交叉口工地,1,RT20250000010240,1.0,,24.713544,120.9094,1580,W1,1947,Hsinchu,PZ,1,8.0,9
5A-平鎮倉,72198 富泰-望隼科技,15.0,73.11,350,苗栗縣竹南鎮,苗栗縣竹南鎮科專路1號巷底,3,RT202500007508,1.0,,24.711569,120.911036,1580,W1,1948,Hsinchu,PZ,1,15.0,9
5A-平鎮倉,72198 富泰-望隼科技,15.0,73.11,350,苗栗縣竹南鎮,苗栗縣竹南鎮科專路1號巷底,5,RT202500007508,1.0,,24.711569,120.911036,1580,W1,1949,Hsinchu,PZ,1,15.0,9
5A-平鎮倉,72198 富泰-望隼科技,15.0,73.11,350,苗栗縣竹南鎮,苗栗縣竹南鎮科專路1號巷底,7,RT202500007508,1.0,,24.711569,120.911036,1580,W1,1950,Hsinchu,PZ,1,15.0,9
5A-平鎮倉,72198 富泰-望隼科技,8.0,73.11,350,苗栗縣竹南鎮,苗栗縣竹南鎮科專路1號巷底-追加,1,RT20250000012705,1.0,,24.711567,120.910997,1580,W1,1951,Hsinchu,PZ,1,8.0,9
5A-平鎮倉,72198 富泰-望隼科技,8.0,73.11,350,苗栗縣竹南鎮,苗栗縣竹南鎮科專路1號巷底-追加,1,RT20250000012705,1.0,,24.711567,120.910997,1580,W1,1952,Hsinchu,PZ,1,8.0,9
5A-平鎮倉,72198 富泰-望隼科技,8.0,73.11,350,苗栗縣竹南鎮,苗栗縣竹南鎮科專路1號巷底-追加,1,RT20250000012705,1.0,,24.711567,120.910997,1580,W1,1953,Hsinchu,PZ,1,8.0,9
5A-平鎮倉,72198 富泰-望隼科技,8.0,73.11,350,苗栗縣竹南鎮,苗栗縣竹南鎮科專路1號巷底-追加,1,RT20250000012705,1.0,,24.711567,120.910997,1580,W1,1954,Hsinchu,PZ,1,8.0,9
5A-平鎮倉,72198 富泰-望隼科技,8.0,73.11,350,苗栗縣竹南鎮,苗栗縣竹南鎮科專路1號巷底-7F-追加,1,RT20250000013681,1.0,,24.711567,120.910997,1580,W1,1955,Hsinchu,PZ,1,8.0,9
5A-平鎮倉,72198 富泰-望隼科技,8.0,73.12,350,苗栗縣竹南鎮,苗栗縣竹南鎮科專路1號巷底,1,RT202400002653,1.0,,24.711825,120.911133,1580,W1,1956,Hsinchu,PZ,1,8.0,9
5A-平鎮倉,72198 富泰-望隼科技,8.0,73.12,350,苗栗縣竹南鎮,苗栗縣竹南鎮科專路1號巷底,1,RT202400003965,1.0,,24.711569,120.911067,1580,W1,1957,Hsinchu,PZ,1,8.0,9
5A-平鎮倉,77883 竑越工程-竹南鎮,8.0,73.91,350,苗栗縣竹南鎮,苗栗縣竹南鎮科西二路6號-杜邦大門前工務所,1,RT20250000011739,1.0,,24.708322,120.910447,1580,W1,1958,Hsinchu,PZ,1,8.0,9
5A-平鎮倉,77883 竑越工程-竹南鎮,8.0,73.91,350,苗栗縣竹南鎮,苗栗縣竹南鎮科西二路6號-杜邦大門前工務所,1,RT20250000011739,1.0,,24.708322,120.910447,1580,W1,1959,Hsinchu,PZ,1,8.0,9
5A-平鎮倉,77883 竑越工程-竹南鎮,8.0,73.91,350,苗栗縣竹南鎮,苗栗縣竹南鎮科西二路6號-杜邦大門前工務所,1,RT20250000011739,1.0,,24.708322,120.910447,1580,W1,1960,Hsinchu,PZ,1,8.0,9
5A-平鎮倉,77669 承桓有限公司,8.0,74.05,350,苗栗縣竹南鎮,苗栗縣竹南鎮科西二路6號-台灣杜邦竹南廠,1,RT20250000011031,1.0,,24.707747,120.911031,1580,W1,1961,Hsinchu,PZ,1,8.0,9
5A-平鎮倉,76970 旺邦營造-生物製劑,8.0,74.31,350,苗栗縣竹南鎮,苗栗縣竹南鎮科研路(國家衛生研究院3號入口),1,RT202500007599,1.0,,24.706386,120.910078,1580,W1,1962,Hsinchu,PZ,1,8.0,9
5A-平鎮倉,76970 旺邦營造-生物製劑,8.0,74.31,350,苗栗縣竹南鎮,苗栗縣竹南鎮科研路(國家衛生研究院3號入口),1,RT202500007599,1.0,,24.706386,120.910078,1580,W1,1963,Hsinchu,PZ,1,8.0,9
5A-平鎮倉,76970 旺邦營造-生物製劑,8.0,74.31,350,苗栗縣竹南鎮,苗栗縣竹南鎮科研路(國家衛生研究院3號入口),1,RT202500007599,1.0,,24.706386,120.910078,1580,W1,1964,Hsinchu,PZ,1,8.0,9
5A-平鎮倉,76970 旺邦營造-生物製劑,8.0,74.31,350,苗栗縣竹南鎮,苗栗縣竹南鎮科研路(國家衛生研究院3號入口),1,RT202500007599,1.0,,24.706386,120.910078,1580,W1,1965,Hsinchu,PZ,1,8.0,9
5A-平鎮倉,75875 勤宏環保-竹南,8.0,75.0,350,苗栗縣竹南鎮,苗栗縣竹南鎮科中路29號,1,RT20250000013330,1.0,,24.708917,120.914142,1580,W1,1966,Hsinchu,PZ,1,8.0,9
5A-平鎮倉,75875 勤宏環保-竹南,8.0,75.0,350,苗栗縣竹南鎮,苗栗縣竹南鎮科中路29號,1,RT20250000013330,1.0,,24.708917,120.914142,1580,W1,1967,Hsinchu,PZ,1,8.0,9
5A-平鎮倉,76791 日商藤田-竹南鎮,8.0,76.96,350,苗栗縣竹南鎮,苗栗縣竹南鎮群義路50號對面工地,1,RT202500006934,1.0,,24.71722,120.907028,1580,W1,1968,Hsinchu,PZ,1,8.0,9
5A-平鎮倉,76791 日商藤田-竹南鎮,8.0,76.96,350,苗栗縣竹南鎮,苗栗縣竹南鎮群義路50號對面工地,1,RT202500006934,1.0,,24.71722,120.907028,1580,W1,1969,Hsinchu,PZ,1,8.0,9
5A-平鎮倉,77234 玄通營造-兆勁科技,8.0,78.09,350,苗栗縣竹南鎮,苗栗縣竹南鎮友義路81號,1,RT202500008952,1.0,,24.721984,120.908136,1580,W1,1970,Hsinchu,PZ,1,8.0,9
5A-平鎮倉,78085 川億營造-大湖公園,8.0,58.78,114,臺北市內湖區,臺北市內湖區成功路五段31號-大湖公園附近,1,RT20250000012815,1.0,,25.082534,121.605872,1375,W1,1971,Taipei,WG,1,8.0,8
5A-平鎮倉,76311 永碁營造-大湖山莊街,8.0,59.78,114,臺北市內湖區,臺北市內湖區大湖山莊街23巷32號,1,RT202500004395,1.0,,25.085725,121.602833,1375,W1,1972,Taipei,WG,1,8.0,8
5A-平鎮倉,77021 大林營造-大湖山莊,8.0,60.14,114,臺北市內湖區,臺北市內湖區大湖山莊街78號,1,RT20250000010585,1.0,,25.086991,121.605092,1375,W1,1973,Taipei,WG,1,8.0,8
5A-平鎮倉,65451 陳秀靖-內湖康寧段,8.0,61.06,114,臺北市內湖區,臺北市內湖區大湖街160巷27號,1,RT202400005324,1.0,,25.082645,121.601536,1375,W1,1974,Taipei,WG,1,8.0,8
5A-平鎮倉,62825 百神建設-陳宅,8.0,61.18,114,臺北市內湖區,臺北市內湖區大湖街160巷22號,1,RT20250000010335,1.0,,25.082411,121.601333,1375,W1,1975,Taipei,WG,1,8.0,8
5A-平鎮倉,71641 艾米空間-大湖,8.0,61.28,114,臺北市內湖區,臺北市內湖區大湖街160巷22弄7號,1,RT202500007164,1.0,,25.08207,121.600714,1375,W1,1976,Taipei,WG,1,8.0,8
5A-平鎮倉,57620 地球營造(股),8.0,61.44,114,臺北市內湖區,臺北市內湖區大湖街160巷22弄20號,1,RT202500009513,1.0,,25.08237,121.59973,1375,W1,1977,Taipei,WG,1,8.0,8
5A-平鎮倉,73284 嘉泰營造-內湖,8.0,61.57,114,臺北市內湖區,臺北市內湖區大湖街158巷11號,1,RT20250000012446,1.0,,25.083447,121.599661,1375,W1,1978,Taipei,WG,1,8.0,8
5A-平鎮倉,68406 利晉-內湖,8.0,63.01,114,臺北市內湖區,臺北市內湖區成功路3段140號,1,RT202500005076,1.0,,25.079909,121.589977,1375,W1,1979,Taipei,WG,1,8.0,8
5A-平鎮倉,68406 利晉-內湖,18.0,63.01,114,臺北市內湖區,臺北市內湖區成功路3段140號-4F,4,RT202500008712,1.0,,25.079909,121.589977,1375,W1,1980,Taipei,WG,1,18.0,8
5A-平鎮倉,68406 利晉-內湖,8.0,63.01,114,臺北市內湖區,臺北市內湖區成功路3段140號,1,RT20240000014281,1.0,,25.079909,121.589977,1375,W1,1981,Taipei,WG,1,8.0,8
5A-平鎮倉,68406 利晉-海川建設內湖區文德段,18.0,63.01,114,臺北市內湖區,臺北市內湖區成功路3段140號-7F,7,RT20250000010304,1.0,,25.079909,121.589977,1375,W1,1982,Taipei,WG,1,18.0,8
5A-平鎮倉,68406 利晉-海川建設內湖區文德段,8.0,63.01,114,臺北市內湖區,臺北市內湖區成功路3段140號-10F,1,RT20250000013486,1.0,,25.079909,121.589977,1375,W1,1983,Taipei,WG,1,8.0,8
5A-平鎮倉,66966 洋房建設-內湖,8.0,66.01,114,臺北市內湖區,臺北市內湖區民權東路6段289巷,1,RT202500007302,1.0,,25.068628,121.601469,1375,W1,1984,Taipei,WG,1,8.0,8
5A-平鎮倉,77544 佳碩營造-內湖區民權東路,8.0,67.41,114,臺北市內湖區,臺北市內湖區民權東路六段180巷88號對面工地,1,RT20250000010411,1.0,,25.065375,121.592669,1375,W1,1985,Taipei,WG,1,8.0,8
5A-平鎮倉,74287 翔和工程行,8.0,68.79,114,臺北市內湖區,臺北市內湖區潭美街636號旁,1,RT20250000013562,1.0,,25.060647,121.601825,1375,W1,1986,Taipei,WG,1,8.0,8
5A-平鎮倉,70586 翔盛起重-吊車,8.0,68.82,114,臺北市內湖區,臺北市內湖區潭美街577號對面(吊車),1,RT202500009552,1.0,,25.060972,121.601544,1375,W1,1987,Taipei,WG,1,8.0,8
5A-平鎮倉,39882 捷興工程行,8.0,69.58,114,臺北市內湖區,臺北市內湖區安康路46號-停車場,1,RT20250000010796,1.0,,25.062,121.597083,1375,W1,1988,Taipei,WG,1,8.0,8
5A-平鎮倉,77125 宗營環保工程-內湖區,8.0,69.69,114,臺北市內湖區,臺北市內湖區安康路46號,1,RT202500008546,1.0,,25.062247,121.596172,1375,W1,1989,Taipei,WG,1,8.0,8
5A-平鎮倉,77125 宗營環保工程-內湖區,8.0,69.69,114,臺北市內湖區,臺北市內湖區安康路46號,1,RT202500008546,1.0,,25.062247,121.596172,1375,W1,1990,Taipei,WG,1,8.0,8
5A-平鎮倉,77125 宗營環保工程-內湖區,8.0,69.69,114,臺北市內湖區,臺北市內湖區安康路46號,1,RT202500008546,1.0,,25.062247,121.596172,1375,W1,1991,Taipei,WG,1,8.0,8
5A-平鎮倉,65510 豐譽聯合-南港,8.0,71.9,115,臺北市南港區,臺北市南港區昆陽街161號旁工地,1,RT20250000013448,,1.0,25.048439,121.594964,1365,W2,1992,Taipei,WG,2,16.0,8
5A-平鎮倉,75931 宏有水電-南港,8.0,73.19,115,臺北市南港區,臺北市南港區重陽路39巷100號旁工地,1,RT202500002885,1.0,,25.057856,121.594169,1365,W1,1993,Taipei,WG,1,8.0,8
5A-平鎮倉,75931 宏有水電-南港,8.0,73.19,115,臺北市南港區,臺北市南港區重陽路39巷100號旁工地,1,RT202500002885,1.0,,25.057856,121.594169,1365,W1,1994,Taipei,WG,1,8.0,8
5A-平鎮倉,67664 萬德-南港,8.0,75.85,115,臺北市南港區,臺北市南港區經貿二路188號(中國信託金融園區外),1,RT20250000011162,1.0,,25.059072,121.616589,1365,W1,1995,Taipei,WG,1,8.0,8
5A-平鎮倉,67663 萬德-南港,8.0,76.09,115,臺北市南港區,臺北市南港區經貿二路105巷口(南港展覽館1館旁),1,RT20250000013824,1.0,,25.058075,121.617986,1365,W1,1996,Taipei,WG,1,8.0,8
5A-平鎮倉,72805 樹盛-裕光東湖,8.0,78.33,114,臺北市內湖區,臺北市內湖區東湖路119巷50弄5號,1,RT202500004843,1.0,,25.069703,121.617384,1375,W1,1997,Taipei,WG,1,8.0,8
5A-平鎮倉,69515 京騰營造-康樂街,18.0,78.78,114,臺北市內湖區,臺北市內湖區康樂街136巷12號,15,RT202500006968,1.0,,25.071931,121.618092,1375,W1,1998,Taipei,WG,1,18.0,8
5A-平鎮倉,69515 京騰營造-康樂街,18.0,78.81,114,臺北市內湖區,臺北市內湖區康樂街136巷12號,9,RT20240000015093,1.0,,25.071917,121.618439,1375,W1,1999,Taipei,WG,1,18.0,8
5A-平鎮倉,69515 京騰營造-康樂街,18.0,78.81,114,臺北市內湖區,臺北市內湖區康樂街136巷12號,12,RT202500002316,1.0,,25.071917,121.618439,1375,W1,2000,Taipei,WG,1,18.0,8
5A-平鎮倉,69515 京騰營造-康樂街,18.0,78.81,114,臺北市內湖區,臺北市內湖區康樂街136巷12號,6,RT20240000012566,1.0,,25.071917,121.618439,1375,W1,2001,Taipei,WG,1,18.0,8
5A-平鎮倉,69515 京騰營造-康樂街,18.0,78.81,114,臺北市內湖區,臺北市內湖區康樂街136巷12號,3,RT20240000010599,1.0,,25.071917,121.618439,1375,W1,2002,Taipei,WG,1,18.0,8
5A-平鎮倉,69515 京騰營造-康樂街,8.0,78.84,114,臺北市內湖區,臺北市內湖區康樂街136巷12號,1,RT202500005866,1.0,,25.071675,121.618417,1375,W1,2003,Taipei,WG,1,8.0,8
5A-平鎮倉,76258 紹華營造-南港中南段,8.0,83.94,115,臺北市南港區,臺北市南港區舊莊街一段215巷口,1,RT202500004200,1.0,,25.039091,121.622925,1365,W1,2004,Taipei,WG,1,8.0,8
5A-平鎮倉,42073 全國食材,8.0,26.96,330,桃園市桃園區,桃園市桃園區大有路85號 全國食材廣場有限公司,1,RT20250000013014,1.0,,25.005472,121.321798,1420,W1,2005,Taoyuan,PZ,1,8.0,10
5A-平鎮倉,75650 祥瀛營造-楊梅,8.0,29.6,330,桃園市桃園區,桃園市桃園區峨眉二街16號對面,1,RT20250000013709,1.0,,25.025056,121.311528,1420,W1,2006,Taiwan,WG,1,8.0,13
5A-平鎮倉,74681 盛北營造-桃園,8.0,31.55,330,桃園市桃園區,桃園市桃園區雙峰路22號,1,RT20250000011860,1.0,,25.012306,121.310417,1420,W1,2007,Taiwan,PZ,1,8.0,10
5A-平鎮倉,73412 簡高文,8.0,31.98,330,桃園市桃園區,桃園市桃園區慈文路66號旁,1,RT20250000013551,1.0,,25.010775,121.3066,1420,W1,2008,Taiwan,PZ,1,8.0,10
5A-平鎮倉,76581 岳虹建設-同安街,8.0,32.13,330,桃園市桃園區,桃園市桃園區同安街24號,1,RT202500007396,1.0,,25.011322,121.305728,1420,W1,2009,Taiwan,PZ,1,8.0,10
5A-平鎮倉,78196 佳銳營造-愛一街,8.0,33.41,330,桃園市桃園區,桃園市桃園區愛一街8號-附地標,1,RT20250000013216,1.0,,25.002575,121.30385,1420,W1,2010,Taiwan,PZ,1,8.0,10
5A-平鎮倉,73980 鈜基營造-桃園,8.0,33.89,330,桃園市桃園區,桃園市桃園區愛二街&愛國街交叉口,1,RT202500009219,1.0,,25.002544,121.301078,1420,W1,2011,Taiwan,PZ,1,8.0,10
5A-平鎮倉,77145 陳聖涵-同#75297#76616,8.0,34.24,330,桃園市桃園區,桃園市桃園區力行路222巷33號,1,RT202500008577,1.0,,25.001397,121.299483,1420,W1,2012,Taiwan,PZ,1,8.0,10
5A-平鎮倉,77530 羅大為-慈華街,8.0,34.7,330,桃園市桃園區,桃園市桃園區慈華街8號旁,1,RT20250000010285,1.0,,25.00425,121.297972,1420,W1,2013,Taiwan,PZ,1,8.0,10
5A-平鎮倉,78173 萬寧工程-慈文路,8.0,35.07,330,桃園市桃園區,桃園市桃園區慈文路500號,1,RT20250000013122,1.0,,25.002558,121.296436,1420,W1,2014,Taiwan,PZ,1,8.0,10
5A-平鎮倉,77089 福鄉營造-中央三段41地號,8.0,35.48,330,桃園市桃園區,桃園市桃園區永安路與溫州一街交叉口,1,RT202500008199,1.0,,25.004747,121.295227,1420,W1,2015,Taiwan,PZ,1,8.0,10
5A-平鎮倉,69821 嘉駿建設-中路C區,22.0,35.97,330,桃園市桃園區,桃園市桃園區吉安街102號-A棟17F,17,RT202500009242,1.0,,25.004597,121.291591,1420,W1,2016,Taiwan,PZ,1,22.0,10
5A-平鎮倉,69821 嘉駿建設-中路C區,22.0,35.97,330,桃園市桃園區,桃園市桃園區吉安街102號-B棟17F,17,RT202500009243,1.0,,25.004597,121.291591,1420,W1,2017,Taiwan,PZ,1,22.0,10
5A-平鎮倉,69821 嘉駿建設-中路C區,8.0,35.98,330,桃園市桃園區,桃園市桃園區吉安街102號,1,RT20240000014874,1.0,,25.004525,121.291464,1420,W1,2018,Taiwan,PZ,1,8.0,10
5A-平鎮倉,69821 嘉駿建設-中路C區,8.0,35.98,330,桃園市桃園區,桃園市桃園區吉安街102號,1,RT20240000014874,1.0,,25.004525,121.291464,1420,W1,2019,Taiwan,PZ,1,8.0,10
5A-平鎮倉,69821 嘉駿建設-中路C區,20.0,35.98,330,桃園市桃園區,桃園市桃園區吉安街102號-A棟,9,RT202500001696,1.0,,25.004525,121.291464,1420,W1,2020,Taiwan,PZ,1,20.0,10
5A-平鎮倉,69821 嘉駿建設-中路C區,20.0,35.98,330,桃園市桃園區,桃園市桃園區吉安街102號-B棟,9,RT202500001698,1.0,,25.004525,121.291464,1420,W1,2021,Taiwan,PZ,1,20.0,10
5A-平鎮倉,69821 嘉駿建設-中路C區,8.0,35.99,330,桃園市桃園區,桃園市桃園區吉安街102號-追加,1,RT202500007604,1.0,,25.004492,121.291408,1420,W1,2022,Taiwan,PZ,1,8.0,10
5A-平鎮倉,69821 嘉駿建設-中路C區,22.0,36.21,330,桃園市桃園區,桃園市桃園區吉安街102號-A棟21樓,21,RT202500009433,1.0,,25.005483,121.29093,1420,W1,2023,Taiwan,PZ,1,22.0,10
5A-平鎮倉,69821 嘉駿建設-中路C區,22.0,36.21,330,桃園市桃園區,桃園市桃園區吉安街102號-B棟21F,21,RT202500009434,1.0,,25.005483,121.29093,1420,W1,2024,Taiwan,PZ,1,22.0,10
5A-平鎮倉,69821 嘉駿建設-中路C區,20.0,36.34,330,桃園市桃園區,桃園市桃園區吉安街102號,13,RT202500004335,1.0,,25.005147,121.291394,1420,W1,2025,Taiwan,PZ,1,20.0,10
5A-平鎮倉,69821 嘉駿建設-中路C區,20.0,36.34,330,桃園市桃園區,桃園市桃園區吉安街102號,13,RT202500004334,1.0,,25.005147,121.291394,1420,W1,2026,Taiwan,PZ,1,20.0,10
5A-平鎮倉,69821 嘉駿建設-中路C區,20.0,36.35,330,桃園市桃園區,桃園市桃園區吉安街102號-A棟,5,RT20240000014290,1.0,,25.005078,121.291547,1420,W1,2027,Taiwan,PZ,1,20.0,10
5A-平鎮倉,69821 嘉駿建設-中路C區,20.0,36.35,330,桃園市桃園區,桃園市桃園區吉安街102號-B棟,5,RT20240000014291,1.0,,25.005078,121.291547,1420,W1,2028,Taiwan,PZ,1,20.0,10
5A-平鎮倉,65184 築億-西廟,8.0,38.92,330,桃園市桃園區,桃園市桃園區中山路222號-西廟,1,RT202500002467,1.0,,24.992897,121.307775,1420,W1,2029,Taiwan,PZ,1,8.0,10
5A-平鎮倉,65184 築億-西廟,8.0,38.92,330,桃園市桃園區,桃園市桃園區中山路222號-西廟,1,RT202500002467,1.0,,24.992897,121.307775,1420,W1,2030,Taiwan,PZ,1,8.0,10
5A-平鎮倉,69556 愷侖-南華街,8.0,39.03,330,桃園市桃園區,桃園市桃園區南華街130號,1,RT20250000013398,1.0,,24.99218,121.307706,1420,W1,2031,Taiwan,PZ,1,8.0,10
5A-平鎮倉,76530 樹盛營造-夏朵桃園,8.0,44.04,330,桃園市桃園區,桃園市桃園區經國路855號,1,RT202500005653,1.0,,25.03015,121.300514,1420,W1,2032,Taiwan,PZ,1,8.0,10
5A-平鎮倉,76530 樹盛營造-夏朵桃園,8.0,44.05,330,桃園市桃園區,桃園市桃園區經國路855號,1,RT20250000012316,1.0,,25.030103,121.300517,1420,W1,2033,Taiwan,PZ,1,8.0,10
5A-平鎮倉,77743 晃茂營造-桃園區有恆路,8.0,44.66,330,桃園市桃園區,桃園市桃園區有恆路161號,1,RT20250000013908,1.0,,25.0309,121.299061,1420,W1,2034,Taiwan,PZ,1,8.0,10
5A-平鎮倉,77743 晃茂營造-桃園區有恆路,8.0,44.66,330,桃園市桃園區,桃園市桃園區有恆路161號,1,RT20250000013908,1.0,,25.0309,121.299061,1420,W1,2035,Taiwan,PZ,1,8.0,10
5A-平鎮倉,76006 晃茂營造-桃園經國路&有恆路口,8.0,44.78,330,桃園市桃園區,桃園市桃園區經國路&有恆路交叉路口工地,1,RT202500003111,1.0,,25.031728,121.299561,1420,W1,2036,Taiwan,PZ,1,8.0,13
5A-平鎮倉,76006 晃茂營造-桃園經國路&有恆路口,8.0,44.78,330,桃園市桃園區,桃園市桃園區經國路&有恆路交叉路口工地,1,RT202500003111,1.0,,25.031728,121.299561,1420,W1,2037,Taiwan,PZ,1,8.0,13
5A-平鎮倉,77743 晃茂營造-桃園區有恆路,8.0,45.0,330,桃園市桃園區,桃園市桃園區有恆路161號,1,RT20250000011287,1.0,,25.030867,121.298075,1420,W1,2038,Taiwan,PZ,1,8.0,10
5A-平鎮倉,77743 晃茂營造-桃園區有恆路,8.0,45.0,330,桃園市桃園區,桃園市桃園區有恆路161號,1,RT20250000011287,1.0,,25.030867,121.298075,1420,W1,2039,Taiwan,PZ,1,8.0,10
5A-平鎮倉,75102 慶源營造-比翼銀,8.0,45.28,330,桃園市桃園區,桃園市桃園區水岸五街50號對面,1,RT20240000014308,1.0,,25.030203,121.295994,1420,W1,2040,Taiwan,PZ,1,8.0,10
5A-平鎮倉,67568 澄果建設-桃園經國,8.0,45.5,330,桃園市桃園區,桃園市桃園區經國二路83號旁,1,RT20250000012231,1.0,,25.029636,121.297611,1420,W1,2041,Taiwan,PZ,1,8.0,10
5A-平鎮倉,74979 虹橋營造-騰鐽,8.0,45.5,330,桃園市桃園區,桃園市桃園區經國二路87號對面工地,1,RT20250000012837,1.0,,25.029728,121.297636,1420,W1,2042,Taiwan,PZ,1,8.0,10
5A-平鎮倉,76121 大英營造-和平段529地號,8.0,47.65,330,桃園市桃園區,桃園市桃園區莊敬路二段及敬三街口,1,RT202500009165,1.0,,25.021839,121.289639,1420,W1,2043,Taiwan,PZ,1,8.0,10
5A-平鎮倉,76121 大英營造-和平段529地號,8.0,47.65,330,桃園市桃園區,桃園市桃園區莊敬路二段及敬三街口,1,RT202500009165,1.0,,25.021839,121.289639,1420,W1,2044,Taiwan,PZ,1,8.0,10
5A-平鎮倉,76121 大英營造-和平段529地號,8.0,47.81,330,桃園市桃園區,桃園市桃園區莊敬路二段及敬三街口,1,RT202500003692,1.0,,25.021478,121.289402,1420,W1,2045,Taiwan,PZ,1,8.0,10
5A-平鎮倉,77309 王正銘-露天酒吧,8.0,48.5,330,桃園市桃園區,桃園市桃園區富國路577號旁空地,1,RT202500009326,1.0,,25.018667,121.283689,1420,W1,2046,Taiwan,PZ,1,8.0,10
5A-平鎮倉,70711 嘉崴-檢察署,8.0,49.02,330,桃園市桃園區,桃園市桃園區富國路398巷旁工地,1,RT20250000010686,1.0,,25.014625,121.286122,1420,W1,2047,Taiwan,PZ,1,8.0,10
5A-平鎮倉,70711 嘉崴-檢察署,8.0,49.02,330,桃園市桃園區,桃園市桃園區富國路398巷旁工地,1,RT20250000010686,1.0,,25.014625,121.286122,1420,W1,2048,Taiwan,PZ,1,8.0,10
5A-平鎮倉,70711 嘉崴-檢察署,8.0,49.02,330,桃園市桃園區,桃園市桃園區富國路398巷旁工地,1,RT20250000010686,1.0,,25.014625,121.286122,1420,W1,2049,Taiwan,PZ,1,8.0,10
5A-平鎮倉,73326 松賀建設-桃園,8.0,50.78,330,桃園市桃園區,桃園市桃園區永安路1298號,1,RT20250000013221,1.0,,25.011092,121.278186,1420,W1,2050,Taiwan,PZ,1,8.0,10
5A-平鎮倉,35257 石管局-阿姆坪抽砂場,8.0,20.6,335,桃園市大溪區,桃園市大溪區環湖路二段10號-阿姆坪抽砂場,1,RT20240000014864,1.0,,24.815122,121.301725,1428,W1,2051,Taiwan,PZ,1,8.0,6
5A-平鎮倉,50778 綠茵子生活,8.0,24.8,335,桃園市大溪區,桃園市大溪區承恩路385號 (綠善生活農埸),1,RT202500003950,1.0,,24.828056,121.299666,1428,W1,2052,Taiwan,PZ,1,8.0,6
5A-平鎮倉,77999 三邑營造-復興路一段,8.0,27.2,335,桃園市大溪區,桃園市大溪區復興路一段1097號-停車場工地,1,RT20250000012465,1.0,,24.840141,121.295008,1428,W1,2053,Taiwan,PZ,1,8.0,6
5A-平鎮倉,76233 時美建設-大溪,8.0,29.4,335,桃園市大溪區,"桃園市大溪區北橫公路176號旁24°50'28.1""N 121°16'57.2""E",1,RT202500004124,1.0,,24.840219,121.282503,1428,W1,2054,Taiwan,PZ,1,8.0,6
5A-平鎮倉,70534 香光山寺,8.0,30.2,335,桃園市大溪區,桃園市大溪區頭寮路276巷75-1號-香光山寺,1,RT202500005742,1.0,,24.836133,121.276692,1428,W1,2055,Taiwan,PZ,1,8.0,6
5A-平鎮倉,77958 王祥顏,8.0,34.8,335,桃園市大溪區,桃園市大溪區復興路一段28巷39號工地-頭寮從三層古道進去,1,RT20250000012198,1.0,,24.868986,121.292747,1428,W1,2056,Taiwan,PZ,1,8.0,6
5A-平鎮倉,72934 壬申-大溪圖書館,8.0,36.6,335,桃園市大溪區,桃園市大溪區復興路119號,1,RT202400005438,1.0,,24.879356,121.292047,1428,W1,2057,Taiwan,PZ,1,8.0,6
5A-平鎮倉,72934 壬申-大溪圖書館,8.0,36.6,335,桃園市大溪區,桃園市大溪區復興路119號,1,RT202400005438,1.0,,24.879356,121.292047,1428,W1,2058,Taiwan,PZ,1,8.0,6
5A-平鎮倉,76061 鉑洋工程-大溪,8.0,37.4,335,桃園市大溪區,桃園市大溪區忠孝路27號,1,RT202500003285,1.0,,24.883772,121.289819,1428,W1,2059,Taiwan,PZ,1,8.0,6
5A-平鎮倉,78020 旭發建設-和二路,8.0,37.7,335,桃園市大溪區,桃園市大溪區和二路29巷14號旁,1,RT20250000012634,1.0,,24.8825,121.291991,1428,W1,2060,Taiwan,PZ,1,8.0,6
5A-平鎮倉,77691 中鹿營造-松下電材,8.0,38.6,335,桃園市大溪區,桃園市大溪區信義路228號,1,RT20250000011110,1.0,,24.885808,121.2954,1428,W1,2061,Taiwan,PZ,1,8.0,6
5A-平鎮倉,77691 中鹿營造-松下電材,8.0,38.6,335,桃園市大溪區,桃園市大溪區信義路228號,1,RT20250000011110,1.0,,24.885808,121.2954,1428,W1,2062,Taiwan,PZ,1,8.0,6
5A-平鎮倉,75413 廣安營造-大溪,8.0,39.3,335,桃園市大溪區,桃園市大溪區信義路328巷內近信義路口,1,RT20250000010143,1.0,,24.889544,121.3004,1428,W1,2063,Taiwan,PZ,1,8.0,6
5A-平鎮倉,71680 菁宣營造工程有限公司,8.0,41.5,335,桃園市大溪區,桃園市大溪區金山路215號,1,RT202500009949,1.0,,24.876473,121.310036,1428,W1,2064,Taiwan,PZ,1,8.0,6
5A-平鎮倉,75922 三易建設-大溪,8.0,45.1,335,桃園市大溪區,桃園市大溪區康莊路405巷,1,RT202500002789,1.0,,24.874442,121.286558,1428,W1,2065,Taiwan,PZ,1,8.0,6
5A-平鎮倉,76948 亞洲不動產建設有限公司,8.0,47.0,335,桃園市大溪區,桃園市大溪區內柵路一段79巷15號旁工地,1,RT202500007498,1.0,,24.858786,121.282139,1428,W1,2066,Taiwan,PZ,1,8.0,6
5A-平鎮倉,75830 山華行營造-大溪,8.0,51.7,335,桃園市大溪區,桃園市大溪區康莊路五段545號-位移至工務所旁,1,RT20250000013250,1.0,,24.825709,121.262711,1428,W1,2067,Taiwan,PZ,1,8.0,6
5A-平鎮倉,72272 明尚-森巴黎15期,8.0,52.5,335,桃園市大溪區,桃園市大溪區福山一路161號對面,1,RT202500002356,1.0,,24.831511,121.262783,1428,W1,2068,Taiwan,PZ,1,8.0,6
5A-平鎮倉,77592 育暘機械-龍潭區,8.0,55.6,325,桃園市龍潭區,桃園市龍潭區後池大橋161號外面工地-電聯定位,1,RT20250000012967,1.0,,24.824611,121.251442,1430,W1,2069,Taiwan,PZ,1,8.0,6
5A-平鎮倉,77133 全筑營造-邑金科技,8.0,57.6,325,桃園市龍潭區,桃園市龍潭區永昌路24巷9弄16號對面,1,RT202500008544,1.0,,24.833886,121.247305,1430,W1,2070,Taiwan,PZ,1,8.0,6
5A-平鎮倉,73444 基宏實業-石門,14.0,59.9,325,桃園市龍潭區,桃園市龍潭區民治十四街46號,5,RT202500005182,1.0,,24.821398,121.235522,1430,W1,2071,Taiwan,PZ,1,14.0,6
5A-平鎮倉,73444 基宏實業-石門,8.0,59.9,325,桃園市龍潭區,桃園市龍潭區民治十四街46號,1,RT20250000010130,1.0,,24.821325,121.235555,1430,W1,2072,Taiwan,PZ,1,8.0,6
5A-平鎮倉,75408 美齊建設-民治十八街,8.0,60.1,325,桃園市龍潭區,桃園市龍潭區民治十八街,1,RT2025000522,1.0,,24.819692,121.235369,1430,W1,2073,Taiwan,PZ,1,8.0,6
5A-平鎮倉,75408 美齊建設-民治十八街,8.0,60.1,325,桃園市龍潭區,桃園市龍潭區民治十八街,1,RT2025000522,1.0,,24.819692,121.235369,1430,W1,2074,Taiwan,PZ,1,8.0,6
5A-平鎮倉,77703 欣弘營造-民治七街,8.0,61.6,325,桃園市龍潭區,桃園市龍潭區民治七街122號-附圖自行定位,1,RT20250000011142,1.0,,24.821436,121.238894,1430,W1,2075,Taiwan,PZ,1,8.0,6
5A-平鎮倉,76822 新堡開發-銜接#73448高田營造,8.0,62.5,325,桃園市龍潭區,桃園市龍潭區民有路61號,1,RT202500007028,1.0,,24.824964,121.239547,1430,W1,2076,Taiwan,PZ,1,8.0,6
5A-平鎮倉,76822 新堡開發-銜接#73448高田營造,8.0,62.5,325,桃園市龍潭區,桃園市龍潭區民有路61號,1,RT202500007028,1.0,,24.824964,121.239547,1430,W1,2077,Taiwan,PZ,1,8.0,6
5A-平鎮倉,64152 智捷國際股份有限公司,8.0,63.5,325,桃園市龍潭區,桃園市龍潭區民富街89號(稻香村飯店)-電聯定位,1,RT202500002592,1.0,,24.818103,121.239841,1430,W1,2078,Taiwan,PZ,1,8.0,6
5A-平鎮倉,26470 石管局-中線收費站,8.0,64.1,325,桃園市龍潭區,桃園市龍潭區民富街(靠石門水庫-福華渡假別館)-中線收費站),1,RT20240000014863,1.0,,24.816539,121.243447,1430,W1,2079,Taiwan,PZ,1,8.0,6
5A-平鎮倉,76871 世登營造-中科院,8.0,73.8,325,桃園市龍潭區,桃園市龍潭區中正路佳安段481號-中科院229館-需要人車換證,1,RT202500007201,1.0,,24.850403,121.248672,1430,W1,2080,Taiwan,PZ,1,8.0,6
5A-平鎮倉,76871 世登營造-中科院,8.0,73.8,325,桃園市龍潭區,桃園市龍潭區中正路佳安段481號-中科院229館-需要人車換證,1,RT202500007201,1.0,,24.850403,121.248672,1430,W1,2081,Taiwan,PZ,1,8.0,6
5A-平鎮倉,76871 世登營造-中科院,8.0,73.8,325,桃園市龍潭區,桃園市龍潭區中正路佳安段481號-中科院229館-需要人車換證,1,RT202500007201,1.0,,24.850403,121.248672,1430,W1,2082,Taiwan,PZ,1,8.0,6
5A-平鎮倉,76871 世登營造-中科院,8.0,73.8,325,桃園市龍潭區,桃園市龍潭區中正路佳安段481號-中科院229館-需要人車換證,1,RT202500007201,1.0,,24.850403,121.248672,1430,W1,2083,Taiwan,PZ,1,8.0,6
5A-平鎮倉,76871 世登營造-中科院,8.0,73.8,325,桃園市龍潭區,桃園市龍潭區中正路佳安段481號-中科院229館-需要人車換證,1,RT202500007201,1.0,,24.850403,121.248672,1430,W1,2084,Taiwan,PZ,1,8.0,6
5A-平鎮倉,74252 潤弘精密-中科院,8.0,74.9,325,桃園市龍潭區,桃園市龍潭區文化路1095號對面,1,RT20240000010671,,1.0,24.858314,121.251256,1430,W2,2085,Taiwan,PZ,2,16.0,6
5A-平鎮倉,74252 潤弘精密-中科院,8.0,74.9,325,桃園市龍潭區,桃園市龍潭區文化路1095號對面,1,RT20240000010671,,1.0,24.858314,121.251256,1430,W2,2086,Taiwan,PZ,2,16.0,6
5A-平鎮倉,76529 松信營造-棒壘球場,8.0,80.2,325,桃園市龍潭區,桃園市龍潭區中正路三段239巷-龍潭體育園區棒壘球場-附圖,1,RT20250000011128,,1.0,24.855794,121.232567,1430,W2,2087,Taiwan,PZ,2,16.0,6
5A-平鎮倉,76529 松信營造-棒壘球場,8.0,80.2,325,桃園市龍潭區,桃園市龍潭區中正路三段239巷-龍潭體育園區棒壘球場-附圖,1,RT20250000011128,,1.0,24.855794,121.232567,1430,W2,2088,Taiwan,PZ,2,16.0,6
5A-平鎮倉,77763 同立營造-三坑里,8.0,86.0,325,桃園市龍潭區,桃園市龍潭區永福路附近,1,RT20250000011348,1.0,,24.843619,121.259086,1430,W1,2089,Taiwan,PZ,1,8.0,6
5A-平鎮倉,77884 盛東工程-龍潭區永福段,8.0,89.1,325,桃園市龍潭區,桃園市龍潭區永福段2002-90地號-附地標,1,RT20250000011765,1.0,,24.857614,121.263917,1430,W1,2090,Taiwan,PZ,1,8.0,6
5A-平鎮倉,75769 鼎絢室內-大溪,8.0,101.3,335,桃園市大溪區,桃園市大溪區向榮街1巷17號,1,RT20250000013246,1.0,,24.890402,121.323317,1428,W1,2091,Taiwan,PZ,1,8.0,10
5A-平鎮倉,75769 鼎絢室內-大溪,8.0,101.3,335,桃園市大溪區,桃園市大溪區向榮街1巷17號,1,RT20250000013246,1.0,,24.890402,121.323317,1428,W1,2092,Taiwan,PZ,1,8.0,10
5A-平鎮倉,78252 宇宣營造-石門水庫,8.0,0.0,335,桃園市大溪區,桃園市大溪區環湖路一段68號-石門水庫南苑停車場-需通行證進出,1,RT20250000014147,,1.0,24.815867,121.248894,1428,W2,2093,Taiwan,PZ,2,16.0,6
5A-平鎮倉,78252 宇宣營造-石門水庫,8.0,0.0,335,桃園市大溪區,桃園市大溪區環湖路一段68號-石門水庫南苑停車場-需通行證進出,1,RT20250000014147,,1.0,24.815867,121.248894,1428,W2,2094,Taiwan,PZ,2,16.0,6
5A-平鎮倉,78252 宇宣營造-石門水庫,8.0,0.0,335,桃園市大溪區,桃園市大溪區環湖路一段68號-石門水庫南苑停車場-需通行證進出,1,RT20250000014147,,1.0,24.815867,121.248894,1428,W2,2095,Taiwan,PZ,2,16.0,6
5A-平鎮倉,78252 宇宣營造-石門水庫,8.0,0.0,335,桃園市大溪區,桃園市大溪區環湖路一段68號-石門水庫南苑停車場-需通行證進出,1,RT20250000014147,,1.0,24.815867,121.248894,1428,W2,2096,Taiwan,PZ,2,16.0,6
5A-平鎮倉,78252 宇宣營造-石門水庫,8.0,0.0,335,桃園市大溪區,桃園市大溪區環湖路一段68號-石門水庫南苑停車場-需通行證進出,1,RT20250000014147,,1.0,24.815867,121.248894,1428,W2,2097,Taiwan,PZ,2,16.0,6
5A-平鎮倉,78252 宇宣營造-石門水庫,8.0,0.0,335,桃園市大溪區,桃園市大溪區環湖路一段68號-石門水庫南苑停車場-需通行證進出,1,RT20250000014147,,1.0,24.815867,121.248894,1428,W2,2098,Taiwan,PZ,2,16.0,6
5A-平鎮倉,78252 宇宣營造-石門水庫,8.0,0.0,335,桃園市大溪區,桃園市大溪區環湖路一段68號-石門水庫壩頂漢江亭-需通行證進出,1,RT20250000014143,,1.0,24.810711,121.243991,1428,W2,2099,Taiwan,PZ,2,16.0,6
5A-平鎮倉,78252 宇宣營造-石門水庫,8.0,0.0,335,桃園市大溪區,桃園市大溪區環湖路一段68號-石門水庫壩頂漢江亭-需通行證進出,1,RT20250000014143,,1.0,24.810711,121.243991,1428,W2,2100,Taiwan,PZ,2,16.0,6
5A-平鎮倉,78252 宇宣營造-石門水庫,8.0,0.0,335,桃園市大溪區,桃園市大溪區環湖路一段68號-石門水庫壩頂漢江亭-需通行證進出,1,RT20250000014143,,1.0,24.810711,121.243991,1428,W2,2101,Taiwan,PZ,2,16.0,6
5A-平鎮倉,78252 宇宣營造-石門水庫,8.0,0.0,335,桃園市大溪區,桃園市大溪區環湖路一段68號-石門水庫壩頂漢江亭-需通行證進出,1,RT20250000014143,,1.0,24.810711,121.243991,1428,W2,2102,Taiwan,PZ,2,16.0,6
5A-平鎮倉,78252 宇宣營造-石門水庫,8.0,0.0,335,桃園市大溪區,桃園市大溪區環湖路一段68號-石門水庫壩頂漢江亭-需通行證進出,1,RT20250000014143,,1.0,24.810711,121.243991,1428,W2,2103,Taiwan,PZ,2,16.0,6
5A-平鎮倉,78252 宇宣營造-石門水庫,8.0,0.0,335,桃園市大溪區,桃園市大溪區環湖路一段68號-石門水庫壩頂漢江亭-需通行證進出,1,RT20250000014143,,1.0,24.810711,121.243991,1428,W2,2104,Taiwan,PZ,2,16.0,6
5A-平鎮倉,74913 崴正營造-茂盛,8.0,38.1,302,新竹縣竹北市,新竹縣竹北市生醫路二段150號(隔壁工地),1,RT202500008070,1.0,,24.803075,121.045875,1560,W1,2105,Hsinchu,PZ,1,8.0,0
5A-平鎮倉,74913 崴正營造-茂盛,8.0,38.1,302,新竹縣竹北市,新竹縣竹北市生醫路二段150號(隔壁工地),1,RT202500008070,1.0,,24.803075,121.045875,1560,W1,2106,Hsinchu,PZ,1,8.0,0
5A-平鎮倉,74913 崴正營造-茂盛,8.0,38.1,302,新竹縣竹北市,新竹縣竹北市生醫路二段150號(隔壁工地),1,RT202500008070,1.0,,24.803075,121.045875,1560,W1,2107,Hsinchu,PZ,1,8.0,0
5A-平鎮倉,44709 東元醫療社團法人艾微芙診所,8.0,38.69,302,新竹縣竹北市,新竹縣竹北市文興路二段360號,1,RT202500004123,1.0,,24.8045,121.041944,1560,W1,2108,Hsinchu,PZ,1,8.0,0
5A-平鎮倉,71084 華盛營建-隘口,8.0,39.34,302,新竹縣竹北市,新竹縣竹北市隘口二路382號對面工地,1,RT20250000012914,1.0,,24.803067,121.043886,1560,W1,2109,Hsinchu,PZ,1,8.0,0
5A-平鎮倉,71084 華盛營建-隘口,8.0,39.34,302,新竹縣竹北市,新竹縣竹北市隘口二路382號對面工地,1,RT20250000012914,1.0,,24.803067,121.043886,1560,W1,2110,Hsinchu,PZ,1,8.0,0
5A-平鎮倉,71084 華盛營建-隘口,8.0,39.34,302,新竹縣竹北市,新竹縣竹北市隘口二路382號對面工地,1,RT20250000012914,1.0,,24.803067,121.043886,1560,W1,2111,Hsinchu,PZ,1,8.0,0
5A-平鎮倉,72573 麗明-聯發科,8.0,40.2,302,新竹縣竹北市,新竹縣竹北市高鐵八路(十三甲伯公廟旁工地),1,RT202400004423,,1.0,24.808483,121.041866,1560,W2,2112,Hsinchu,PZ,2,16.0,0
5A-平鎮倉,72573 麗明-聯發科,8.0,40.2,302,新竹縣竹北市,新竹縣竹北市高鐵八路(十三甲伯公廟旁工地),1,RT202400004423,,1.0,24.808483,121.041866,1560,W2,2113,Hsinchu,PZ,2,16.0,0
5A-平鎮倉,72573 麗明-聯發科,8.0,40.2,302,新竹縣竹北市,新竹縣竹北市高鐵八路(十三甲伯公廟旁工地),1,RT202400004426,,1.0,24.808483,121.041866,1560,W2,2114,Hsinchu,PZ,2,16.0,0
5A-平鎮倉,72573 麗明-聯發科,8.0,40.2,302,新竹縣竹北市,新竹縣竹北市高鐵八路(十三甲伯公廟旁工地),1,RT202400004426,,1.0,24.808483,121.041866,1560,W2,2115,Hsinchu,PZ,2,16.0,0
5A-平鎮倉,68402 薰漢-新竹市東區,8.0,40.41,302,新竹縣竹北市,新竹縣竹北市高鐵七路&&光明六路東二段(高鐵前),1,RT202500001035,1.0,,24.809972,121.042002,1560,W1,2116,Hsinchu,PZ,1,8.0,0
5A-平鎮倉,68402 薰漢-新竹市東區,8.0,40.41,302,新竹縣竹北市,新竹縣竹北市高鐵七路&&光明六路東二段(高鐵前),1,RT202500001035,1.0,,24.809972,121.042002,1560,W1,2117,Hsinchu,PZ,1,8.0,0
5A-平鎮倉,68402 薰漢-新竹市東區,8.0,40.91,302,新竹縣竹北市,新竹縣竹北市高鐵七路&&光明六路東二段(高鐵前),1,RT20250000010258,1.0,,24.809783,121.04198,1560,W1,2118,Hsinchu,PZ,1,8.0,0
5A-平鎮倉,72573 麗明-聯發科,8.0,41.3,302,新竹縣竹北市,新竹縣竹北市高鐵八路(十三甲伯公廟旁工地),1,RT202500005543,,1.0,24.807572,121.042569,1560,W2,2119,Hsinchu,PZ,2,16.0,0
5A-平鎮倉,72573 麗明-聯發科,8.0,41.3,302,新竹縣竹北市,新竹縣竹北市高鐵八路(十三甲伯公廟旁工地),1,RT202500005543,,1.0,24.807572,121.042569,1560,W2,2120,Hsinchu,PZ,2,16.0,0
5A-平鎮倉,77838 富泰營造股份有限公司,8.0,42.56,302,新竹縣竹北市,新竹縣竹北市生醫五路15巷18號旁工地,1,RT20250000011601,1.0,,24.804953,121.047986,1560,W1,2121,Hsinchu,PZ,1,8.0,0
5A-平鎮倉,64173 金統營造-東海國小,8.0,43.4,302,新竹縣竹北市,新竹縣竹北市東興路１段839號-東海國小,1,RT202500003517,1.0,,24.805456,121.050275,1560,W1,2122,Hsinchu,PZ,1,8.0,0
5A-平鎮倉,64173 金統營造-東海國小,8.0,43.4,302,新竹縣竹北市,新竹縣竹北市東興路１段839號-東海國小,1,RT202500003517,1.0,,24.805456,121.050275,1560,W1,2123,Hsinchu,PZ,1,8.0,0
5A-平鎮倉,64173 金統營造-東海國小,8.0,43.4,302,新竹縣竹北市,新竹縣竹北市東興路１段839號-東海國小,1,RT202500003517,1.0,,24.805456,121.050275,1560,W1,2124,Hsinchu,PZ,1,8.0,0
5A-平鎮倉,64173 金統營造-東海國小,8.0,43.4,302,新竹縣竹北市,新竹縣竹北市東興路１段839號-東海國小-追加,1,RT202500007799,1.0,,24.805456,121.050275,1560,W1,2125,Hsinchu,PZ,1,8.0,0
5A-平鎮倉,57918 新來工程有限公司,8.0,44.9,302,新竹縣竹北市,新竹縣竹北市東海一街附近350公尺圍籬內警衛亭旁-電聯,1,RT202500005055,1.0,,24.814239,121.052375,1560,W1,2126,Hsinchu,PZ,1,8.0,4
5A-平鎮倉,78375 宏匯營造-新竹高鐵站,8.0,47.48,302,新竹縣竹北市,新竹縣竹北市復興二路與嘉豐11路交叉口,1,RT20250000014005,1.0,,24.809261,121.036566,1560,W1,2127,Hsinchu,PZ,1,8.0,0
5A-平鎮倉,78375 宏匯營造-新竹高鐵站,8.0,47.48,302,新竹縣竹北市,新竹縣竹北市復興二路與嘉豐11路交叉口,1,RT20250000014005,1.0,,24.809261,121.036566,1560,W1,2128,Hsinchu,PZ,1,8.0,0
5A-平鎮倉,78349 東楓營造-同#68601唯新建設,8.0,47.97,302,新竹縣竹北市,新竹縣竹北市嘉興路498號旁工地,1,RT20250000013906,1.0,,24.808067,121.034516,1560,W1,2129,Hsinchu,PZ,1,8.0,0
5A-平鎮倉,78258 勝展工程行-繩索公園,8.0,49.15,302,新竹縣竹北市,新竹縣竹北市嘉豐三街302號-繩索公園,1,RT20250000013837,,1.0,24.815269,121.030861,1560,W2,2130,Hsinchu,PZ,2,16.0,0
5A-平鎮倉,66439 聯森建設-聯森公園,8.0,50.16,302,新竹縣竹北市,新竹縣竹北市成功七街272號旁(聯森公園)-1F,1,RT20250000012849,1.0,,24.816211,121.023484,1560,W1,2131,Hsinchu,PZ,1,8.0,0
5A-平鎮倉,74597 弘億營造-竹北,8.0,50.35,302,新竹縣竹北市,新竹縣竹北市成功七街162號,1,RT20250000011381,1.0,,24.817042,121.021973,1560,W1,2132,Hsinchu,PZ,1,8.0,0
5A-平鎮倉,77876 瑞助營造-自強五路,8.0,50.87,302,新竹縣竹北市,新竹縣竹北市自強五路與成功12街交叉口,1,RT20250000011699,1.0,,24.81305,121.020606,1560,W1,2133,Hsinchu,PZ,1,8.0,0
5A-平鎮倉,77876 瑞助營造-自強五路,8.0,50.87,302,新竹縣竹北市,新竹縣竹北市自強五路與成功12街交叉口,1,RT20250000011699,1.0,,24.81305,121.020606,1560,W1,2134,Hsinchu,PZ,1,8.0,0
5A-平鎮倉,76985 方圓聯合-辦公室,8.0,51.77,302,新竹縣竹北市,新竹縣竹北市莊敬南路201號對面-新竹縣立總圖書館,1,RT20250000011189,1.0,,24.815403,121.016978,1560,W1,2135,Hsinchu,PZ,1,8.0,0
5A-平鎮倉,76985 方圓聯合-辦公室,8.0,51.77,302,新竹縣竹北市,新竹縣竹北市莊敬南路201號對面-新竹縣立總圖書館,1,RT20250000011189,1.0,,24.815403,121.016978,1560,W1,2136,Hsinchu,PZ,1,8.0,0
5A-平鎮倉,75918 新竹縣竹北市公所,8.0,52.54,302,新竹縣竹北市,新竹縣竹北市成功八路1號,1,RT20250000010120,1.0,,24.819464,121.015767,1560,W1,2137,Hsinchu,PZ,1,8.0,0
5A-平鎮倉,75918 新竹縣竹北市公所,8.0,52.54,302,新竹縣竹北市,新竹縣竹北市成功八路1號,1,RT20250000010120,1.0,,24.819464,121.015767,1560,W1,2138,Hsinchu,PZ,1,8.0,0
5A-平鎮倉,65339 未來里,8.0,53.13,302,新竹縣竹北市,新竹縣竹北市成功六街83號旁工地,1,RT20250000011566,1.0,,24.818342,121.020445,1560,W1,2139,Hsinchu,PZ,1,8.0,0
5A-平鎮倉,77374 巨漢系統-緯創-A5-聯發廠,8.0,54.81,302,新竹縣竹北市,新竹縣竹北市十興路291號-緯創-A5-聯發廠,1,RT202500009639,1.0,,24.830703,121.025456,1560,W1,2140,Hsinchu,PZ,1,8.0,11
5A-平鎮倉,77374 巨漢系統-緯創-A5-聯發廠,8.0,54.81,302,新竹縣竹北市,新竹縣竹北市十興路291號-緯創-A5-聯發廠,1,RT202500009639,1.0,,24.830703,121.025456,1560,W1,2141,Hsinchu,PZ,1,8.0,11
5A-平鎮倉,77284 均豐工程-緯創A5廠,8.0,55.16,302,新竹縣竹北市,新竹縣竹北市十興路291號,1,RT20250000013946,1.0,,24.830223,121.023459,1560,W1,2142,Hsinchu,PZ,1,8.0,11
5A-平鎮倉,77284 均豐工程-緯創A5廠,8.0,55.16,302,新竹縣竹北市,新竹縣竹北市十興路291號,1,RT20250000013946,1.0,,24.830223,121.023459,1560,W1,2143,Hsinchu,PZ,1,8.0,11
5A-平鎮倉,78042 富泰營造-竹北莊敬段,8.0,56.42,302,新竹縣竹北市,新竹縣竹北市嘉興一街與十興一街交叉口,1,RT20250000012631,1.0,,24.824045,121.032953,1560,W1,2144,Hsinchu,PZ,1,8.0,11
5A-平鎮倉,68202 隆燁營造-竹北,8.0,56.73,302,新竹縣竹北市,新竹縣竹北市勝利七街2段94號,1,RT20240000014979,1.0,,24.821973,121.033566,1560,W1,2145,Hsinchu,PZ,1,8.0,11
5A-平鎮倉,71071 世乾開發-竹北,8.0,57.22,302,新竹縣竹北市,新竹縣竹北市嘉興五街&十興五街交叉口,1,RT202500008743,1.0,,24.823867,121.036844,1560,W1,2146,Hsinchu,PZ,1,8.0,11
5A-平鎮倉,77109 春竹-勝利十三,8.0,58.47,302,新竹縣竹北市,新竹縣竹北市勝利十三街21號,1,RT20250000011879,1.0,,24.82842,121.028364,1560,W1,2147,Hsinchu,PZ,1,8.0,11
5A-平鎮倉,77109 春竹-勝利十三,8.0,58.47,302,新竹縣竹北市,新竹縣竹北市勝利十三街21號,1,RT20250000011879,1.0,,24.82842,121.028364,1560,W1,2148,Hsinchu,PZ,1,8.0,11
5A-平鎮倉,72885 彰京-台元段,8.0,60.45,302,新竹縣竹北市,新竹縣竹北市環北路一段269巷10號旁,1,RT20250000013705,,1.0,24.841677,121.019675,1560,W2,2149,Hsinchu,PZ,2,16.0,11
5A-平鎮倉,72885 彰京-台元段,8.0,60.45,302,新竹縣竹北市,新竹縣竹北市環北路一段269巷10號旁,1,RT20250000013705,,1.0,24.841677,121.019675,1560,W2,2150,Hsinchu,PZ,2,16.0,11
5A-平鎮倉,78260 勝展工程行-竹仁公園,8.0,61.52,302,新竹縣竹北市,新竹縣竹北市文化街-竹仁公園-附地標,1,RT20250000013830,,1.0,24.835983,121.016064,1560,W2,2151,Hsinchu,PZ,2,16.0,11
5A-平鎮倉,78260 勝展工程行-竹仁公園,8.0,61.52,302,新竹縣竹北市,新竹縣竹北市文化街-竹仁公園-附地標,1,RT20250000013830,,1.0,24.835983,121.016064,1560,W2,2152,Hsinchu,PZ,2,16.0,11
5A-平鎮倉,76806 原美建設-CHICCHIC美,8.0,63.19,302,新竹縣竹北市,新竹縣竹北市縣政16街169號旁,1,RT202500006990,1.0,,24.831884,121.004583,1560,W1,2153,Hsinchu,PZ,1,8.0,11
5A-平鎮倉,78259 勝展工程行-新崙公園,8.0,63.92,302,新竹縣竹北市,新竹縣竹北市光明六路上-新崙公園-附地標,1,RT20250000013826,,1.0,24.833391,120.999969,1560,W2,2154,Hsinchu,PZ,2,16.0,11
5A-平鎮倉,78259 勝展工程行-新崙公園,8.0,63.92,302,新竹縣竹北市,新竹縣竹北市光明六路上-新崙公園-附地標,1,RT20250000013826,,1.0,24.833391,120.999969,1560,W2,2155,Hsinchu,PZ,2,16.0,11
5A-平鎮倉,76156 良記-泰豐自辦市地,8.0,17.25,320,桃園市中壢區,桃園市中壢區忠信路5號,1,RT202500003827,1.0,,24.961453,121.236405,1438,W1,2156,Taiwan,PZ,1,8.0,2
5A-平鎮倉,76156 良記-泰豐自辦市地,8.0,17.25,320,桃園市中壢區,桃園市中壢區忠信路5號,1,RT202500003827,1.0,,24.961453,121.236405,1438,W1,2157,Taiwan,PZ,1,8.0,2
5A-平鎮倉,75332 榮工工程-CJ16標,8.0,17.98,320,桃園市中壢區,桃園市中壢區忠仁路33號-中原文創園區,1,RT202500002117,1.0,,24.961181,121.241233,1438,W1,2158,Taiwan,PZ,1,8.0,2
5A-平鎮倉,70727 森業營造股份有限公司,8.0,20.18,320,桃園市中壢區,桃園市中壢區中山東路一段232號232之2號,1,RT202500002384,,1.0,24.956664,121.234519,1438,W2,2159,Taiwan,PZ,2,16.0,2
5A-平鎮倉,62690 大陸工程-C006 標,8.0,21.39,320,桃園市中壢區,桃園市中壢區健行路&中北路交叉口南側-被扣錢,1,RT20240000014515,,1.0,24.952144,121.226423,1438,W2,2160,Taiwan,PZ,2,16.0,2
5A-平鎮倉,69535 大陸工程-CM01標,8.0,21.6,320,桃園市中壢區,桃園市中壢區健行路底(後車站前)CM01標-1131231,1,RT20240000014505,,1.0,24.952842,121.225789,1438,W2,2161,Taiwan,PZ,2,16.0,2
5A-平鎮倉,37999 大陸工程-CM01標,8.0,21.64,320,桃園市中壢區,桃園市中壢區新興路123號-後火車站鐵路警察辦公室,1,RT20240000014495,,1.0,24.952694,121.225389,1438,W2,2162,Taiwan,PZ,2,16.0,2
5A-平鎮倉,77303 玉逢-泰豐公園,8.0,24.55,320,桃園市中壢區,桃園市中壢區中華路二段369-1號,1,RT202500009228,1.0,,24.961583,121.235239,1438,W1,2163,Taiwan,PZ,1,8.0,2
5A-平鎮倉,72093 麗明-台達一廠,8.0,25.6,320,桃園市中壢區,桃園市中壢區東園路3號-台達電一廠,1,RT202400006012,1.0,,24.966294,121.23893,1438,W1,2164,Taiwan,PZ,1,8.0,2
5A-平鎮倉,72093 麗明-台達一廠,8.0,25.6,320,桃園市中壢區,桃園市中壢區東園路3號-台達電一廠,1,RT202400006012,1.0,,24.966294,121.23893,1438,W1,2165,Taiwan,PZ,1,8.0,2
5A-平鎮倉,77951 旭誼工程股份有限公司,8.0,26.9,320,桃園市中壢區,桃園市中壢區南園二路1號,1,RT20250000013422,1.0,,24.971614,121.239016,1438,W1,2166,Taiwan,PZ,1,8.0,2
5A-平鎮倉,76230 富泰-中壢,8.0,26.91,320,桃園市中壢區,桃園市中壢區南園二路1號,1,RT202500004110,1.0,,24.971542,121.239058,1438,W1,2167,Taiwan,PZ,1,8.0,2
5A-平鎮倉,76230 富泰-中壢,8.0,26.91,320,桃園市中壢區,桃園市中壢區南園二路1號,1,RT202500004110,1.0,,24.971542,121.239058,1438,W1,2168,Taiwan,PZ,1,8.0,2
5A-平鎮倉,76230 富泰-中壢,8.0,26.92,320,桃園市中壢區,桃園市中壢區南園二路1號,1,RT20250000012871,1.0,,24.971717,121.239166,1438,W1,2169,Taiwan,PZ,1,8.0,2
5A-平鎮倉,78062 中國精密壓鑄股份有限公司,8.0,27.1,320,桃園市中壢區,桃園市中壢區自強四路8號,1,RT20250000012724,1.0,,24.972717,121.240005,1438,W1,2170,Taiwan,PZ,1,8.0,2
5A-平鎮倉,72093 麗明-台達一廠,8.0,27.7,320,桃園市中壢區,桃園市中壢區東園路3號-台達電一廠,1,RT2025000709,1.0,,24.967417,121.239805,1438,W1,2171,Taiwan,PZ,1,8.0,2
5A-平鎮倉,72093 麗明-台達一廠,8.0,27.7,320,桃園市中壢區,桃園市中壢區東園路3號-台達電一廠,1,RT2025000709,1.0,,24.967417,121.239805,1438,W1,2172,Taiwan,PZ,1,8.0,2
5A-平鎮倉,75332 榮工工程-CJ16標,8.0,28.69,320,桃園市中壢區,桃園市中壢區忠仁路33號-中原文創園區,1,RT2025000174,1.0,,24.961914,121.242569,1438,W1,2173,Taiwan,PZ,1,8.0,2
5A-平鎮倉,77434 晃茂-普忠路,8.0,30.13,320,桃園市中壢區,桃園市中壢區普忠路&中華路二段交叉口,1,RT202500009885,1.0,,24.965392,121.242211,1438,W1,2174,Taiwan,PZ,1,8.0,2
5A-平鎮倉,77434 晃茂-普忠路,8.0,30.13,320,桃園市中壢區,桃園市中壢區普忠路&中華路二段交叉口,1,RT202500009885,1.0,,24.965392,121.242211,1438,W1,2175,Taiwan,PZ,1,8.0,2
5A-平鎮倉,66144 開源營造-機場捷運A21區段工程,8.0,37.31,320,桃園市中壢區,桃園市中壢區新生路552號巷口附近-電聯定位,1,RT202500005082,1.0,,24.970556,121.216945,1438,W1,2176,Taiwan,PZ,1,8.0,2
5A-平鎮倉,78200 廣安營造-中壢,8.0,43.88,320,桃園市中壢區,桃園市中壢區福星五街58號,1,RT20250000013200,1.0,,24.965772,121.231184,1438,W1,2177,Taiwan,PZ,1,8.0,2
5A-平鎮倉,67131 開源營造-機場捷運A21區段工程,8.0,44.5,320,桃園市中壢區,桃園市中壢區新生路548巷工地大門-帶到中福路5號洗車台,1,RT202500005085,1.0,,24.969303,121.229561,1438,W1,2178,Taiwan,PZ,1,8.0,2
5A-平鎮倉,73569 呈豐營造-環北國中,8.0,44.84,320,桃園市中壢區,桃園市中壢區中福路349巷67弄15號附近(工務所),1,RT20240000013697,1.0,,24.968478,121.226956,1438,W1,2179,Taiwan,PZ,1,8.0,2
5A-平鎮倉,73569 呈豐營造-環北國中,8.0,44.84,320,桃園市中壢區,桃園市中壢區中福路349巷67弄15號附近,1,RT20240000010314,1.0,,24.968914,121.227375,1438,W1,2180,Taiwan,PZ,1,8.0,2
5A-平鎮倉,73569 呈豐營造-環北國中,8.0,44.84,320,桃園市中壢區,桃園市中壢區中福路349巷67弄15號附近,1,RT20240000010314,1.0,,24.968914,121.227375,1438,W1,2181,Taiwan,PZ,1,8.0,2
5A-平鎮倉,73569 呈豐營造-環北國中,13.0,44.84,320,桃園市中壢區,桃園市中壢區中福路349巷67弄15號附近,4,RT202500004752,1.0,,24.968478,121.226956,1438,W1,2182,Taiwan,PZ,1,13.0,2
5A-平鎮倉,67130 開源營造-機場捷運A21區段工程,8.0,45.42,320,桃園市中壢區,桃園市中壢區新生路548巷工地大門-帶到中福路舊停車場,1,RT202500005084,1.0,,24.971409,121.231461,1438,W1,2183,Taiwan,PZ,1,8.0,2
5A-平鎮倉,76427 羅傑土木-培英路,8.0,46.38,320,桃園市中壢區,桃園市中壢區培英路102、104號,1,RT202500005205,1.0,,24.973406,121.224728,1438,W1,2184,Taiwan,PZ,1,8.0,2
5A-平鎮倉,71025 恩興營造-中壢,8.0,46.4,320,桃園市中壢區,桃園市中壢區培英路100號旁,1,RT20250000010936,1.0,,24.973581,121.224786,1438,W1,2185,Taiwan,PZ,1,8.0,2
5A-平鎮倉,63412 復興-頤親園,8.0,47.22,320,桃園市中壢區,桃園市中壢區培英路437號,1,RT20250000011963,1.0,,24.978436,121.228339,1438,W1,2186,Taiwan,PZ,1,8.0,2
5A-平鎮倉,63412 復興-頤親園,8.0,47.22,320,桃園市中壢區,桃園市中壢區培英路437號,1,RT20250000011963,1.0,,24.978436,121.228339,1438,W1,2187,Taiwan,PZ,1,8.0,2
5A-平鎮倉,63412 復興-頤親園,8.0,47.22,320,桃園市中壢區,桃園市中壢區培英路437號,1,RT20250000011963,1.0,,24.978436,121.228339,1438,W1,2188,Taiwan,PZ,1,8.0,2
5A-平鎮倉,66145 開源營造-機場捷運A21區段工程,8.0,49.56,320,桃園市中壢區,桃園市中壢區環北路71號-電聯定位,1,RT202500005083,1.0,,24.966269,121.217156,1438,W1,2189,Taiwan,PZ,1,8.0,2
5A-平鎮倉,67754 佳全有限公司,8.0,51.34,320,桃園市中壢區,桃園市中壢區民權路２段125號,1,RT20250000013732,1.0,,24.967848,121.215311,1438,W1,2190,Taiwan,PZ,1,8.0,2
5A-平鎮倉,67754 佳全有限公司,8.0,51.34,320,桃園市中壢區,桃園市中壢區民權路２段125號,1,RT20250000013732,1.0,,24.967848,121.215311,1438,W1,2191,Taiwan,PZ,1,8.0,2
5A-平鎮倉,74965 威騰營造-新生路,8.0,53.1,320,桃園市中壢區,桃園市中壢區新生路53號,1,RT20240000013742,1.0,,24.958739,121.221986,1438,W1,2192,Taiwan,PZ,1,8.0,2
5A-平鎮倉,74515 華陽營造-中壢,8.0,53.4,320,桃園市中壢區,桃園市中壢區中美路二段84號,1,RT20250000011861,1.0,,24.959869,121.222056,1438,W1,2193,Taiwan,PZ,1,8.0,2
5A-平鎮倉,75624 新豪營造-中壢,8.0,54.38,320,桃園市中壢區,桃園市中壢區八德路20號,1,RT20250000013915,1.0,,24.959653,121.22995,1438,W1,2194,Taiwan,PZ,1,8.0,2
5A-平鎮倉,74476 萬鴻營造-中壢,8.0,54.94,320,桃園市中壢區,桃園市中壢區中華路二段560號旁,1,RT20250000013340,1.0,,24.962608,121.23097,1438,W1,2195,Taiwan,PZ,1,8.0,2
5A-平鎮倉,77439 天瀚營造-環中東路,8.0,56.88,320,桃園市中壢區,桃園市中壢區環中東路&實踐路交叉口,1,RT202500009893,1.0,,24.953614,121.243002,1438,W1,2196,Taiwan,PZ,1,8.0,2
5A-平鎮倉,77439 天瀚營造-環中東路,8.0,56.88,320,桃園市中壢區,桃園市中壢區環中東路&實踐路交叉口,1,RT202500009893,1.0,,24.953614,121.243002,1438,W1,2197,Taiwan,PZ,1,8.0,2
5A-平鎮倉,65460 順鼎-中壢慈濟,8.0,57.23,320,桃園市中壢區,桃園市中壢區環中東路701號旁工地-電聯定位,1,RT202500008709,1.0,,24.953822,121.245547,1438,W1,2198,Taiwan,PZ,1,8.0,2
5A-平鎮倉,75332 榮工工程-CJ16標,8.0,59.02,320,桃園市中壢區,桃園市中壢區忠仁路33號-中原文創園區,1,RT202500003211,1.0,,24.961181,121.241544,1438,W1,2199,Taiwan,PZ,1,8.0,2
5A-平鎮倉,72721 泰貿豐營造-永福路,8.0,61.21,320,桃園市中壢區,桃園市中壢區永福路1043號隔壁,1,RT20250000012822,1.0,,24.964981,121.252317,1438,W1,2200,Taiwan,PZ,1,8.0,2
5A-平鎮倉,70496 小茉莉華德福幼兒共學園,8.0,62.03,320,桃園市中壢區,桃園市中壢區環中東路399巷附近農地,1,RT202500008166,1.0,,24.959256,121.254417,1438,W1,2201,Taiwan,PZ,1,8.0,2
5A-平鎮倉,69225 森業-內壢守衛室,8.0,63.62,320,桃園市中壢區,桃園市中壢區普忠路230號-原遠東路(內壢火車站附近)守衛室,1,RT202500002381,,1.0,24.964006,121.245611,1438,W2,2202,Taiwan,PZ,2,16.0,2
5A-平鎮倉,72186 森業-內壢守衛室,8.0,64.51,320,桃園市中壢區,桃園市中壢區中華路1段743巷40號(靠六和汽車),1,RT202500002385,,1.0,24.967203,121.249411,1438,W2,2203,Taiwan,PZ,2,16.0,2
5A-平鎮倉,70234 森業-中北路,8.0,65.0,320,桃園市中壢區,桃園市中壢區永福路1200號附近工地,1,RT202500002383,,1.0,24.968248,121.250925,1438,W2,2204,Taiwan,PZ,2,16.0,2
5A-平鎮倉,69226 森業-內壢守衛室,8.0,66.12,320,桃園市中壢區,桃園市中壢區興仁路二段(內壢火車站附近)守衛室,1,RT202500002382,,1.0,24.973039,121.259536,1438,W2,2205,Taiwan,PZ,2,16.0,4
5A-平鎮倉,76769 連江有限公司,8.0,68.29,320,桃園市中壢區,桃園市中壢區榮民南路70號對面,1,RT202500006870,1.0,,24.955683,121.258411,1438,W1,2206,Taiwan,PZ,1,8.0,2
5A-平鎮倉,76437 鴻秉建設-榮南段,8.0,68.75,320,桃園市中壢區,桃園市中壢區功學路109號對面,1,RT20250000011992,1.0,,24.953933,121.2563,1438,W1,2207,Taiwan,PZ,1,8.0,2
5A-平鎮倉,77490 廣安營造-華祥三街,8.0,70.04,320,桃園市中壢區,桃園市中壢區華祥三街50巷1弄55號,1,RT20250000010090,1.0,,24.950333,121.263731,1438,W1,2208,Taiwan,PZ,1,8.0,10
5A-平鎮倉,76444 建睿工程-華祥三街,8.0,70.34,320,桃園市中壢區,桃園市中壢區華祥三街19號旁工地,1,RT20250000012076,1.0,,24.949266,121.26155,1438,W1,2209,Taiwan,PZ,1,8.0,4
5A-平鎮倉,76893 金世營造-埤塘公園,8.0,71.56,320,桃園市中壢區,桃園市中壢區榮民南路800號-士校生態埤塘公園-自行定位-附圖,1,RT20250000010395,,1.0,24.940797,121.259133,1438,W2,2210,Taiwan,PZ,2,16.0,6
5A-平鎮倉,76893 金世營造-埤塘公園,8.0,71.56,320,桃園市中壢區,桃園市中壢區榮民南路800號-士校生態埤塘公園-自行定位-附圖,1,RT20250000010395,,1.0,24.940797,121.259133,1438,W2,2211,Taiwan,PZ,2,16.0,6
5A-平鎮倉,76720 德昌-航空城D2-三民路,8.0,30.65,337,桃園市大園區,桃園市大園區三民路二段153巷27號,1,RT202500006634,1.0,,25.085361,121.255594,1440,W1,2212,Taiwan,PZ,1,8.0,12
5A-平鎮倉,76720 德昌-航空城D2-三民路,8.0,30.65,337,桃園市大園區,桃園市大園區三民路二段153巷27號,1,RT202500006634,1.0,,25.085361,121.255594,1440,W1,2213,Taiwan,PZ,1,8.0,12
5A-平鎮倉,77128 韓商新盛-銜接#75481,8.0,32.84,337,桃園市大園區,桃園市大園區三民路二段668號-銜接#75481,1,RT202500008538,1.0,,25.071911,121.263608,1440,W1,2214,Taiwan,PZ,1,8.0,12
5A-平鎮倉,61591 大陸工程,8.0,34.52,337,桃園市大園區,桃園市大園區坑?路218巷口(橋頭邊)-捷運工地-(37號),1,RT20240000014500,,1.0,25.083644,121.262542,1440,W2,2215,Taiwan,WG,2,16.0,12
5A-平鎮倉,78156 永融營造-坑?段9-12地號-K棟,8.0,34.9,337,桃園市大園區,桃園市大園區大園重劃區-坑?段9-12地號-附工務所地標電聯定位,1,RT20250000013028,1.0,,25.086314,121.262294,1440,W1,2216,Taiwan,WG,1,8.0,12
5A-平鎮倉,63678 大陸工程,8.0,35.27,337,桃園市大園區,桃園市大園區坑果路460號捷運工地(38號),1,RT20240000014525,,1.0,25.085133,121.26555,1440,W2,2217,Taiwan,WG,2,16.0,12
5A-平鎮倉,58318 大陸工程,8.0,35.3,337,桃園市大園區,桃園市大園區?林18-19-捷運工地(36號),1,RT20240000014516,,1.0,25.08505,121.266553,1440,W2,2218,Taiwan,WG,2,16.0,12
5A-平鎮倉,78016 弘億營造-蔡尚軒住宅新建,8.0,39.1,338,桃園市蘆竹區,桃園市蘆竹區山?路402巷77號-大園航空程,1,RT20250000012525,1.0,,25.082809,121.26625,1415,W1,2219,Taiwan,WG,1,8.0,12
5A-平鎮倉,77417 聖佳營造-近坑口捷運站,8.0,39.15,338,桃園市蘆竹區,桃園市蘆竹區圳岸街-近坑口捷運站-附地標,1,RT202500009817,1.0,,25.082984,121.265836,1415,W1,2220,Taiwan,WG,1,8.0,12
5A-平鎮倉,75600 毅富營造- 蘆竹,8.0,43.7,338,桃園市蘆竹區,桃園市蘆竹區長興路一段10號對面,1,RT202500001502,,1.0,25.059461,121.293961,1415,W2,2221,Taiwan,WG,2,16.0,13
5A-平鎮倉,75600 毅富營造- 蘆竹,8.0,43.7,338,桃園市蘆竹區,桃園市蘆竹區長興路一段10號對面,1,RT202500001502,,1.0,25.059461,121.293961,1415,W2,2222,Taiwan,WG,2,16.0,13
5A-平鎮倉,77045 達龍營造有限公司,8.0,44.47,338,桃園市蘆竹區,桃園市蘆竹區南山路１段391號,1,RT202500007924,1.0,,25.060331,121.288433,1415,W1,2223,Taiwan,WG,1,8.0,13
5A-平鎮倉,76618 長友營造-勝忠國際,8.0,45.05,338,桃園市蘆竹區,桃園市蘆竹區榮安路8號旁,1,RT20250000011826,,1.0,25.060144,121.284216,1415,W2,2224,Taiwan,WG,2,16.0,4
5A-平鎮倉,76618 長友營造-勝忠國際,8.0,45.05,338,桃園市蘆竹區,桃園市蘆竹區榮安路8號旁,1,RT20250000011826,,1.0,25.060144,121.284216,1415,W2,2225,Taiwan,WG,2,16.0,4
5A-平鎮倉,76618 長友營造-勝忠國際,8.0,45.05,338,桃園市蘆竹區,桃園市蘆竹區榮安路8號旁,1,RT20250000011826,,1.0,25.060144,121.284216,1415,W2,2226,Taiwan,WG,2,16.0,4
5A-平鎮倉,62252 大陸工程,8.0,48.17,338,桃園市蘆竹區,桃園市蘆竹區中正北路321號(捷運工地)-電聯+座標定位,1,RT20240000014501,,1.0,25.038727,121.282742,1415,W2,2227,Taiwan,PZ,2,16.0,12
5A-平鎮倉,57802 大陸工程,8.0,48.17,338,桃園市蘆竹區,桃園市蘆竹區中正北路與南竹路二段交叉口捷運工程工地-電聯定位,1,RT20240000014498,,1.0,25.038727,121.282742,1415,W2,2228,Taiwan,PZ,2,16.0,12
5A-平鎮倉,59934 大陸工程-蘆興街,8.0,49.01,337,桃園市大園區,桃園市大園區三民路２段957號(三民料場帳棚旁)(24號.32號)),1,RT20240000014521,,1.0,25.0381,121.281614,1440,W2,2229,Taiwan,PZ,2,16.0,12
5A-平鎮倉,59934 大陸工程-蘆興街,8.0,49.01,337,桃園市大園區,桃園市大園區三民路２段957號(三民料場帳棚旁)(24號.32號)),1,RT20240000014521,,1.0,25.0381,121.281614,1440,W2,2230,Taiwan,PZ,2,16.0,12
5A-平鎮倉,74649 森業-GM01標,8.0,49.82,337,桃園市大園區,桃園市大園區三民路二段&坑?路交叉口,1,RT20250000013400,1.0,,25.034455,121.287247,1440,W1,2231,Taiwan,PZ,1,8.0,4
5A-平鎮倉,77396 長友營造-長榮航空園區,8.0,53.95,338,桃園市蘆竹區,桃園市蘆竹區新南路１段376號-長榮航空園區-電聯定位,1,RT202500009716,,1.0,25.040569,121.29708,1415,W2,2232,Taiwan,WG,2,16.0,4
5A-平鎮倉,60885 大陸工程-G02,8.0,58.24,338,桃園市蘆竹區,桃園市蘆竹區南竹路２段216-6號捷運工地-電聯定位,1,RT20240000014511,,1.0,25.063325,121.2653,1415,W2,2233,Taiwan,PZ,2,16.0,12
5A-平鎮倉,60885 大陸工程-G02,8.0,58.24,338,桃園市蘆竹區,桃園市蘆竹區南竹路２段216-6號捷運工地-電聯定位,1,RT20240000014511,,1.0,25.063325,121.2653,1415,W2,2234,Taiwan,PZ,2,16.0,12
5A-平鎮倉,61870 大陸工程,8.0,58.96,338,桃園市蘆竹區,桃園市大園區(蘆竹區)三民路２段957號(三民料場帳棚旁)附圖自行定位,1,RT202100005270,,1.0,25.06835,121.261603,1415,W2,2235,Taiwan,PZ,2,16.0,12
5A-平鎮倉,61870 大陸工程,8.0,58.96,338,桃園市蘆竹區,桃園市大園區(蘆竹區)三民路２段957號(三民料場帳棚旁)附圖自行定位,1,RT202100005270,,1.0,25.06835,121.261603,1415,W2,2236,Taiwan,PZ,2,16.0,12
5A-平鎮倉,77226 兆登機電-碩正科技,8.0,61.56,338,桃園市蘆竹區,桃園市蘆竹區南工路72號旁,1,RT202500008922,1.0,,25.054172,121.272709,1415,W1,2237,Taiwan,PZ,1,8.0,12
5A-平鎮倉,66563 中鼎工程-南工路,8.0,61.61,338,桃園市蘆竹區,桃園市蘆竹區南工路二段500號,1,RT20250000013714,1.0,,25.054261,121.273195,1415,W1,2238,Taiwan,PZ,1,8.0,12
5A-平鎮倉,59935 大陸工程-G13車站,8.0,62.33,338,桃園市蘆竹區,桃園市蘆竹區中正北路與南竹路二段交叉口捷運G13工地-電聯定位,1,RT20240000014503,,1.0,25.04965,121.275759,1415,W2,2239,Taiwan,PZ,2,16.0,12
5A-平鎮倉,59789 大陸工程-機捷坑口站對面警衛亭旁,8.0,62.33,338,桃園市蘆竹區,桃園市蘆竹區中正北路(座標定位)-電聯定位,1,RT20240000014517,,1.0,25.04965,121.275759,1415,W2,2240,Taiwan,PZ,2,16.0,12
5A-平鎮倉,76070 永溢營造-大圳2-16號池,8.0,65.64,338,桃園市蘆竹區,桃園市蘆竹區南竹路四段與富宏街口,1,RT20250000012835,1.0,,25.030317,121.267106,1415,W1,2241,Taiwan,PZ,1,8.0,12
5A-平鎮倉,72341 鈜基-勝淮大新段,8.0,67.9,338,桃園市蘆竹區,桃園市蘆竹區大興路213號旁,1,RT20250000013062,1.0,,25.019511,121.255414,1415,W1,2242,Taiwan,PZ,1,8.0,12
5A-平鎮倉,75566 陳昭興等4人-桃林營造,8.0,68.42,338,桃園市蘆竹區,桃園市蘆竹區大興八街46巷5號,1,RT202500001345,1.0,,25.016917,121.258958,1415,W1,2243,Taiwan,PZ,1,8.0,12
5A-平鎮倉,75196 南昌營造-溫翊?,8.0,68.85,338,桃園市蘆竹區,桃園市蘆竹區大竹一街155號對面,1,RT20250000012211,1.0,,25.018303,121.261775,1415,W1,2244,Taiwan,PZ,1,8.0,12
5A-平鎮倉,78291 煜承營造-蘆竹區,8.0,69.12,338,桃園市蘆竹區,桃園市蘆竹區上興路單85號旁工地-新技化學蘆竹廠,1,RT20250000013586,1.0,,25.018461,121.263706,1415,W1,2245,Taiwan,PZ,1,8.0,12
5A-平鎮倉,62282 永融營造-黃鼎睿大新段,8.0,69.25,338,桃園市蘆竹區,桃園市蘆竹區上興路111號,1,RT20250000011994,1.0,,25.018548,121.262889,1415,W1,2246,Taiwan,PZ,1,8.0,12
5A-平鎮倉,77191 正麗科技-大竹路,8.0,70.1,338,桃園市蘆竹區,桃園市蘆竹區大竹路288巷28號,1,RT20250000013183,1.0,,25.018481,121.269531,1415,W1,2247,Taiwan,PZ,1,8.0,12
5A-平鎮倉,74667 凱玥建設-大竹段,8.0,70.68,338,桃園市蘆竹區,桃園市蘆竹區上竹路&上竹三街交叉口,1,RT20250000011820,1.0,,25.021214,121.265689,1415,W1,2248,Taiwan,PZ,1,8.0,12
5A-平鎮倉,75759 麒田營造-巨奕,8.0,72.91,338,桃園市蘆竹區,桃園市蘆竹區光華街205號,1,RT202500002096,1.0,,25.032534,121.252875,1415,W1,2249,Taiwan,PZ,1,8.0,12
5A-平鎮倉,74725 富凱電機-蘆竹,8.0,72.98,338,桃園市蘆竹區,桃園市蘆竹區大竹北路90-66號,1,RT20250000011988,1.0,,25.032092,121.251433,1415,W1,2250,Taiwan,PZ,1,8.0,12
5A-平鎮倉,74725 富凱電機-蘆竹,8.0,72.98,338,桃園市蘆竹區,桃園市蘆竹區大竹北路90-66號,1,RT20250000011988,1.0,,25.032092,121.251433,1415,W1,2251,Taiwan,PZ,1,8.0,12
5A-平鎮倉,76005 領航交通-蘆竹,8.0,74.39,338,桃園市蘆竹區,桃園市蘆竹區新生路370號 對面,1,RT202500003108,1.0,,25.030781,121.242352,1415,W1,2252,Taiwan,PZ,1,8.0,5
5A-平鎮倉,77599 威勝營造-新莊公園,8.0,75.24,338,桃園市蘆竹區,桃園市蘆竹區高鐵桃園站聯絡道-桃園蘆竹新莊公園,1,RT20250000010615,1.0,,25.033472,121.236164,1415,W1,2253,Taiwan,PZ,1,8.0,5
5A-平鎮倉,77599 威勝營造-新莊公園,8.0,75.24,338,桃園市蘆竹區,桃園市蘆竹區高鐵桃園站聯絡道-桃園蘆竹新莊公園,1,RT20250000010615,1.0,,25.033472,121.236164,1415,W1,2254,Taiwan,PZ,1,8.0,5
5A-平鎮倉,75284 國灝建設-大園,8.0,77.72,337,桃園市大園區,桃園市大園區合圳北路三段&大新路交叉口,1,RT202500007191,1.0,,25.021614,121.24003,1440,W1,2255,Taiwan,PZ,1,8.0,5
5A-平鎮倉,75284 國灝建設-大園,8.0,77.72,337,桃園市大園區,桃園市大園區合圳北路三段&大新路交叉口,1,RT202500007191,1.0,,25.021614,121.24003,1440,W1,2256,Taiwan,PZ,1,8.0,5
5A-平鎮倉,75284 國灝建設-大園,8.0,77.78,337,桃園市大園區,桃園市大園區合圳北路三段&大新路交叉口,1,RT20240000015150,1.0,,25.021356,121.24033,1440,W1,2257,Taiwan,PZ,1,8.0,5
5A-平鎮倉,77162 弘棋-合圳北路,8.0,78.52,337,桃園市大園區,桃園市大園區合圳北路三段296號旁,1,RT202500008687,1.0,,25.015869,121.244136,1440,W1,2258,Taiwan,PZ,1,8.0,13
5A-平鎮倉,77120 亨瑞營造-龍安街二段,8.0,80.57,338,桃園市蘆竹區,桃園市蘆竹區龍安街二段1114號,1,RT202500008521,1.0,,25.008525,121.257528,1415,W1,2259,Taiwan,PZ,1,8.0,13
5A-平鎮倉,68690 法渥貿易有限公司,8.0,81.78,338,桃園市蘆竹區,桃園市蘆竹區龍林街845巷32號(靠近中壢休息站旁貨櫃),1,RT20250000012603,1.0,,25.000767,121.255125,1415,W1,2260,Taiwan,PZ,1,8.0,13
5A-平鎮倉,72290 廣川建設-蘆竹,8.0,84.06,338,桃園市蘆竹區,桃園市蘆竹區龍安街二段476號對面,1,RT202400005046,1.0,,24.997222,121.262417,1415,W1,2261,Taiwan,PZ,1,8.0,13
5A-平鎮倉,72290 廣川建設-蘆竹,8.0,84.06,338,桃園市蘆竹區,桃園市蘆竹區龍安街二段476號對面,1,RT20240000010149,1.0,,24.997222,121.262417,1415,W1,2262,Taiwan,PZ,1,8.0,13
5A-平鎮倉,72290 廣川建設-蘆竹,8.0,84.06,338,桃園市蘆竹區,桃園市蘆竹區龍安街二段476號對面,1,RT202500003563,1.0,,24.997222,121.262417,1415,W1,2263,Taiwan,PZ,1,8.0,13
5D-五股倉,76120 臺灣電力-北投,8.0,18.0,112,臺北市北投區,臺北市北投區新民路&泉源路交叉口(靠近林泉公園),1,RT202500003690,1.0,,25.141675,121.514989,1280,W1,2264,Taipei,WG,1,8.0,8
5D-五股倉,76120 臺灣電力-北投,8.0,18.0,112,臺北市北投區,臺北市北投區新民路&泉源路交叉口(靠近林泉公園),1,RT202500003690,1.0,,25.141675,121.514989,1280,W1,2265,Taipei,WG,1,8.0,8
5D-五股倉,77211 魁隆營造-北投區,8.0,18.6,112,臺北市北投區,臺北市北投區新民路55之6號,1,RT202500008872,1.0,,25.140583,121.509806,1280,W1,2266,Taipei,WG,1,8.0,8
5D-五股倉,77068 宏孝工程-銜接#71674,8.0,20.3,112,臺北市北投區,臺北市北投區長壽路21號對面,1,RT202500008058,1.0,,25.142805,121.503953,1280,W1,2267,Taipei,WG,1,8.0,8
5D-五股倉,59566 天誠-北投,8.0,21.3,112,臺北市北投區,臺北市北投區大同街303號,1,RT20250000011317,1.0,,25.139958,121.499555,1280,W1,2268,Taipei,WG,1,8.0,8
5D-五股倉,59566 天誠-北投,8.0,21.3,112,臺北市北投區,臺北市北投區大同街303號,1,RT20250000011316,1.0,,25.139958,121.499555,1280,W1,2269,Taipei,WG,1,8.0,8
5D-五股倉,78386 威毅營造股份有限公司,8.0,22.6,112,臺北市北投區,臺北市北投區中央北路二段334號旁,1,RT20250000014034,1.0,,25.138447,121.489283,1280,W1,2270,Taipei,WG,1,8.0,13
5D-五股倉,72620 第寶-大業段,8.0,24.0,112,臺北市北投區,臺北市北投區光明路2巷,1,RT202400003681,1.0,,25.132159,121.499011,1280,W1,2271,Taipei,WG,1,8.0,8
5D-五股倉,72620 第寶-大業段,8.0,24.0,112,臺北市北投區,臺北市北投區光明路2巷,1,RT202400003681,1.0,,25.132159,121.499011,1280,W1,2272,Taipei,WG,1,8.0,8
5D-五股倉,77509 逢昌營造-北投教會,8.0,24.3,112,臺北市北投區,臺北市北投區中央南路一段77號,1,RT20250000010172,1.0,,25.130931,121.501192,1280,W1,2273,Taipei,WG,1,8.0,8
5D-五股倉,74689 地樺營造-145碩樺建設,8.0,24.5,112,臺北市北投區,臺北市北投區中央南路一段160號,1,RT202500005767,1.0,,25.129259,121.501083,1280,W1,2274,Taipei,WG,1,8.0,8
5D-五股倉,68256 弘原營造-捷運晶鑽,8.0,24.5,112,臺北市北投區,臺北市北投區民權街8號,1,RT202500007226,1.0,,25.129114,121.501108,1280,W1,2275,Taipei,WG,1,8.0,8
5D-五股倉,74689 地樺營造-145碩樺建設,8.0,24.6,112,臺北市北投區,臺北市北投區中央南路一段160號,1,RT20240000012667,1.0,,25.129178,121.501303,1280,W1,2276,Taipei,WG,1,8.0,8
5D-五股倉,67408 旺洲-北投,8.0,25.3,112,臺北市北投區,臺北市北投區三合街１段99號旁,1,RT202500004264,1.0,,25.126181,121.504586,1280,W1,2277,Taipei,WG,1,8.0,8
5D-五股倉,67408 旺洲-北投,8.0,25.3,112,臺北市北投區,臺北市北投區三合街１段99號旁,1,RT202500004264,1.0,,25.126181,121.504586,1280,W1,2278,Taipei,WG,1,8.0,8
5D-五股倉,69808 合聯營造-公館路,8.0,25.5,112,臺北市北投區,臺北市北投區公館路228巷&350巷交叉口,1,RT20240000014828,1.0,,25.124209,121.504069,1280,W1,2279,Taipei,WG,1,8.0,8
5D-五股倉,71356 嘉興發股-張宅,8.0,26.3,112,臺北市北投區,臺北市北投區公館路255巷17弄17號,1,RT20250000012658,1.0,,25.126103,121.509867,1280,W1,2280,Taipei,WG,1,8.0,8
5D-五股倉,70574 地樺營造-141富邦人壽,8.0,27.5,112,臺北市北投區,臺北市北投區承德路七段&公館路,1,RT20240000014369,1.0,,25.120706,121.502081,1280,W1,2281,Taipei,WG,1,8.0,8
5D-五股倉,70574 地樺營造-141富邦人壽,8.0,27.5,112,臺北市北投區,臺北市北投區承德路七段&公館路,1,RT20240000014369,1.0,,25.120706,121.502081,1280,W1,2282,Taipei,WG,1,8.0,8
5D-五股倉,70574 地樺營造-141富邦人壽,8.0,27.6,112,臺北市北投區,臺北市北投區承德路七段&公館路口,1,RT20230000010849,1.0,,25.120423,121.501794,1280,W1,2283,Taipei,WG,1,8.0,8
5D-五股倉,70574 地樺營造-141富邦人壽,8.0,27.6,112,臺北市北投區,臺北市北投區承德路七段&公館路口,1,RT20230000010849,1.0,,25.120423,121.501794,1280,W1,2284,Taipei,WG,1,8.0,8
5D-五股倉,77059 家居建設-銜接#73019 金藏營造,8.0,29.6,112,臺北市北投區,臺北市北投區承德路六段&文林北路-1F 追加,1,RT20250000012306,1.0,,25.107242,121.513267,1280,W1,2285,Taipei,WG,1,8.0,8
5D-五股倉,77059 家居建設-銜接#73019 金藏營造,8.0,29.6,112,臺北市北投區,臺北市北投區承德路六段&文林北路,1,RT202500007990,1.0,,25.107222,121.513294,1280,W1,2286,Taipei,WG,1,8.0,8
5D-五股倉,77059 家居建設-銜接#73019 金藏營造,8.0,29.6,112,臺北市北投區,臺北市北投區承德路六段&文林北路,1,RT202500007990,1.0,,25.107222,121.513294,1280,W1,2287,Taipei,WG,1,8.0,8
5D-五股倉,67758 地樺-大安區,8.0,30.3,112,臺北市北投區,臺北市北投區文林北路200號,1,RT202300001105,1.0,,25.107292,121.515267,1280,W1,2288,Taipei,WG,1,8.0,8
5D-五股倉,69691 璞承營造-東陽街,8.0,31.8,112,臺北市北投區,臺北市北投區東陽街497號,1,RT202500005546,1.0,,25.112175,121.520289,1280,W1,2289,Taipei,WG,1,8.0,8
5D-五股倉,69691 璞承營造-東陽街,8.0,31.9,112,臺北市北投區,臺北市北投區東陽街497號,1,RT202500005545,1.0,,25.11225,121.520778,1280,W1,2290,Taipei,WG,1,8.0,8
5D-五股倉,64974 龍霖開發-北投崇仰段,8.0,33.5,112,臺北市北投區,臺北市北投區石牌路2段315巷底,1,RT20250000012765,1.0,,25.122517,121.522014,1280,W1,2291,Taipei,WG,1,8.0,8
5D-五股倉,64974 龍霖開發-北投崇仰段,8.0,33.5,112,臺北市北投區,臺北市北投區石牌路2段315巷底,1,RT20250000012765,1.0,,25.122517,121.522014,1280,W1,2292,Taipei,WG,1,8.0,8
5D-五股倉,76805 陳韋廷-行義路,8.0,36.0,112,臺北市北投區,臺北市北投區行義路196號,1,RT202500006988,1.0,,25.133217,121.529078,1280,W1,2293,Taipei,WG,1,8.0,8
5D-五股倉,74943 晶展營造-行義路,8.0,37.9,112,臺北市北投區,臺北市北投區行義路173號,1,RT20240000013590,1.0,,25.131973,121.528264,1280,W1,2294,Taipei,WG,1,8.0,8
5D-五股倉,66716 裕晟-北投,8.0,38.1,112,臺北市北投區,臺北市北投區行義路154巷19弄工地-電聯定位,1,RT20250000013222,1.0,,25.1312,121.529498,1280,W1,2295,Taipei,WG,1,8.0,8
5D-五股倉,75088 天瀚營造-北投,8.0,38.8,112,臺北市北投區,臺北市北投區行義路112巷4號,1,RT20250000013406,1.0,,25.127753,121.529453,1280,W1,2296,Taipei,WG,1,8.0,8
5D-五股倉,73324 興鴻旭工程,8.0,47.2,112,臺北市北投區,臺北市北投區大度路一段177號,1,RT20250000012843,1.0,,25.121359,121.485627,1280,W1,2297,Taipei,WG,1,8.0,8
5D-五股倉,64230 勝岳營造-北投,8.0,50.7,112,臺北市北投區,臺北市北投區大度路３段301巷&知行路245巷工地,1,RT2025000118,1.0,,25.120884,121.465808,1280,W1,2298,Taipei,WG,1,8.0,13
5A-平鎮倉,77004 大為營造-楊梅區,8.0,19.29,326,桃園市楊梅區,桃園市楊梅區民有一路267號對面工地,1,RT202500007926,1.0,,24.948769,121.079398,1470,W1,2299,Hsinchu,PZ,1,8.0,5
5A-平鎮倉,77004 大為營造-楊梅區,8.0,19.29,326,桃園市楊梅區,桃園市楊梅區民有一路267號對面工地,1,RT202500007926,1.0,,24.948769,121.079398,1470,W1,2300,Hsinchu,PZ,1,8.0,5
5A-平鎮倉,73503 羅傑土木-楊梅(晁?),8.0,20.67,326,桃園市楊梅區,桃園市楊梅區民生街375巷23號,1,RT202500007379,1.0,,24.944402,121.088839,1470,W1,2301,Hsinchu,PZ,1,8.0,5
5A-平鎮倉,74364 晁?建設-楊梅,8.0,20.71,326,桃園市楊梅區,桃園市楊梅區民生街375巷23號,1,RT202500007269,1.0,,24.94475,121.088764,1470,W1,2302,Hsinchu,PZ,1,8.0,5
5A-平鎮倉,76973 基揚建設-民有路,8.0,21.73,326,桃園市楊梅區,桃園市楊梅區民有路二段445巷60號對面,1,RT202500007607,1.0,,24.946172,121.094611,1470,W1,2303,Hsinchu,PZ,1,8.0,5
5A-平鎮倉,75845 聯太建設-楊梅,8.0,23.45,326,桃園市楊梅區,桃園市楊梅區民有路二段206巷257號,1,RT202500002490,1.0,,24.953592,121.095669,1470,W1,2304,Hsinchu,PZ,1,8.0,5
5A-平鎮倉,75170 金禾營造-民有路,8.0,25.07,326,桃園市楊梅區,桃園市楊梅區民有路一段683巷(清潔隊對面),1,RT20250000010752,1.0,,24.944794,121.107886,1470,W1,2305,Hsinchu,PZ,1,8.0,5
5A-平鎮倉,75170 金禾營造-民有路,8.0,25.13,326,桃園市楊梅區,桃園市楊梅區民有路一段683巷(清潔隊對面),1,RT20250000013703,1.0,,24.944658,121.107775,1470,W1,2306,Hsinchu,PZ,1,8.0,5
5A-平鎮倉,70439 勁緯營造-悅四季,8.0,27.02,326,桃園市楊梅區,桃園市楊梅區民有路一段87號,1,RT202500009395,1.0,,24.934558,121.119659,1470,W1,2307,Hsinchu,PZ,1,8.0,5
5A-平鎮倉,58034 東升纖維,8.0,27.8,326,桃園市楊梅區,桃園市楊梅區上田里9鄰25之12號,1,RT20250000012436,1.0,,24.935144,121.125084,1470,W1,2308,Hsinchu,PZ,1,8.0,5
5A-平鎮倉,72608 宥騰-和平路,8.0,28.3,326,桃園市楊梅區,桃園市楊梅區和平路87巷3弄230號,1,RT20250000010656,1.0,,24.933181,121.128298,1470,W1,2309,Hsinchu,PZ,1,8.0,5
5A-平鎮倉,78356 官宏檳營造-楊梅區,8.0,29.94,326,桃園市楊梅區,桃園市楊梅區和平路398巷21弄25號,1,RT20250000013939,1.0,,24.944236,121.12605,1470,W1,2310,Hsinchu,PZ,1,8.0,5
5A-平鎮倉,73968 祥瀛營造-楊梅,8.0,30.5,326,桃園市楊梅區,桃園市楊梅區和平路236巷30弄29號,1,RT202400009493,1.0,,24.942291,121.128875,1470,W1,2311,Hsinchu,PZ,1,8.0,5
5A-平鎮倉,73821 謙昌建設-和平段,8.0,31.49,326,桃園市楊梅區,桃園市楊梅區高平路475巷59號,1,RT202400008790,1.0,,24.939183,121.13295,1470,W1,2312,Hsinchu,PZ,1,8.0,5
5A-平鎮倉,73821 謙昌建設-和平段,8.0,31.49,326,桃園市楊梅區,桃園市楊梅區高平路475巷59號,1,RT202400008790,1.0,,24.939183,121.13295,1470,W1,2313,Hsinchu,PZ,1,8.0,5
5A-平鎮倉,74039 首善營造-楊梅,14.0,32.31,326,桃園市楊梅區,桃園市楊梅區高平路438巷160號-2棟5F,5,RT20250000012785,1.0,,24.942722,121.137222,1470,W1,2314,Taiwan,PZ,1,14.0,5
5A-平鎮倉,74039 首善營造-楊梅,14.0,32.31,326,桃園市楊梅區,桃園市楊梅區高平路438巷160號-1棟5F,5,RT20250000012782,1.0,,24.942722,121.137222,1470,W1,2315,Taiwan,PZ,1,14.0,5
5A-平鎮倉,74039 首善營造-楊梅,8.0,33.26,326,桃園市楊梅區,桃園市楊梅區高平路438巷160號,1,RT20250000013332,1.0,,24.942619,121.138155,1470,W1,2316,Taiwan,PZ,1,8.0,5
5A-平鎮倉,77385 威臺營造-梅高路,8.0,35.61,326,桃園市楊梅區,桃園市楊梅區梅高路與幼獅路三段交叉口-附地標,1,RT202500009812,1.0,,24.929228,121.147552,1470,W1,2317,Taiwan,PZ,1,8.0,5
5A-平鎮倉,77385 威臺營造-梅高路,8.0,35.61,326,桃園市楊梅區,桃園市楊梅區梅高路與幼獅路三段交叉口-附地標,1,RT202500009812,1.0,,24.929228,121.147552,1470,W1,2318,Taiwan,PZ,1,8.0,5
5A-平鎮倉,75684 晟雅營造-幼獅路,8.0,36.14,326,桃園市楊梅區,桃園市楊梅區幼獅路三段370巷5號旁,1,RT202500001741,1.0,,24.931495,121.151292,1470,W1,2319,Taiwan,PZ,1,8.0,5
5A-平鎮倉,63934 世和金屬,8.0,36.89,326,桃園市楊梅區,桃園市楊梅區幼獅路３段202巷27號-電聯,1,RT20250000013711,1.0,,24.932878,121.153661,1470,W1,2320,Taiwan,PZ,1,8.0,5
5A-平鎮倉,77614 友新營造股份有限公司,8.0,38.13,326,桃園市楊梅區,桃園市楊梅區梅高路210巷238弄-附地標(幼獅三路區),1,RT20250000010720,1.0,,24.927595,121.150333,1470,W1,2321,Taiwan,PZ,1,8.0,5
5A-平鎮倉,73210 東泰營造-信昌,8.0,39.46,326,桃園市楊梅區,桃園市楊梅區高獅路566-1號(華新門口),1,RT20250000012829,1.0,,24.92592,121.157858,1470,W1,2322,Taiwan,PZ,1,8.0,5
5A-平鎮倉,78145 豐達營造-K6C廠結構,8.0,39.91,326,桃園市楊梅區,桃園市楊梅區幼獅工業區高獅路580號-K6C廠(景碩廠內,1,RT20250000013000,1.0,,24.924686,121.161281,1470,W1,2323,Taiwan,PZ,1,8.0,5
5A-平鎮倉,78145 豐達營造-K6C廠結構,8.0,39.91,326,桃園市楊梅區,桃園市楊梅區幼獅工業區高獅路580號-K6C廠(景碩廠內,1,RT20250000013000,1.0,,24.924686,121.161281,1470,W1,2324,Taiwan,PZ,1,8.0,5
5A-平鎮倉,78145 豐達營造-K6C廠結構,8.0,39.91,326,桃園市楊梅區,桃園市楊梅區幼獅工業區高獅路580號-K6C廠(景碩廠內,1,RT20250000013000,1.0,,24.924686,121.161281,1470,W1,2325,Taiwan,PZ,1,8.0,5
5A-平鎮倉,78145 豐達營造-K6C廠結構,8.0,39.91,326,桃園市楊梅區,桃園市楊梅區幼獅工業區高獅路580號-K6C廠(景碩廠內,1,RT20250000013000,1.0,,24.924686,121.161281,1470,W1,2326,Taiwan,PZ,1,8.0,5
5A-平鎮倉,75559 旭源-高獅路,8.0,40.49,326,桃園市楊梅區,桃園市楊梅區高獅路776號對面工地,1,RT20250000012568,1.0,,24.924278,121.164322,1470,W1,2327,Taiwan,PZ,1,8.0,5
5A-平鎮倉,75871 建智營造-楊梅,8.0,40.53,326,桃園市楊梅區,桃園市楊梅區高獅路759號,1,RT202500002610,1.0,,24.924356,121.164786,1470,W1,2328,Taiwan,PZ,1,8.0,5
5A-平鎮倉,74589 宜佳營造-楊梅宏棋,8.0,40.83,326,桃園市楊梅區,桃園市楊梅區高獅路822巷1-1號旁,1,RT20240000012104,1.0,,24.9233,121.167506,1470,W1,2329,Taiwan,PZ,1,8.0,5
5A-平鎮倉,72311 原生生活-郭元益充電站,8.0,41.85,326,桃園市楊梅區,桃園市楊梅區青年路9巷3號--郭元益充電站,1,RT202500001767,1.0,,24.928653,121.167525,1470,W1,2330,Taiwan,PZ,1,8.0,5
5A-平鎮倉,73591 阡佑堅建設-幼平街,8.0,44.22,326,桃園市楊梅區,桃園市楊梅區幼平街383巷185弄,1,RT20250000013224,1.0,,24.935575,121.179917,1470,W1,2331,Taiwan,PZ,1,8.0,5
5A-平鎮倉,73591 阡佑堅建設-幼平街,8.0,44.22,326,桃園市楊梅區,桃園市楊梅區幼平街383巷185弄,1,RT20250000013224,1.0,,24.935575,121.179917,1470,W1,2332,Taiwan,PZ,1,8.0,5
5A-平鎮倉,73591 阡佑堅建設-幼平街,8.0,44.22,326,桃園市楊梅區,桃園市楊梅區幼平街383巷185弄,1,RT20250000013224,1.0,,24.935575,121.179917,1470,W1,2333,Taiwan,PZ,1,8.0,5
5A-平鎮倉,77727 寬和營造-快速路五段,8.0,46.6,326,桃園市楊梅區,桃園市楊梅區快速路五段266之1號旁工地,1,RT20250000011266,1.0,,24.943391,121.173948,1470,W1,2334,Taiwan,PZ,1,8.0,5
5A-平鎮倉,75087 大瀚營造-楊梅,8.0,47.69,326,桃園市楊梅區,桃園市楊梅區電研路10巷約400公尺處橋邊,1,RT20240000014247,1.0,,24.949402,121.167786,1470,W1,2335,Taiwan,PZ,1,8.0,5
5A-平鎮倉,76899 禾新營造-裕榮路,8.0,50.23,326,桃園市楊梅區,桃園市楊梅區裕榮路325巷,1,RT202500007346,1.0,,24.955253,121.160694,1470,W1,2336,Taiwan,PZ,1,8.0,5
5A-平鎮倉,70732 瑞成物流,8.0,52.98,326,桃園市楊梅區,桃園市楊梅區高上路１段587號對面,1,RT20250000013576,1.0,,24.944347,121.151469,1470,W1,2337,Taiwan,PZ,1,8.0,5
5A-平鎮倉,70732 瑞成物流,8.0,52.98,326,桃園市楊梅區,桃園市楊梅區高上路１段587號對面,1,RT20250000013576,1.0,,24.944347,121.151469,1470,W1,2338,Taiwan,PZ,1,8.0,5
5A-平鎮倉,48590 泰立交通有限公司,8.0,53.75,326,桃園市楊梅區,桃園市楊梅區高上路１段389巷進入,1,RT20250000012309,1.0,,24.941,121.153444,1470,W1,2339,Taiwan,PZ,1,8.0,5
5A-平鎮倉,77668 合盛營造股-楊梅區,8.0,60.05,326,桃園市楊梅區,桃園市楊梅區青年路2號旁工地-附地標(金錩旁),1,RT20250000011002,1.0,,24.925756,121.170873,1470,W1,2340,Taiwan,PZ,1,8.0,5
5A-平鎮倉,77668 合盛營造股-楊梅區,8.0,60.05,326,桃園市楊梅區,桃園市楊梅區青年路2號旁工地-附地標(金錩旁),1,RT20250000011002,1.0,,24.925756,121.170873,1470,W1,2341,Taiwan,PZ,1,8.0,5
5A-平鎮倉,78266 邑華有限公司-楊梅區,8.0,65.4,326,桃園市楊梅區,桃園市楊梅區民富路一段136巷8號,1,RT20250000013480,1.0,,24.919603,121.134461,1470,W1,2342,Hsinchu,PZ,1,8.0,5
5A-平鎮倉,77708 日陽包裝實業-楊湖路一段,8.0,67.03,326,桃園市楊梅區,桃園市楊梅區楊湖路一段639號工地-電聯定位,1,RT20250000011190,,1.0,24.912983,121.126678,1470,W2,2343,Hsinchu,PZ,2,16.0,5
5A-平鎮倉,77708 日陽包裝實業-楊湖路一段,8.0,67.03,326,桃園市楊梅區,桃園市楊梅區楊湖路一段639號工地-電聯定位,1,RT20250000011190,,1.0,24.912983,121.126678,1470,W2,2344,Hsinchu,PZ,2,16.0,5
5A-平鎮倉,76405 慶源營造-翔聯M棟,8.0,68.85,326,桃園市楊梅區,桃園市楊梅區民富路一段782號旁(翔聯M棟),1,RT202500005120,1.0,,24.922953,121.119364,1470,W1,2345,Hsinchu,PZ,1,8.0,5
5A-平鎮倉,77155 力泊鑫營造-太初玄清宮,8.0,59.45,300,新竹市東北香山,新竹市香山區瑞光街164巷99號-太初玄清宮,1,RT202500008644,1.0,,24.799011,120.920059,1570,W1,2346,Hsinchu,PZ,1,8.0,9
5A-平鎮倉,74579 全日通-竹北,8.0,62.85,300,新竹市東北香山,新竹市香山區浸水街22號隔壁工地,1,RT20250000012527,1.0,,24.797441,120.936891,1570,W1,2347,Hsinchu,PZ,1,8.0,9
5A-平鎮倉,74502 坤宥營造-香山國小,8.0,63.54,300,新竹市東北香山,新竹市香山區牛埔路387號旁入-香山國小,1,RT20240000011673,1.0,,24.797361,120.942639,1570,W1,2348,Hsinchu,PZ,1,8.0,9
5A-平鎮倉,77478 廣德營造-香山區,8.0,64.19,300,新竹市東北香山,新竹市香山區育德街139巷-電聯定位,1,RT20250000010068,1.0,,24.793627,120.942819,1570,W1,2349,Hsinchu,PZ,1,8.0,9
5A-平鎮倉,78234 日曼開發-香山區,8.0,64.71,300,新竹市東北香山,新竹市香山區中華路四段246巷39號,1,RT20250000013382,1.0,,24.794939,120.946797,1570,W1,2350,Hsinchu,PZ,1,8.0,9
5A-平鎮倉,72700 全日通-崧嶺路,8.0,65.92,300,新竹市東北香山,新竹市香山區(北區)崧嶺路65號,1,RT20250000012529,1.0,,24.794633,120.954986,1570,W1,2351,Hsinchu,PZ,1,8.0,9
5A-平鎮倉,73179 樺源營造-承德段,8.0,66.3,300,新竹市東北香山,新竹市香山區中山路479號旁,1,RT20250000012828,1.0,,24.797316,120.956092,1570,W1,2352,Hsinchu,PZ,1,8.0,9
5A-平鎮倉,78003 億昇營造-警光路,8.0,66.44,300,新竹市東北香山,新竹市北區警光路12巷,1,RT20250000012491,1.0,,24.797527,120.956869,1570,W1,2353,Hsinchu,PZ,1,8.0,9
5A-平鎮倉,76757 日盛營造-創碩AI,8.0,67.41,300,新竹市東北香山,新竹市北區北大路420號,1,RT20250000013571,1.0,,24.803878,120.960592,1570,W1,2354,Hsinchu,PZ,1,8.0,0
5A-平鎮倉,73859 升皇營造有限公司,8.0,67.64,300,新竹市東北香山,新竹市北區廣州街2號,1,RT202400008980,1.0,,24.804122,120.959867,1570,W1,2355,Hsinchu,PZ,1,8.0,0
5A-平鎮倉,73859 升皇營造有限公司,8.0,67.64,300,新竹市東北香山,新竹市北區廣州街2號,1,RT202400008980,1.0,,24.804122,120.959867,1570,W1,2356,Hsinchu,PZ,1,8.0,0
5A-平鎮倉,73859 升皇營造有限公司,8.0,67.64,300,新竹市東北香山,新竹市北區廣州街2號,1,RT202400008980,1.0,,24.804122,120.959867,1570,W1,2357,Hsinchu,PZ,1,8.0,0
5A-平鎮倉,68475 雙喜營造-中雅安居,8.0,68.22,300,新竹市東北香山,新竹市北區經國路2段跟凌雲街口(入口凌雲街),1,RT202500001067,1.0,,24.804786,120.954794,1570,W1,2358,Hsinchu,PZ,1,8.0,0
5A-平鎮倉,68475 雙喜營造-中雅安居,8.0,68.22,300,新竹市東北香山,新竹市北區經國路2段跟凌雲街口(入口凌雲街),1,RT202500001067,1.0,,24.804786,120.954794,1570,W1,2359,Hsinchu,PZ,1,8.0,0
5A-平鎮倉,68475 雙喜營造-中雅安居,8.0,68.45,300,新竹市東北香山,新竹市北區經國路2段跟凌雲街口(入口凌雲街),1,RT202500005342,1.0,,24.803972,120.954594,1570,W1,2360,Hsinchu,PZ,1,8.0,0
5A-平鎮倉,68475 雙喜營造-中雅安居,8.0,68.45,300,新竹市東北香山,新竹市北區經國路2段跟凌雲街口(入口凌雲街),1,RT202500005342,1.0,,24.803972,120.954594,1570,W1,2361,Hsinchu,PZ,1,8.0,0
5A-平鎮倉,68475 雙喜營造-中雅安居,12.0,68.45,300,新竹市東北香山,新竹市北區經國路2段跟凌雲街口(入口凌雲街)-A.B棟-5F,5,RT20250000011358,1.0,,24.804206,120.954661,1570,W1,2362,Hsinchu,PZ,1,12.0,0
5A-平鎮倉,68475 雙喜營造-中雅安居,12.0,68.45,300,新竹市東北香山,新竹市北區經國路2段跟凌雲街口(入口凌雲街)-A.B棟-5F,5,RT20250000011358,1.0,,24.804206,120.954661,1570,W1,2363,Hsinchu,PZ,1,12.0,0
5A-平鎮倉,76402 珍珠營造-艾里斯特,8.0,73.39,300,新竹市東北香山,新竹市香山區東香路二段61號旁工地,1,RT202500005109,1.0,,24.773667,120.950047,1570,W1,2364,Hsinchu,PZ,1,8.0,9
5A-平鎮倉,76976 嶼在室所-美之城,8.0,75.68,300,新竹市東北香山,新竹市香山區美之城53號,1,RT202500007616,1.0,,24.76797,120.959131,1570,W1,2365,Hsinchu,PZ,1,8.0,9
5A-平鎮倉,70880 暐順-弘塑科技,8.0,84.71,300,新竹市東北香山,新竹市香山區中華路六段89號附近,1,RT20250000011893,1.0,,24.748822,120.908508,1570,W1,2366,Hsinchu,PZ,1,8.0,9
5A-平鎮倉,67934 國隆-香山 文琩J區,8.0,89.76,300,新竹市東北香山,新竹市香山區中華路6段647巷136弄2號(J區6座、B區4座),1,RT20250000013440,1.0,,24.732661,120.930931,1570,W1,2367,Hsinchu,PZ,1,8.0,9
5A-平鎮倉,67934 國隆-香山 文琩J區,8.0,89.76,300,新竹市東北香山,新竹市香山區中華路6段647巷136弄2號(J區6座、B區4座),1,RT20250000013440,1.0,,24.732661,120.930931,1570,W1,2368,Hsinchu,PZ,1,8.0,9
5A-平鎮倉,67934 國隆-香山 文琩J區,8.0,89.76,300,新竹市東北香山,新竹市香山區中華路6段647巷136弄2號(J區6座、B區4座),1,RT20250000013440,1.0,,24.732661,120.930931,1570,W1,2369,Hsinchu,PZ,1,8.0,9
5A-平鎮倉,67934 國隆-香山 文琩J區,8.0,89.76,300,新竹市東北香山,新竹市香山區中華路6段647巷136弄2號(J區6座、B區4座),1,RT20250000013440,1.0,,24.732661,120.930931,1570,W1,2370,Hsinchu,PZ,1,8.0,9
5A-平鎮倉,67934 國隆-香山 文琩J區,8.0,89.76,300,新竹市東北香山,新竹市香山區中華路6段647巷136弄2號(J區6座、B區4座),1,RT20250000013440,1.0,,24.732661,120.930931,1570,W1,2371,Hsinchu,PZ,1,8.0,9
5A-平鎮倉,67934 國隆-香山 文琩J區,8.0,89.76,300,新竹市東北香山,新竹市香山區中華路6段647巷136弄2號(J區6座、B區4座),1,RT20250000013440,1.0,,24.732661,120.930931,1570,W1,2372,Hsinchu,PZ,1,8.0,9
5A-平鎮倉,67934 國隆-香山 文琩J區,8.0,89.76,300,新竹市東北香山,新竹市香山區中華路6段647巷136弄2號(J區6座、B區4座),1,RT20250000013440,1.0,,24.732661,120.930931,1570,W1,2373,Hsinchu,PZ,1,8.0,9
5A-平鎮倉,77412 豐品建設-同#74230,8.0,95.86,300,新竹市東北香山,新竹市香山區南港街-南港賞鳥公園斜對面,1,RT202500009794,1.0,,24.743933,120.898333,1570,W1,2374,Hsinchu,PZ,1,8.0,9
5A-平鎮倉,68412 全日通-港南運河淨水場,8.0,107.54,300,新竹市東北香山,新竹市香山區海埔路518巷120號,1,RT20250000012777,1.0,,24.826836,120.912364,1570,W1,2375,Hsinchu,PZ,1,8.0,0
5A-平鎮倉,73334 京明營造-輕嶼,8.0,111.02,300,新竹市東北香山,新竹市北區東大路四段236巷15號旁,1,RT202400006921,1.0,,24.845286,120.930056,1570,W1,2376,Hsinchu,PZ,1,8.0,0
5A-平鎮倉,67520 介華事業-國瑞汽車,8.0,28.2,328,桃園市觀音區,桃園市觀音區國建三路2號(國瑞汽車),1,RT202500008768,1.0,,25.056322,121.1096,1450,W1,2377,Taiwan,PZ,1,8.0,7
5A-平鎮倉,67520 介華事業-國瑞汽車,8.0,28.2,328,桃園市觀音區,桃園市觀音區國建三路2號(國瑞汽車),1,RT202500008768,1.0,,25.056322,121.1096,1450,W1,2378,Taiwan,PZ,1,8.0,7
5A-平鎮倉,76094 弘達流通-全聯觀音,8.0,30.9,328,桃園市觀音區,桃園市觀音區工業七路10號,1,RT20250000012204,,1.0,25.052894,121.110306,1450,W2,2379,Taiwan,PZ,2,16.0,7
5A-平鎮倉,76094 弘達流通-全聯觀音,8.0,30.9,328,桃園市觀音區,桃園市觀音區工業七路10號,1,RT20250000012204,,1.0,25.052894,121.110306,1450,W2,2380,Taiwan,PZ,2,16.0,7
5A-平鎮倉,77426 雄山營造-永大環保,8.0,32.3,328,桃園市觀音區,桃園市觀音區玉林路一段523號-永大環保,1,RT202500009836,1.0,,25.057397,121.102453,1450,W1,2381,Taiwan,PZ,1,8.0,7
5A-平鎮倉,77299 勤牧國際-酷澎倉庫,8.0,34.2,328,桃園市觀音區,桃園市觀音區玉林路一段521號-酷澎倉庫,1,RT202500009217,1.0,,25.044997,121.090016,1450,W1,2382,Taiwan,PZ,1,8.0,7
5A-平鎮倉,77299 勤牧國際-酷澎倉庫,8.0,34.2,328,桃園市觀音區,桃園市觀音區玉林路一段521號-酷澎倉庫,1,RT202500009217,1.0,,25.044997,121.090016,1450,W1,2383,Taiwan,PZ,1,8.0,7
5A-平鎮倉,77299 勤牧國際-酷澎倉庫,8.0,34.2,328,桃園市觀音區,桃園市觀音區玉林路一段521號-酷澎倉庫,1,RT202500009217,1.0,,25.044997,121.090016,1450,W1,2384,Taiwan,PZ,1,8.0,7
5A-平鎮倉,77299 勤牧國際-酷澎倉庫,8.0,34.2,328,桃園市觀音區,桃園市觀音區玉林路一段521號-酷澎倉庫,1,RT202500009217,1.0,,25.044997,121.090016,1450,W1,2385,Taiwan,PZ,1,8.0,7
5A-平鎮倉,77299 勤牧國際-酷澎倉庫,8.0,34.2,328,桃園市觀音區,桃園市觀音區玉林路一段521號-酷澎倉庫,1,RT202500009217,1.0,,25.044997,121.090016,1450,W1,2386,Taiwan,PZ,1,8.0,7
5A-平鎮倉,77299 勤牧國際-酷澎倉庫,8.0,34.2,328,桃園市觀音區,桃園市觀音區玉林路一段521號-酷澎倉庫,1,RT202500009217,1.0,,25.044997,121.090016,1450,W1,2387,Taiwan,PZ,1,8.0,7
5A-平鎮倉,77299 勤牧國際-酷澎倉庫,8.0,34.2,328,桃園市觀音區,桃園市觀音區玉林路一段521號-酷澎倉庫,1,RT202500009217,1.0,,25.044997,121.090016,1450,W1,2388,Taiwan,PZ,1,8.0,7
5A-平鎮倉,77299 勤牧國際-酷澎倉庫,8.0,34.2,328,桃園市觀音區,桃園市觀音區玉林路一段521號-酷澎倉庫,1,RT202500009217,1.0,,25.044997,121.090016,1450,W1,2389,Taiwan,PZ,1,8.0,7
5A-平鎮倉,77299 勤牧國際-酷澎倉庫,8.0,34.2,328,桃園市觀音區,桃園市觀音區玉林路一段521號-酷澎倉庫,1,RT202500009217,1.0,,25.044997,121.090016,1450,W1,2390,Taiwan,PZ,1,8.0,7
5A-平鎮倉,77299 勤牧國際-酷澎倉庫,8.0,34.2,328,桃園市觀音區,桃園市觀音區玉林路一段521號-酷澎倉庫,1,RT202500009217,1.0,,25.044997,121.090016,1450,W1,2391,Taiwan,PZ,1,8.0,7
5A-平鎮倉,77299 勤牧國際-酷澎倉庫,8.0,34.2,328,桃園市觀音區,桃園市觀音區玉林路一段521號-酷澎倉庫,1,RT202500009217,1.0,,25.044997,121.090016,1450,W1,2392,Taiwan,PZ,1,8.0,7
5A-平鎮倉,77605 勁宇營造-桃科九路,8.0,34.5,328,桃園市觀音區,桃園市觀音區桃科九路1號旁工地,1,RT20250000010649,1.0,,25.046702,121.089886,1450,W1,2393,Taiwan,PZ,1,8.0,7
5A-平鎮倉,78360 捷翔開發建設-觀音區,8.0,35.2,328,桃園市觀音區,桃園市觀音區白玉三路上近桃科七路工地,1,RT20250000013947,1.0,,25.048883,121.085727,1450,W1,2394,Taiwan,PZ,1,8.0,7
5A-平鎮倉,77752 宸莘營造-工業社區,8.0,36.0,328,桃園市觀音區,桃園市觀音區自強五街8號對面工地,1,RT20250000011319,1.0,,25.044375,121.084341,1450,W1,2395,Taiwan,PZ,1,8.0,7
5A-平鎮倉,76424 椿城工程-永光化學,8.0,38.5,328,桃園市觀音區,桃園市觀音區大潭北路399號,1,RT202500005190,1.0,,25.037608,121.06415,1450,W1,2396,Hsinchu,PZ,1,8.0,7
5A-平鎮倉,76424 椿城工程-永光化學,8.0,38.5,328,桃園市觀音區,桃園市觀音區大潭北路399號,1,RT202500005190,1.0,,25.037608,121.06415,1450,W1,2397,Hsinchu,PZ,1,8.0,7
5A-平鎮倉,75058 玄通營造,8.0,39.1,328,桃園市觀音區,桃園市觀音區環科路528號-聯華二期,1,RT20250000012968,,1.0,25.041255,121.067928,1450,W2,2398,Hsinchu,PZ,2,16.0,7
5A-平鎮倉,75058 玄通營造,8.0,39.1,328,桃園市觀音區,桃園市觀音區環科路528號-聯華二期,1,RT20250000012968,,1.0,25.041255,121.067928,1450,W2,2399,Hsinchu,PZ,2,16.0,7
5A-平鎮倉,70114 宏碁-觀塘段,8.0,40.5,328,桃園市觀音區,桃園市觀音區環南路405號旁工地,1,RT20250000012164,1.0,,25.0336,121.063669,1450,W1,2400,Hsinchu,PZ,1,8.0,7
5A-平鎮倉,70114 宏碁-觀塘段,8.0,40.6,328,桃園市觀音區,桃園市觀音區環南路405號旁工地,1,RT202500008312,1.0,,25.032317,121.064225,1450,W1,2401,Hsinchu,PZ,1,8.0,7
5A-平鎮倉,70114 宏碁-觀塘段,8.0,40.6,328,桃園市觀音區,桃園市觀音區環南路405號旁工地,1,RT202500008312,1.0,,25.032317,121.064225,1450,W1,2402,Hsinchu,PZ,1,8.0,7
5A-平鎮倉,70114 宏碁-觀塘段,8.0,40.6,328,桃園市觀音區,桃園市觀音區環南路405號旁工地,1,RT202500008312,1.0,,25.032317,121.064225,1450,W1,2403,Hsinchu,PZ,1,8.0,7
5A-平鎮倉,70114 宏碁-觀塘段,8.0,40.6,328,桃園市觀音區,桃園市觀音區環南路405號旁工地,1,RT202500008312,1.0,,25.032317,121.064225,1450,W1,2404,Hsinchu,PZ,1,8.0,7
5A-平鎮倉,77360 統賀營造-觀音區運動中心,8.0,42.2,328,桃園市觀音區,桃園市觀音區桃科三路2號-觀音區國民運動中心對面-附定位圖,1,RT202500009504,1.0,,25.035036,121.071814,1450,W1,2405,Hsinchu,PZ,1,8.0,7
5A-平鎮倉,77360 統賀營造-觀音區運動中心,8.0,42.2,328,桃園市觀音區,桃園市觀音區桃科三路2號-觀音區國民運動中心對面-附定位圖,1,RT202500009504,1.0,,25.035036,121.071814,1450,W1,2406,Hsinchu,PZ,1,8.0,7
5A-平鎮倉,77286 愷侖-廣興一路,8.0,44.3,328,桃園市觀音區,桃園市觀音區廣興一路90-1號,1,RT202500009174,1.0,,25.032709,121.086252,1450,W1,2407,Hsinchu,PZ,1,8.0,7
5A-平鎮倉,75741 茂琳營造-觀音,8.0,45.2,328,桃園市觀音區,桃園市觀音區中山路一段388巷80號,1,RT202500002028,1.0,,25.032909,121.091058,1450,W1,2408,Taiwan,PZ,1,8.0,7
5A-平鎮倉,77124 日月品-桃園醫院,8.0,47.3,328,桃園市觀音區,桃園市觀音區中山路一段967巷65號,1,RT202500008533,1.0,,25.031684,121.108078,1450,W1,2409,Taiwan,PZ,1,8.0,7
5A-平鎮倉,77124 日月品-桃園醫院,8.0,47.3,328,桃園市觀音區,桃園市觀音區中山路一段967巷65號,1,RT202500008533,1.0,,25.031684,121.108078,1450,W1,2410,Taiwan,PZ,1,8.0,7
5A-平鎮倉,77124 日月品-桃園醫院,8.0,47.3,328,桃園市觀音區,桃園市觀音區中山路一段967巷65號,1,RT202500008533,1.0,,25.031684,121.108078,1450,W1,2411,Taiwan,PZ,1,8.0,7
5A-平鎮倉,70471 元創國際建筑有限公司,8.0,48.2,328,桃園市觀音區,桃園市觀音區中山路一段781號旁,1,RT20250000011259,1.0,,25.032053,121.100803,1450,W1,2412,Taiwan,PZ,1,8.0,7
5A-平鎮倉,74835 佳均建設-觀音1023地號,8.0,48.4,328,桃園市觀音區,桃園市觀音區中山路一段700巷17號(近世紀鋼構),1,RT20250000012435,1.0,,25.031559,121.098641,1450,W1,2413,Taiwan,PZ,1,8.0,7
5A-平鎮倉,76400 良相建設-觀音,8.0,50.5,328,桃園市觀音區,桃園市觀音區文化路坑尾段339巷88弄78號旁,1,RT202500005081,1.0,,25.020875,121.095269,1450,W1,2414,Hsinchu,PZ,1,8.0,7
5A-平鎮倉,77217 聚升營造-逸盛倉儲,8.0,54.3,328,桃園市觀音區,桃園市觀音區快速路9段868巷35號,1,RT202500008892,1.0,,25.014153,121.082053,1450,W1,2415,Hsinchu,PZ,1,8.0,7
5A-平鎮倉,75109 有勝建設-觀音,8.0,56.7,328,桃園市觀音區,桃園市觀音區武威路458巷7號對面,1,RT20250000013563,1.0,,25.026611,121.070228,1450,W1,2416,Hsinchu,PZ,1,8.0,7
5A-平鎮倉,61668 群創工程企業有限公司,8.0,58.0,328,桃園市觀音區,桃園市觀音區大潭里7鄰22之1號-電聯帶定位,1,RT20250000013299,1.0,,25.026495,121.0619,1450,W1,2417,Hsinchu,PZ,1,8.0,7
5A-平鎮倉,61755 韓商現代工程股份有限公司台灣分公司,8.0,59.7,328,桃園市觀音區,桃園市觀音區電廠路1號(大潭電廠)-出入需換證件,1,RT202500009997,,1.0,25.033278,121.051778,1450,W2,2418,Hsinchu,PZ,2,16.0,7
5A-平鎮倉,61755 韓商現代工程股份有限公司台灣分公司,8.0,59.7,328,桃園市觀音區,桃園市觀音區電廠路1號(大潭電廠)-出入需換證件,1,RT202500009997,,1.0,25.033278,121.051778,1450,W2,2419,Hsinchu,PZ,2,16.0,7
5A-平鎮倉,61755 韓商現代工程股份有限公司台灣分公司,8.0,59.7,328,桃園市觀音區,桃園市觀音區電廠路1號(大潭電廠)-出入需換證件,1,RT202500009997,,1.0,25.033278,121.051778,1450,W2,2420,Hsinchu,PZ,2,16.0,7
5A-平鎮倉,61755 韓商現代工程股份有限公司台灣分公司,8.0,59.7,328,桃園市觀音區,桃園市觀音區電廠路1號(大潭電廠)-出入需換證件,1,RT202500009997,,1.0,25.033278,121.051778,1450,W2,2421,Hsinchu,PZ,2,16.0,7
5A-平鎮倉,61755 韓商現代工程股份有限公司台灣分公司,8.0,59.7,328,桃園市觀音區,桃園市觀音區電廠路1號(大潭電廠)-出入需換證件,1,RT202500009997,,1.0,25.033278,121.051778,1450,W2,2422,Hsinchu,PZ,2,16.0,7
5A-平鎮倉,61755 韓商現代工程股份有限公司台灣分公司,8.0,59.7,328,桃園市觀音區,桃園市觀音區電廠路1號(大潭電廠)-出入需換證件,1,RT202500009997,,1.0,25.033278,121.051778,1450,W2,2423,Hsinchu,PZ,2,16.0,7
5A-平鎮倉,61755 韓商現代工程股份有限公司台灣分公司,8.0,59.7,328,桃園市觀音區,桃園市觀音區電廠路1號(大潭電廠)-出入需換證件,1,RT202500009997,,1.0,25.033278,121.051778,1450,W2,2424,Hsinchu,PZ,2,16.0,7
5A-平鎮倉,61755 韓商現代工程股份有限公司台灣分公司,8.0,59.7,328,桃園市觀音區,桃園市觀音區電廠路1號(大潭電廠)-出入需換證件,1,RT202500009997,,1.0,25.033278,121.051778,1450,W2,2425,Hsinchu,PZ,2,16.0,7
5A-平鎮倉,61755 韓商現代工程股份有限公司台灣分公司,8.0,59.7,328,桃園市觀音區,桃園市觀音區電廠路1號(大潭電廠)-出入需換證件,1,RT202500009997,,1.0,25.033278,121.051778,1450,W2,2426,Hsinchu,PZ,2,16.0,7
5A-平鎮倉,61755 韓商現代工程股份有限公司台灣分公司,8.0,59.7,328,桃園市觀音區,桃園市觀音區電廠路1號(大潭電廠)-出入需換證件,1,RT202500009997,,1.0,25.033278,121.051778,1450,W2,2427,Hsinchu,PZ,2,16.0,7
5A-平鎮倉,62505 鴻漢營造有限公司,8.0,62.2,328,桃園市觀音區,桃園市觀音區電廠路1號(大潭電廠)-需帶雙證件,1,RT20250000012717,1.0,,25.0238,121.048316,1450,W1,2428,Hsinchu,PZ,1,8.0,7
5A-平鎮倉,61709 峻榮營造工程有限公司,8.0,64.4,328,桃園市觀音區,桃園市觀音區電廠路1號(大潭電廠南門)-電聯定位,1,RT20250000013335,1.0,,25.022409,121.045277,1450,W1,2429,Hsinchu,PZ,1,8.0,7
5A-平鎮倉,61709 峻榮營造工程有限公司,8.0,64.4,328,桃園市觀音區,桃園市觀音區電廠路1號(大潭電廠南門)-電聯定位,1,RT20250000013335,1.0,,25.022409,121.045277,1450,W1,2430,Hsinchu,PZ,1,8.0,7
5A-平鎮倉,71210 永松建設-496地號,8.0,66.3,328,桃園市觀音區,桃園市觀音區保生九街&大潭五路,1,RT20250000012802,1.0,,25.024725,121.055225,1450,W1,2431,Hsinchu,PZ,1,8.0,7
5A-平鎮倉,76465 耀悅建設-保生九街,8.0,66.3,328,桃園市觀音區,桃園市觀音區保生九街89號對面,1,RT202500005319,1.0,,25.025395,121.05565,1450,W1,2432,Hsinchu,PZ,1,8.0,7
5A-平鎮倉,72687 世霖-觀音39地號,8.0,66.6,328,桃園市觀音區,桃園市觀音區保生十街260號,1,RT202400003930,1.0,,25.027003,121.0572,1450,W1,2433,Hsinchu,PZ,1,8.0,7
5A-平鎮倉,75974 正燿開發-觀音,8.0,67.0,328,桃園市觀音區,桃園市觀音區保生二街107號,1,RT202500002967,1.0,,25.025523,121.059214,1450,W1,2434,Hsinchu,PZ,1,8.0,7
5A-平鎮倉,75974 正燿開發-觀音,8.0,67.0,328,桃園市觀音區,桃園市觀音區保生二街107號,1,RT202500002967,1.0,,25.025523,121.059214,1450,W1,2435,Hsinchu,PZ,1,8.0,7
5A-平鎮倉,76858 建銘營造-物流園區,8.0,68.7,328,桃園市觀音區,桃園市觀音區濱海路保生段306巷,1,RT202500007148,1.0,,25.018398,121.04963,1450,W1,2436,Hsinchu,PZ,1,8.0,7
5A-平鎮倉,76858 建銘營造-物流園區,8.0,68.7,328,桃園市觀音區,桃園市觀音區濱海路保生段306巷,1,RT202500007148,1.0,,25.018398,121.04963,1450,W1,2437,Hsinchu,PZ,1,8.0,7
5A-平鎮倉,76858 建銘營造-物流園區,8.0,68.7,328,桃園市觀音區,桃園市觀音區濱海路保生段306巷,1,RT202500007148,1.0,,25.018398,121.04963,1450,W1,2438,Hsinchu,PZ,1,8.0,7
5A-平鎮倉,76858 建銘營造-物流園區,8.0,68.9,328,桃園市觀音區,桃園市觀音區濱海路保生段306巷,1,RT202500007147,1.0,,25.019231,121.049511,1450,W1,2439,Hsinchu,PZ,1,8.0,7
5A-平鎮倉,75595 六坊室內-峨眉鄉,8.0,53.26,315,新竹縣峨眉鄉,"新竹縣峨眉鄉中盛村2鄰中興57之6號-24°41'30.4""N 121°01'55.1""E",1,RT20250000012111,1.0,,24.691572,121.031936,1650,W1,2440,Hsinchu,PZ,1,8.0,0
5A-平鎮倉,75646 松揚營造-寶山國中莒光分部,8.0,61.06,308,新竹縣寶山鄉,新竹縣寶山鄉新湖路一段386號,1,RT202500001635,1.0,,24.737202,121.02562,1660,W1,2441,Hsinchu,PZ,1,8.0,0
5A-平鎮倉,76142 崧淯工程-寶山,8.0,64.67,308,新竹縣寶山鄉,新竹縣寶山鄉寶峰路225號旁,1,RT202500003808,1.0,,24.740558,121.005358,1660,W1,2442,Hsinchu,PZ,1,8.0,9
5A-平鎮倉,71804 晉園工程股份有限公司,8.0,66.83,308,新竹縣寶山鄉,新竹縣寶山鄉三峰路一段269號,1,RT202500006676,1.0,,24.726731,120.998911,1660,W1,2443,Hsinchu,PZ,1,8.0,9
5A-平鎮倉,76879 達欣工程-台積電-雙龍料場,8.0,71.1,308,新竹縣寶山鄉,新竹縣寶山鄉大雅一街110號-會分散擺放-雙龍料廠,1,RT202500007219,,1.0,24.753347,121.002864,1660,W2,2444,Hsinchu,PZ,2,16.0,9
5A-平鎮倉,76879 達欣工程-台積電-雙龍料場,8.0,71.1,308,新竹縣寶山鄉,新竹縣寶山鄉大雅一街110號-會分散擺放-雙龍料廠,1,RT202500007219,,1.0,24.753347,121.002864,1660,W2,2445,Hsinchu,PZ,2,16.0,9
5A-平鎮倉,77480 德昌營造股份有限公司,8.0,71.84,308,新竹縣寶山鄉,新竹縣寶山鄉雙龍路206號工地,1,RT20250000010076,1.0,,24.759497,121.002108,1660,W1,2446,Hsinchu,PZ,1,8.0,9
5A-平鎮倉,68263 雙喜營造-寶山,8.0,73.03,308,新竹縣寶山鄉,新竹縣寶山鄉三峰路2段104巷,1,RT20240000014856,1.0,,24.760925,120.998694,1660,W1,2447,Hsinchu,PZ,1,8.0,9
5A-平鎮倉,68263 雙喜營造-寶山,8.0,73.03,308,新竹縣寶山鄉,新竹縣寶山鄉三峰路2段104巷,1,RT20240000014856,1.0,,24.760925,120.998694,1660,W1,2448,Hsinchu,PZ,1,8.0,9
5A-平鎮倉,68263 雙喜營造-寶山,8.0,73.03,308,新竹縣寶山鄉,新竹縣寶山鄉三峰路2段104巷(電聯帶定位到大崎廟橋旁),1,RT20240000014857,1.0,,24.760925,120.998694,1660,W1,2449,Hsinchu,PZ,1,8.0,9
5A-平鎮倉,68263 雙喜營造-寶山,8.0,73.03,308,新竹縣寶山鄉,新竹縣寶山鄉三峰路2段104巷(電聯帶定位到大崎廟橋旁),1,RT20240000014857,1.0,,24.760925,120.998694,1660,W1,2450,Hsinchu,PZ,1,8.0,9
5A-平鎮倉,68263 雙喜營造-寶山,8.0,73.03,308,新竹縣寶山鄉,新竹縣寶山鄉三峰路2段104巷(電聯帶定位到大崎廟橋旁),1,RT20240000014857,1.0,,24.760925,120.998694,1660,W1,2451,Hsinchu,PZ,1,8.0,9
5A-平鎮倉,68263 雙喜營造-寶山,8.0,73.03,308,新竹縣寶山鄉,新竹縣寶山鄉三峰路2段104巷,1,RT20240000014856,1.0,,24.760925,120.998694,1660,W1,2452,Hsinchu,PZ,1,8.0,9
5A-平鎮倉,73416 啟成系統-亞東氣體,8.0,73.11,308,新竹縣寶山鄉,新竹縣寶山鄉大雅一街101號-亞東氣體,1,RT20250000012977,1.0,,24.760531,121.0015,1660,W1,2453,Hsinchu,PZ,1,8.0,9
5A-平鎮倉,73416 啟成系統-亞東氣體,8.0,73.11,308,新竹縣寶山鄉,新竹縣寶山鄉大雅一街101號-亞東氣體,1,RT20250000012977,1.0,,24.760531,121.0015,1660,W1,2454,Hsinchu,PZ,1,8.0,9
5A-平鎮倉,73416 啟成系統-亞東氣體,8.0,73.11,308,新竹縣寶山鄉,新竹縣寶山鄉大雅一街101號-亞東氣體,1,RT20250000012977,1.0,,24.760531,121.0015,1660,W1,2455,Hsinchu,PZ,1,8.0,9
5A-平鎮倉,73416 啟成系統-亞東氣體,8.0,73.11,308,新竹縣寶山鄉,新竹縣寶山鄉大雅一街101號-亞東氣體,1,RT20250000012977,1.0,,24.760531,121.0015,1660,W1,2456,Hsinchu,PZ,1,8.0,9
5A-平鎮倉,75477 沅珅科技-亞東氣體,8.0,73.3,308,新竹縣寶山鄉,新竹縣寶山鄉大雅一街105號-亞東氣體,1,RT2025000920,1.0,,24.761933,121.000947,1660,W1,2457,Hsinchu,PZ,1,8.0,9
5A-平鎮倉,70298 金樹營造-竹科TSMC,8.0,73.3,308,新竹縣寶山鄉,新竹縣寶山鄉大雅一街101號隔壁,1,RT20250000012783,1.0,,24.761864,121.001142,1660,W1,2458,Hsinchu,PZ,1,8.0,9
5A-平鎮倉,70298 金樹營造-竹科TSMC,8.0,73.3,308,新竹縣寶山鄉,新竹縣寶山鄉大雅一街101號隔壁,1,RT20250000012783,1.0,,24.761864,121.001142,1660,W1,2459,Hsinchu,PZ,1,8.0,9
5A-平鎮倉,70298 金樹營造-竹科TSMC,8.0,73.3,308,新竹縣寶山鄉,新竹縣寶山鄉大雅一街101號隔壁,1,RT20250000012783,1.0,,24.761864,121.001142,1660,W1,2460,Hsinchu,PZ,1,8.0,9
5A-平鎮倉,70298 金樹營造-竹科TSMC,8.0,73.3,308,新竹縣寶山鄉,新竹縣寶山鄉大雅一街101號隔壁,1,RT20250000012783,1.0,,24.761864,121.001142,1660,W1,2461,Hsinchu,PZ,1,8.0,9
5A-平鎮倉,77013 達欣工程-台積電-環南上料場,8.0,74.4,308,新竹縣寶山鄉,新竹縣寶山鄉大雅一街110號-會分散擺放-環南上料場,1,RT202500007810,,1.0,24.760758,120.991475,1660,W2,2462,Hsinchu,PZ,2,16.0,9
5A-平鎮倉,77014 達欣工程-台積電-環南下料場,8.0,74.59,308,新竹縣寶山鄉,新竹縣寶山鄉大雅一街110號-會分散擺放-環南下料場,1,RT202500007811,,1.0,24.761319,120.990691,1660,W2,2463,Hsinchu,PZ,2,16.0,9
5A-平鎮倉,77011 達欣工程-台積電-湳坑料場,8.0,74.74,308,新竹縣寶山鄉,新竹縣寶山鄉大雅一街110號-會分散擺放-湳坑料場,1,RT202500007807,,1.0,24.762525,120.990289,1660,W2,2464,Hsinchu,PZ,2,16.0,9
5A-平鎮倉,70531 互助營造-第二料場,8.0,75.35,308,新竹縣寶山鄉,新竹縣寶山鄉環南路101號斜對面,1,RT202500006161,1.0,,24.761028,120.988055,1660,W1,2465,Hsinchu,PZ,1,8.0,9
5A-平鎮倉,70875 互助營造-第二料場,8.0,75.35,308,新竹縣寶山鄉,新竹縣寶山鄉環南路101號斜對面,1,RT202500006980,1.0,,24.761028,120.988055,1660,W1,2466,Hsinchu,PZ,1,8.0,9
5A-平鎮倉,69340 世乾開發,8.0,76.69,308,新竹縣寶山鄉,新竹縣寶山鄉雙豐二街附近工地,1,RT20250000013716,1.0,,24.767325,120.988722,1660,W1,2467,Hsinchu,PZ,1,8.0,9
5A-平鎮倉,71456 皇量營造-寶山,8.0,77.36,308,新竹縣寶山鄉,新竹縣寶山鄉環北路303號,1,RT20250000010144,1.0,,24.767298,120.983372,1660,W1,2468,Hsinchu,PZ,1,8.0,9
5A-平鎮倉,77012 達欣工程-台積電-環北料場,8.0,78.63,308,新竹縣寶山鄉,新竹縣寶山鄉大雅一街110號-會分散擺放-環北料場,1,RT202500007808,,1.0,24.769023,120.993325,1660,W2,2469,Hsinchu,PZ,2,16.0,9
5A-平鎮倉,77012 達欣工程-台積電-環北料場,8.0,78.63,308,新竹縣寶山鄉,新竹縣寶山鄉大雅一街110號-會分散擺放-環北料場,1,RT202500007808,,1.0,24.769023,120.993325,1660,W2,2470,Hsinchu,PZ,2,16.0,9
5A-平鎮倉,70024 長泰營造-寶山鄉,8.0,79.56,308,新竹縣寶山鄉,新竹縣寶山鄉雙園路二段39號,1,RT202500007249,1.0,,24.768825,120.99605,1660,W1,2471,Hsinchu,PZ,1,8.0,9
5A-平鎮倉,70024 長泰營造-寶山鄉,8.0,79.56,308,新竹縣寶山鄉,新竹縣寶山鄉雙園路二段39號,1,RT202500007249,1.0,,24.768825,120.99605,1660,W1,2472,Hsinchu,PZ,1,8.0,9
5A-平鎮倉,70024 長泰營造-寶山鄉,8.0,79.56,308,新竹縣寶山鄉,新竹縣寶山鄉雙園路二段39號,1,RT202500007249,1.0,,24.768825,120.99605,1660,W1,2473,Hsinchu,PZ,1,8.0,9
5A-平鎮倉,66241 新翔駿-寶山,8.0,80.09,308,新竹縣寶山鄉,新竹縣寶山鄉大雅三街66旁,1,RT202500007727,1.0,,24.767348,121.000628,1660,W1,2474,Hsinchu,PZ,1,8.0,0
5A-平鎮倉,66241 新翔駿-寶山,8.0,80.09,308,新竹縣寶山鄉,新竹縣寶山鄉大雅三街66旁,1,RT202500007727,1.0,,24.767348,121.000628,1660,W1,2475,Hsinchu,PZ,1,8.0,0
5A-平鎮倉,77015 達欣工程-台積電-雙園料場,8.0,80.34,308,新竹縣寶山鄉,新竹縣寶山鄉大雅一街110號-會分散擺放-雙園料場,1,RT202500007812,,1.0,24.767645,120.997675,1660,W2,2476,Hsinchu,PZ,2,16.0,9
5A-平鎮倉,77015 達欣工程-台積電-雙園料場,8.0,80.34,308,新竹縣寶山鄉,新竹縣寶山鄉大雅一街110號-會分散擺放-雙園料場,1,RT202500007812,,1.0,24.767645,120.997675,1660,W2,2477,Hsinchu,PZ,2,16.0,9
5A-平鎮倉,78318 田鼎營造-新竹科學園區,8.0,82.71,308,新竹縣寶山鄉,新竹縣寶山鄉研新一路8號-新竹市科學園區,1,RT20250000013692,1.0,,24.775156,120.989544,1660,W1,2478,Hsinchu,PZ,1,8.0,9
5A-平鎮倉,76626 蘇建興-銜接#67482,8.0,85.15,308,新竹縣寶山鄉,新竹縣寶山鄉工業東九路,1,RT202500006089,1.0,,24.772603,121.004275,1660,W1,2479,Hsinchu,PZ,1,8.0,0
5A-平鎮倉,76626 蘇建興-銜接#67482,8.0,85.15,308,新竹縣寶山鄉,新竹縣寶山鄉工業東九路,1,RT202500006089,1.0,,24.772603,121.004275,1660,W1,2480,Hsinchu,PZ,1,8.0,0
5A-平鎮倉,77742 玄通營造-寶山鄉雙龍段,8.0,87.46,308,新竹縣寶山鄉,新竹縣寶山鄉大雅路二段近啟德廠-雙龍段296號-電聯定位,1,RT20250000011284,,1.0,24.759969,121.002558,1660,W2,2481,Hsinchu,PZ,2,16.0,9
5A-平鎮倉,77742 玄通營造-寶山鄉雙龍段,8.0,87.46,308,新竹縣寶山鄉,新竹縣寶山鄉大雅路二段近啟德廠-雙龍段296號-電聯定位,1,RT20250000011284,,1.0,24.759969,121.002558,1660,W2,2482,Hsinchu,PZ,2,16.0,0
5A-平鎮倉,72732 宥塍-大雅路二段,8.0,87.46,308,新竹縣寶山鄉,"新竹縣寶山鄉大雅路二段141號24°45'33.4""N 121°00'13.8""E",1,RT20250000012315,1.0,,24.7591,121.003511,1660,W1,2483,Hsinchu,PZ,1,8.0,0
5A-平鎮倉,68302 啟德機械-五廠,8.0,88.22,308,新竹縣寶山鄉,新竹縣寶山鄉大雅路２段140巷7號(寶山交流道旁啟德工地),1,RT20250000013552,1.0,,24.758808,121.010319,1660,W1,2484,Hsinchu,PZ,1,8.0,0
5A-平鎮倉,68302 啟德機械-五廠,8.0,88.22,308,新竹縣寶山鄉,新竹縣寶山鄉大雅路２段140巷7號(寶山交流道旁啟德工地),1,RT20250000013552,1.0,,24.758808,121.010319,1660,W1,2485,Hsinchu,PZ,1,8.0,0
5A-平鎮倉,76181 奎富建設-寶山,8.0,92.38,308,新竹縣寶山鄉,新竹縣寶山鄉寶山十街13號隔壁隔壁,1,RT202500003876,1.0,,24.750481,121.017431,1660,W1,2486,Hsinchu,PZ,1,8.0,0
5A-平鎮倉,73177 承鉌-峨嵋E/S,8.0,103.32,315,新竹縣峨眉鄉,新竹縣峨眉鄉竹43鄉道15號-峨嵋高壓變電所,1,RT20250000012427,1.0,,24.6922,120.9867,1650,W1,2487,Hsinchu,PZ,1,8.0,9
5A-平鎮倉,73662 大將作營造-紫雲街,8.0,54.89,110,臺北市信義區,臺北市信義區紫雲街71號,1,RT20240000010429,1.0,,25.015739,121.576286,1345,W1,2488,Taipei,WG,1,8.0,8
5A-平鎮倉,74331 保利開發-青雲街,8.0,56.22,110,臺北市信義區,臺北市信義區青雲街36巷9號,1,RT20250000010682,1.0,,25.01857,121.578442,1345,W1,2489,Taipei,WG,1,8.0,8
5A-平鎮倉,71017 冠洋營造-吳興街,8.0,57.7,110,臺北市信義區,臺北市信義區吳興街600巷76弄129號,1,RT20230000012822,1.0,,25.017606,121.569381,1345,W1,2490,Taipei,WG,1,8.0,8
5A-平鎮倉,77171 閤勝營造-銜接#74759,8.0,60.02,110,臺北市信義區,臺北市信義區吳興街284巷36弄-附座標-銜接#74759,1,RT202500008809,1.0,,25.022425,121.562603,1345,W1,2491,Taipei,WG,1,8.0,8
5A-平鎮倉,60696 龍巖-信義區崇德街,8.0,61.43,110,臺北市信義區,臺北市信義區崇德街146巷81號旁空地,1,RT202500001572,1.0,,25.022028,121.558958,1345,W1,2492,Taipei,WG,1,8.0,8
5A-平鎮倉,73774 群盛建設-松山,8.0,65.21,105,臺北市松山區,臺北市松山區光復北路120巷10號,1,RT202500007764,1.0,,25.050958,121.557442,1340,W1,2493,Taipei,WG,1,8.0,8
5A-平鎮倉,71114 安固營造-光復北路,13.0,65.24,105,臺北市松山區,臺北市松山區光復北路120巷9號旁,4,RT202500005052,1.0,,25.051089,121.557075,1340,W1,2494,Taipei,WG,1,13.0,8
5A-平鎮倉,71114 安固營造-光復北路,8.0,65.24,105,臺北市松山區,臺北市松山區光復北路120巷9號旁,1,RT202500005208,,1.0,25.051089,121.557075,1340,W2,2495,Taipei,WG,2,16.0,8
5A-平鎮倉,75900 一百-松山區,8.0,66.36,105,臺北市松山區,臺北市松山區南京東路五段251巷29號,1,RT202500009853,1.0,,25.052942,121.564625,1340,W1,2496,Taipei,WG,1,8.0,8
5A-平鎮倉,70869 合聯-信義麗心,8.0,67.98,110,臺北市信義區,臺北市信義區松隆路42號旁,1,RT20250000011867,1.0,,25.043925,121.568039,1345,W1,2497,Taipei,WG,1,8.0,8
5A-平鎮倉,70869 合聯-信義麗心,8.0,67.98,110,臺北市信義區,臺北市信義區松隆路42號旁,1,RT20250000011867,1.0,,25.043925,121.568039,1345,W1,2498,Taipei,WG,1,8.0,8
5A-平鎮倉,76350 宏民營造-永吉路拆除案,8.0,68.93,110,臺北市信義區,臺北市信義區永吉路328號,1,RT202500007915,1.0,,25.04485,121.576192,1345,W1,2499,Taipei,WG,1,8.0,8
5A-平鎮倉,76350 宏民營造-永吉路拆除案,8.0,68.93,110,臺北市信義區,臺北市信義區永吉路328號,1,RT202500007915,1.0,,25.04485,121.576192,1345,W1,2500,Taipei,WG,1,8.0,8
5A-平鎮倉,76522 弘原營造-松德路二期,8.0,69.92,110,臺北市信義區,臺北市信義區松德路88號-2期,1,RT202500005606,1.0,,25.038144,121.576323,1345,W1,2501,Taipei,WG,1,8.0,8
5A-平鎮倉,71790 吉宗營造,8.0,70.64,110,臺北市信義區,臺北市信義區忠孝東路５段345巷12號,1,RT20250000014019,1.0,,25.041814,121.573973,1345,W1,2502,Taipei,WG,1,8.0,8
5A-平鎮倉,76507 億東營造-松河街,8.0,72.02,105,臺北市松山區,臺北市松山區松河街6號,1,RT202500005520,1.0,,25.051281,121.571184,1340,W1,2503,Taipei,WG,1,8.0,8
5A-平鎮倉,66019 更新會-松山區,8.0,73.16,105,臺北市松山區,臺北市松山區八德路４段169號跟171號(原京華城對面工地),1,RT20250000013343,1.0,,25.049152,121.562628,1340,W1,2504,Taipei,WG,1,8.0,8
5A-平鎮倉,66019 更新會-松山區,8.0,73.16,105,臺北市松山區,臺北市松山區八德路４段169號跟171號(原京華城對面工地),1,RT20250000013343,1.0,,25.049152,121.562628,1340,W1,2505,Taipei,WG,1,8.0,8
5A-平鎮倉,74512 瑞恆營造-九榮實業,8.0,74.94,105,臺北市松山區,臺北市松山區八德路二段437巷8弄9號,1,RT20240000011737,1.0,,25.049225,121.546672,1340,W1,2506,Taipei,WG,1,8.0,8
5A-平鎮倉,75564 中麟營造-臺北長庚,12.0,76.42,105,臺北市松山區,臺北市松山區敦化北路199號-臺北長庚,4,RT202500001403,1.0,,25.055439,121.549236,1340,W1,2507,Taipei,WG,1,12.0,8
5A-平鎮倉,75564 中麟營造-臺北長庚,12.0,76.42,105,臺北市松山區,臺北市松山區敦化北路199號-臺北長庚,4,RT202500001403,1.0,,25.055439,121.549236,1340,W1,2508,Taipei,WG,1,12.0,8
5A-平鎮倉,75564 中麟營造-臺北長庚,12.0,76.42,105,臺北市松山區,臺北市松山區敦化北路199號-臺北長庚,7,RT202500001403,1.0,,25.055439,121.549236,1340,W1,2509,Taipei,WG,1,12.0,8
5A-平鎮倉,75564 中麟營造-臺北長庚,12.0,76.42,105,臺北市松山區,臺北市松山區敦化北路199號-臺北長庚,7,RT202500001403,1.0,,25.055439,121.549236,1340,W1,2510,Taipei,WG,1,12.0,8
5A-平鎮倉,75564 中麟營造-臺北長庚,12.0,76.42,105,臺北市松山區,臺北市松山區敦化北路199號-臺北長庚,10,RT202500001403,1.0,,25.055439,121.549236,1340,W1,2511,Taipei,WG,1,12.0,8
5A-平鎮倉,75564 中麟營造-臺北長庚,12.0,76.42,105,臺北市松山區,臺北市松山區敦化北路199號-臺北長庚,10,RT202500001403,1.0,,25.055439,121.549236,1340,W1,2512,Taipei,WG,1,12.0,8
5A-平鎮倉,78126 十?工程-台北長庚,8.0,76.42,105,臺北市松山區,臺北市松山區敦化北路199號-台北長庚,1,RT20250000012946,1.0,,25.055442,121.549236,1340,W1,2513,Taipei,WG,1,8.0,8
5A-平鎮倉,75564 中麟營造-臺北長庚,8.0,76.43,105,臺北市松山區,臺北市松山區敦化北路199號,1,RT202500001343,1.0,,25.055522,121.549236,1340,W1,2514,Taipei,WG,1,8.0,8
5A-平鎮倉,75564 中麟營造-臺北長庚,8.0,76.43,105,臺北市松山區,臺北市松山區敦化北路199號,1,RT202500001343,1.0,,25.055522,121.549236,1340,W1,2515,Taipei,WG,1,8.0,8
5A-平鎮倉,75564 中麟營造-臺北長庚,8.0,76.43,105,臺北市松山區,臺北市松山區敦化北路199號,1,RT202500001343,1.0,,25.055522,121.549236,1340,W1,2516,Taipei,WG,1,8.0,8
5A-平鎮倉,75564 中麟營造-臺北長庚,8.0,76.43,105,臺北市松山區,臺北市松山區敦化北路199號,1,RT202500001343,1.0,,25.055522,121.549236,1340,W1,2517,Taipei,WG,1,8.0,8
5A-平鎮倉,75564 中麟營造-臺北長庚,8.0,76.43,105,臺北市松山區,臺北市松山區敦化北路199號,1,RT202500001343,1.0,,25.055522,121.549236,1340,W1,2518,Taipei,WG,1,8.0,8
5A-平鎮倉,75564 中麟營造-臺北長庚,8.0,76.43,105,臺北市松山區,臺北市松山區敦化北路199號,1,RT202500001343,1.0,,25.055522,121.549236,1340,W1,2519,Taipei,WG,1,8.0,8
5A-平鎮倉,77346 璞承營造-民生東路,8.0,77.02,105,臺北市松山區,臺北市松山區民生東路三段111號工地,1,RT202500009407,1.0,,25.0578,121.545944,1340,W1,2520,Taipei,WG,1,8.0,8
5A-平鎮倉,77346 璞承營造-民生東路,8.0,77.02,105,臺北市松山區,臺北市松山區民生東路三段111號工地,1,RT202500009407,1.0,,25.0578,121.545944,1340,W1,2521,Taipei,WG,1,8.0,8
5A-平鎮倉,73787 逢昌營造-空總,8.0,79.01,105,臺北市松山區,臺北市松山區南京東路四段53巷11弄8號,1,RT202500008371,1.0,,25.05335,121.55045,1340,W1,2522,Taipei,WG,1,8.0,8
5A-平鎮倉,58587 新亞建設-I基地,8.0,92.58,116,臺北市文山區,臺北市文山區興隆路４段109巷工地-電聯定位,1,RT20250000013578,,1.0,24.987186,121.561656,1355,W2,2523,Taipei,WG,2,16.0,1
5A-平鎮倉,58587 新亞建設-I基地,8.0,92.58,116,臺北市文山區,臺北市文山區興隆路４段109巷工地-電聯定位,1,RT20250000013578,,1.0,24.987186,121.561656,1355,W2,2524,Taipei,WG,2,16.0,1
5A-平鎮倉,58587 新亞建設-I基地,8.0,92.58,116,臺北市文山區,臺北市文山區興隆路４段109巷工地-電聯定位,1,RT20250000013578,,1.0,24.987186,121.561656,1355,W2,2525,Taipei,WG,2,16.0,1
5A-平鎮倉,76467 征昌-龍山街,8.0,17.66,334,桃園市八德區,桃園市桃園區(近中壢)龍山街218巷2號,1,RT202500005322,1.0,,24.981736,121.261531,1425,W1,2526,Taiwan,PZ,1,8.0,13
5A-平鎮倉,75868 皇林工程-茄苳埤塘,8.0,20.81,334,桃園市八德區,桃園市八德區東泰街283號283-15號前廣場,1,RT202500002599,,1.0,24.963706,121.272606,1425,W2,2527,Taiwan,PZ,2,16.0,10
5A-平鎮倉,72224 灣比岱環境工程有限公司,8.0,21.18,334,桃園市八德區,桃園市八德區東泰街(茄苳里埤塘公園)寶豐街,1,RT2025000191,,1.0,24.966831,121.272861,1425,W2,2528,Taiwan,PZ,2,16.0,10
5A-平鎮倉,74191 伯皇營造-葉碧玲,8.0,23.03,334,桃園市八德區,桃園市八德區成功街346巷15號(黃碧珍),1,RT20250000013561,1.0,,24.962792,121.285819,1425,W1,2529,Taiwan,PZ,1,8.0,10
5A-平鎮倉,75293 友宬工程-護國宮,8.0,24.13,334,桃園市八德區,桃園市桃園區(八德區))國際路一段401巷123號-護國宮,1,RT202504,1.0,,24.966258,121.289544,1425,W1,2530,Taiwan,PZ,1,8.0,10
5A-平鎮倉,73744 銘陽營造-建新教會,8.0,25.06,334,桃園市八德區,桃園市桃園區(近八德)國際路一段485巷31號附近工地,1,RT202500009414,1.0,,24.972684,121.2882,1425,W1,2531,Taiwan,PZ,1,8.0,10
5A-平鎮倉,67988 立穩營造-八德區正福一街,8.0,26.32,334,桃園市八德區,桃園市八德區正福一街52號旁-從後門工務所進入,1,RT20250000011613,1.0,,24.970336,121.297691,1425,W1,2532,Taiwan,PZ,1,8.0,10
5A-平鎮倉,77713 穩曜營造-忠勇五街,8.0,27.41,334,桃園市八德區,桃園市八德區忠勇五街130號旁,1,RT20250000011226,1.0,,24.966703,121.304642,1425,W1,2533,Taoyuan,PZ,1,8.0,10
5A-平鎮倉,77713 穩曜營造-忠勇五街,8.0,27.41,334,桃園市八德區,桃園市八德區忠勇五街130號旁,1,RT20250000011226,1.0,,24.966703,121.304642,1425,W1,2534,Taoyuan,PZ,1,8.0,10
5A-平鎮倉,78127 波佳營造,8.0,27.68,334,桃園市八德區,桃園市八德區忠勇六街-兒童公園,1,RT20250000012947,1.0,,24.965594,121.306144,1425,W1,2535,Taoyuan,PZ,1,8.0,10
5A-平鎮倉,75800 澄駒國際車業,8.0,28.64,334,桃園市八德區,桃園市八德區東勇街490巷36號,1,RT202500002299,1.0,,24.968159,121.310981,1425,W1,2536,Taoyuan,PZ,1,8.0,10
5A-平鎮倉,78359 忠謀營造-八德區,8.0,30.64,334,桃園市八德區,桃園市八德區和平路825巷4弄13號旁-中華段1971.1983地號,1,RT20250000013945,1.0,,24.959117,121.318331,1425,W1,2537,Taoyuan,PZ,1,8.0,10
5A-平鎮倉,62569 海喬建設-八德,8.0,31.14,334,桃園市八德區,桃園市八德區和平路772巷底工地-電聯定位,1,RT202500008056,1.0,,24.955992,121.319514,1425,W1,2538,Taoyuan,PZ,1,8.0,10
5A-平鎮倉,62569 海喬建設-八德,8.0,31.14,334,桃園市八德區,桃園市八德區和平路772巷底工地-電聯定位,1,RT202500008056,1.0,,24.955992,121.319514,1425,W1,2539,Taoyuan,PZ,1,8.0,10
5A-平鎮倉,75362 利好企業社-名超公司,8.0,32.05,334,桃園市八德區,桃園市八德區後庄街51號-名超公司,1,RT2025000321,1.0,,24.955981,121.325409,1425,W1,2540,Taoyuan,PZ,1,8.0,10
5A-平鎮倉,74815 達龍營造-隆玥國際,8.0,33.73,334,桃園市八德區,桃園市八德區興豐路2350巷501號,1,RT20250000012265,1.0,,24.944961,121.325948,1425,W1,2541,Taoyuan,PZ,1,8.0,10
5A-平鎮倉,76999 丞洋營造-八德區,8.0,35.51,334,桃園市八德區,桃園市八德區長安街306號旁工地,1,RT202500007724,1.0,,24.951061,121.317175,1425,W1,2542,Taoyuan,PZ,1,8.0,10
5A-平鎮倉,75527 家那大建設-家那大18期,8.0,36.33,334,桃園市八德區,桃園市八德區和平路566巷口,1,RT202500001231,1.0,,24.956903,121.313558,1425,W1,2543,Taoyuan,PZ,1,8.0,10
5A-平鎮倉,77252 朝陽營造-好食在,8.0,37.1,334,桃園市八德區,桃園市八德區榮興路130號,1,RT202500009041,1.0,,24.953264,121.310414,1425,W1,2544,Taoyuan,PZ,1,8.0,10
5A-平鎮倉,73809 威臺營造-八德泰昌國聖,8.0,37.86,334,桃園市八德區,桃園市八德區指玄街288巷30號旁工地,1,RT202500008047,1.0,,24.9547,121.306494,1425,W1,2545,Taoyuan,PZ,1,8.0,10
5A-平鎮倉,73809 威臺營造-八德泰昌國聖,8.0,37.86,334,桃園市八德區,桃園市八德區指玄街288巷30號旁工地,1,RT202500008027,1.0,,24.954703,121.306497,1425,W1,2546,Taoyuan,PZ,1,8.0,10
5A-平鎮倉,75019 嘉源營造-八德,8.0,37.97,334,桃園市八德區,桃園市八德區和平路276巷39弄,1,RT20250000013296,1.0,,24.955519,121.307186,1425,W1,2547,Taoyuan,PZ,1,8.0,10
5A-平鎮倉,75776 永倡營造-保全倉儲,8.0,38.21,334,桃園市八德區,桃園市八德區重慶街&重慶街198巷交叉,1,RT202500002195,1.0,,24.955894,121.305281,1425,W1,2548,Taoyuan,PZ,1,8.0,10
5A-平鎮倉,76778 睿騏營造-八德重慶街,8.0,38.53,334,桃園市八德區,"桃園市八德區重慶街150巷34號, 附圖",1,RT202500006893,1.0,,24.954997,121.303064,1425,W1,2549,Taoyuan,PZ,1,8.0,10
5A-平鎮倉,75651 椿城工程-鉦麒八德案,8.0,39.16,334,桃園市八德區,桃園市八德區和平路31號,1,RT202500001645,1.0,,24.957622,121.300244,1425,W1,2550,Taiwan,PZ,1,8.0,10
5A-平鎮倉,77968 呈豐營造-大成段,8.0,39.5,334,桃園市八德區,桃園市八德區建國路1165號旁工地,1,RT20250000012247,1.0,,24.957,121.296989,1425,W1,2551,Taiwan,PZ,1,8.0,10
5A-平鎮倉,75059 宏福-八德,8.0,40.5,334,桃園市八德區,桃園市八德區廣福路356號,1,RT20240000014138,1.0,,24.959639,121.290583,1425,W1,2552,Taiwan,PZ,1,8.0,10
5A-平鎮倉,75762 元臺-八德,8.0,42.0,334,桃園市八德區,桃園市八德區建國路700號,1,RT202500002102,1.0,,24.949486,121.290108,1425,W1,2553,Taiwan,PZ,1,8.0,10
5A-平鎮倉,75762 元臺-八德,8.0,42.07,334,桃園市八德區,桃園市八德區建國路700號,1,RT202500005837,1.0,,24.949094,121.290866,1425,W1,2554,Taiwan,PZ,1,8.0,10
5A-平鎮倉,75762 元臺-八德,8.0,42.07,334,桃園市八德區,桃園市八德區建國路700號,1,RT202500005837,1.0,,24.949094,121.290866,1425,W1,2555,Taiwan,PZ,1,8.0,10
5A-平鎮倉,73665 慶源營造-極霖鐳射,8.0,42.94,334,桃園市八德區,桃園市八德區介壽路二段252巷71弄,1,RT202400008186,1.0,,24.949969,121.295358,1425,W1,2556,Taiwan,PZ,1,8.0,10
5A-平鎮倉,73460 閤勝營造-八德,8.0,43.58,334,桃園市八德區,桃園市八德區介壽路二段361巷19弄18號,1,RT20250000012844,1.0,,24.948127,121.298397,1425,W1,2557,Taiwan,PZ,1,8.0,10
5A-平鎮倉,68678 廣德-興豐段1792地號,8.0,45.44,334,桃園市八德區,桃園市八德區介壽路2段1022巷16號旁,1,RT202500001386,1.0,,24.932986,121.296614,1425,W1,2558,Taiwan,PZ,1,8.0,10
5A-平鎮倉,68678 廣德-興豐段1792地號,8.0,45.44,334,桃園市八德區,桃園市八德區介壽路2段1022巷16號旁,1,RT202500001385,1.0,,24.932978,121.29658,1425,W1,2559,Taiwan,PZ,1,8.0,10
5A-平鎮倉,78416 泰貿豐營造-介壽路二段,8.0,46.27,334,桃園市八德區,桃園市八德區介壽路二段1360號,1,RT20250000014138,1.0,,24.926673,121.296602,1425,W1,2560,Taiwan,PZ,1,8.0,10
5A-平鎮倉,60765 大陸工程-G02,8.0,48.41,334,桃園市八德區,桃園市八德區豐田路(附座標+照片定位),1,RT20240000014510,,1.0,24.937205,121.289355,1425,W2,2561,Taiwan,PZ,2,16.0,10
5A-平鎮倉,56955 大陸工程,8.0,48.69,334,桃園市八德區,桃園市八德區建國路270號(捷運工程工地)-電聯定位,1,RT20240000014522,,1.0,24.937344,121.28833,1425,W2,2562,Taiwan,PZ,2,16.0,10
5A-平鎮倉,76240 皇林工程-溪濱公園,8.0,49.48,334,桃園市八德區,桃園市八德區仁德路95巷89弄42號附近-溪濱公園,1,RT202500004146,,1.0,24.936089,121.281025,1425,W2,2563,Taiwan,PZ,2,16.0,10
5A-平鎮倉,61452 大陸工程,8.0,49.48,334,桃園市八德區,桃園市八德區建德路&中正一路交叉街口,1,RT20240000014508,,1.0,24.936083,121.281056,1425,W2,2564,Taiwan,PZ,2,16.0,10
5A-平鎮倉,53574 大陸工程-八德區,8.0,49.96,334,桃園市八德區,桃園市八德區建德路興豐路路口-電聯定位,1,RT20240000014497,,1.0,24.931945,121.281084,1425,W2,2565,Taiwan,PZ,2,16.0,10
5A-平鎮倉,57347 大陸工程,8.0,50.26,334,桃園市八德區,桃園市八德區廣興路316巷2號附近(捷運工程工地)-電聯定位,1,RT20240000014523,,1.0,24.929889,121.280028,1425,W2,2566,Taiwan,PZ,2,16.0,10
5A-平鎮倉,53574 大陸工程-八德區,8.0,50.48,334,桃園市八德區,桃園市八德區建德路興豐路路口-電聯定位,1,RT20240000014496,,1.0,24.929167,121.280778,1425,W2,2567,Taiwan,PZ,2,16.0,10
5D-五股倉,74403 逢昌營造-瑞芳瑞三?業,8.0,46.7,224,新北市瑞芳區,新北市瑞芳區柴寮路36-2號,1,RT20240000011253,1.0,,25.086358,121.827061,1080,W1,2568,Keelung,WG,1,8.0,4
5D-五股倉,74403 逢昌營造-瑞芳瑞三?業,8.0,46.7,224,新北市瑞芳區,新北市瑞芳區柴寮路36-2號,1,RT20240000011253,1.0,,25.086358,121.827061,1080,W1,2569,Keelung,WG,1,8.0,4
5D-五股倉,76249 張朝添-同#75122,8.0,52.2,224,新北市瑞芳區,新北市瑞芳區三爪子坑路149巷29號,1,RT20250000011224,1.0,,25.106789,121.811914,1080,W1,2570,Keelung,WG,1,8.0,4
5D-五股倉,77716 瑞芳國中,8.0,52.6,224,新北市瑞芳區,新北市瑞芳區三爪子坑路1號-瑞芳國中,1,RT20250000013360,1.0,,25.107461,121.814689,1080,W1,2571,Keelung,WG,1,8.0,4
5D-五股倉,77716 瑞芳國中,8.0,52.6,224,新北市瑞芳區,新北市瑞芳區三爪子坑路1號-瑞芳國中,1,RT20250000013360,1.0,,25.107461,121.814689,1080,W1,2572,Keelung,WG,1,8.0,4
5D-五股倉,77716 瑞芳國中,8.0,52.6,224,新北市瑞芳區,新北市瑞芳區三爪子坑路1號-瑞芳國中,1,RT20250000013360,1.0,,25.107461,121.814689,1080,W1,2573,Keelung,WG,1,8.0,4
5D-五股倉,77716 瑞芳國中,8.0,52.6,224,新北市瑞芳區,新北市瑞芳區三爪子坑路1號-瑞芳國中,1,RT20250000013360,1.0,,25.107461,121.814689,1080,W1,2574,Keelung,WG,1,8.0,4
5D-五股倉,77716 瑞芳國中,8.0,52.6,224,新北市瑞芳區,新北市瑞芳區三爪子坑路1號-瑞芳國中,1,RT20250000013360,1.0,,25.107461,121.814689,1080,W1,2575,Keelung,WG,1,8.0,4
5D-五股倉,58795 大日開發有限公司,8.0,54.0,224,新北市瑞芳區,新北市瑞芳區瑞芳街54號對面(瑞芳後火車站停車場),1,RT20250000010799,1.0,,25.109794,121.805114,1080,W1,2576,Keelung,WG,1,8.0,4
5D-五股倉,58795 大日開發有限公司,8.0,54.0,224,新北市瑞芳區,新北市瑞芳區瑞芳街54號對面(瑞芳後火車站停車場),1,RT20250000010799,1.0,,25.109794,121.805114,1080,W1,2577,Keelung,WG,1,8.0,4
5D-五股倉,58795 大日開發有限公司,8.0,54.0,224,新北市瑞芳區,新北市瑞芳區瑞芳街54號對面(瑞芳後火車站停車場),1,RT20250000010799,1.0,,25.109794,121.805114,1080,W1,2578,Keelung,WG,1,8.0,4
5D-五股倉,73383 開富建設-瑞芳,8.0,56.5,224,新北市瑞芳區,新北市瑞芳區中山路309號旁,1,RT20250000011018,1.0,,25.109706,121.79468,1080,W1,2579,Keelung,WG,1,8.0,4
5D-五股倉,72774 旺邦-七堵,8.0,66.2,206,基隆市七堵區,基隆市七堵區崇禮街1號,1,RT2025000349,1.0,,25.099777,121.718667,1085,W1,2580,Keelung,WG,1,8.0,4
5D-五股倉,72774 旺邦-七堵,8.0,66.2,206,基隆市七堵區,基隆市七堵區崇禮街1號,1,RT202400006212,1.0,,25.099752,121.718617,1085,W1,2581,Keelung,WG,1,8.0,4
5D-五股倉,72774 旺邦-七堵,8.0,66.3,206,基隆市七堵區,基隆市七堵區崇禮街1號,1,RT202400004729,1.0,,25.098897,121.717728,1085,W1,2582,Keelung,WG,1,8.0,4
5D-五股倉,74819 建銘營造-基隆七堵,8.0,67.9,206,基隆市七堵區,基隆市七堵區俊賢路28號旁,1,RT20250000012846,1.0,,25.095155,121.7048,1085,W1,2583,Keelung,WG,1,8.0,4
5D-五股倉,78112 龍誠營造有限公司,8.0,69.4,206,基隆市七堵區,基隆市七堵區六堵工業區工東街10號,1,RT20250000012898,1.0,,25.0872,121.704769,1085,W1,2584,Keelung,WG,1,8.0,4
5D-五股倉,77726 紘洋工程行-七堵區,8.0,71.8,206,基隆市七堵區,基隆市七堵區泰安路137號斜對面工地,1,RT20250000011265,1.0,,25.078253,121.712581,1085,W1,2585,Keelung,WG,1,8.0,4
5D-五股倉,56968 欣源營造股份有限公司,8.0,77.2,221,新北市汐止區,新北市汐止區保長路430號旁工地,1,RT20250000011097,1.0,,25.071342,121.685658,1100,W1,2586,Keelung,WG,1,8.0,4
5D-五股倉,56968 欣源營造股份有限公司,8.0,77.2,221,新北市汐止區,新北市汐止區保長路430號旁工地,1,RT20250000011096,1.0,,25.071534,121.685261,1100,W1,2587,Keelung,WG,1,8.0,4
5D-五股倉,31406 山隆-基隆,8.0,78.6,221,新北市汐止區,新北市汐止區新台五路二段301號(神豐二廠內),1,RT20240000015114,1.0,,25.07325,121.689405,1100,W1,2588,Keelung,WG,1,8.0,4
5D-五股倉,31406 山隆-基隆,8.0,78.6,221,新北市汐止區,新北市汐止區新台五路二段301號(神豐二廠內),1,RT20240000015114,1.0,,25.07325,121.689405,1100,W1,2589,Keelung,WG,1,8.0,4
5D-五股倉,76438 鼎鈞營造-崇德段,8.0,81.3,221,新北市汐止區,新北市汐止區茄苳路327號-斜對面工地,1,RT202500005229,1.0,,25.06615,121.673975,1100,W1,2590,Keelung,WG,1,8.0,4
5D-五股倉,65563 大億-汐止,8.0,82.6,221,新北市汐止區,新北市汐止區和平街21號旁工地(14樓高),1,RT20250000010116,1.0,,25.07077,121.662786,1100,W1,2591,Keelung,WG,1,8.0,4
5D-五股倉,65563 大億-汐止,8.0,82.6,221,新北市汐止區,新北市汐止區和平街21號旁工地(14樓高),1,RT20250000010116,1.0,,25.07077,121.662786,1100,W1,2592,Keelung,WG,1,8.0,4
5D-五股倉,77410 見安營造-公有市場,8.0,83.2,221,新北市汐止區,新北市汐止區中正路132巷5號-入口,1,RT20250000011361,1.0,,25.070567,121.659397,1100,W1,2593,Keelung,WG,1,8.0,4
5D-五股倉,77410 見安營造-公有市場,8.0,84.9,221,新北市汐止區,新北市汐止區中正路206號-中正公有零售市場,1,RT202500009787,1.0,,25.068961,121.658544,1100,W1,2594,Keelung,WG,1,8.0,4
5D-五股倉,70072 百輝營造-秀峰高中,8.0,85.3,221,新北市汐止區,新北市汐止區忠孝東路201號-秀峰高中,1,RT202300008657,1.0,,25.065761,121.659311,1100,W1,2595,Keelung,WG,1,8.0,4
5D-五股倉,70072 百輝營造-秀峰高中,8.0,85.3,221,新北市汐止區,新北市汐止區忠孝東路201號-秀峰高中,1,RT202300008657,1.0,,25.065761,121.659311,1100,W1,2596,Keelung,WG,1,8.0,4
5D-五股倉,67516 合昱-汐止,8.0,85.7,221,新北市汐止區,新北市汐止區新台五路２段46號旁工地,1,RT20250000012411,1.0,,25.064903,121.661256,1100,W1,2597,Keelung,WG,1,8.0,4
5D-五股倉,67516 合昱-汐止,8.0,85.7,221,新北市汐止區,新北市汐止區新台五路２段46號旁工地,1,RT20250000012411,1.0,,25.064903,121.661256,1100,W1,2598,Keelung,WG,1,8.0,4
5D-五股倉,75487 鎮弘營造-汐止,8.0,86.9,221,新北市汐止區,新北市汐止區莊敬街33號,1,RT202500001063,1.0,,25.061239,121.656136,1100,W1,2599,Keelung,WG,1,8.0,4
5D-五股倉,75487 鎮弘營造-汐止,8.0,86.9,221,新北市汐止區,新北市汐止區莊敬街33號,1,RT202500001063,1.0,,25.061239,121.656136,1100,W1,2600,Keelung,WG,1,8.0,4
5D-五股倉,72471 三雋營造-汐止,8.0,88.1,221,新北市汐止區,新北市汐止區水源路二段190號,1,RT20250000012182,1.0,,25.053128,121.657806,1100,W1,2601,Keelung,WG,1,8.0,4
5D-五股倉,75288 群創保全-汐止,8.0,90.7,221,新北市汐止區,新北市汐止區大同路一段515巷保全貨櫃旁,1,RT20240000015152,1.0,,25.064911,121.644561,1100,W1,2602,Taipei,WG,1,8.0,8
5D-五股倉,66258 凱銘-高速橋下網球場,8.0,91.1,221,新北市汐止區,新北市汐止區樟樹一路(高速橋下網球場),1,RT20240000014323,1.0,,25.063278,121.642447,1100,W1,2603,Taipei,WG,1,8.0,8
5D-五股倉,66258 凱銘-高速橋下網球場,8.0,91.1,221,新北市汐止區,新北市汐止區樟樹一路(高速橋下網球場),1,RT20240000014323,1.0,,25.063278,121.642447,1100,W1,2604,Taipei,WG,1,8.0,8
5D-五股倉,66257 凱銘-原住民公園,8.0,92.2,221,新北市汐止區,新北市汐止區樟樹二路344號(原住民運動公園),1,RT20240000014329,1.0,,25.071564,121.641883,1100,W1,2605,Taipei,WG,1,8.0,8
5D-五股倉,66257 凱銘-原住民公園,8.0,92.2,221,新北市汐止區,新北市汐止區樟樹二路344號(原住民運動公園),1,RT20240000014329,1.0,,25.071564,121.641883,1100,W1,2606,Taipei,WG,1,8.0,8
5D-五股倉,77290 東丕營造-同德段,8.0,93.9,221,新北市汐止區,新北市汐止區福德一路&福德二路交叉口,1,RT202500009181,1.0,,25.065806,121.633477,1100,W1,2607,Taipei,WG,1,8.0,8
5D-五股倉,77290 東丕營造-同德段,8.0,93.9,221,新北市汐止區,新北市汐止區福德一路&福德二路交叉口,1,RT202500009181,1.0,,25.065806,121.633477,1100,W1,2608,Taipei,WG,1,8.0,8
5D-五股倉,71927 國產建材實業股份有限公司(汐止廠),8.0,94.9,221,新北市汐止區,新北市汐止區福德二路360號,1,RT20240000015100,1.0,,25.064667,121.624642,1100,W1,2609,Taipei,WG,1,8.0,8
5D-五股倉,71927 國產建材實業股份有限公司(汐止廠),8.0,94.9,221,新北市汐止區,新北市汐止區福德二路360號,1,RT20240000015100,1.0,,25.064667,121.624642,1100,W1,2610,Taipei,WG,1,8.0,8
5D-五股倉,76896 福住建設-汐止區,8.0,99.0,221,新北市汐止區,新北市汐止區東勢街6號~8號對面工地,1,RT202500007345,1.0,,25.043155,121.626134,1100,W1,2611,Taipei,WG,1,8.0,8
5D-五股倉,78370 高技工程-汐止,8.0,99.6,221,新北市汐止區,新北市汐止區東勢街2號對面工地,1,RT20250000013992,1.0,,25.039944,121.626378,1100,W1,2612,Taipei,WG,1,8.0,8
5D-五股倉,75818 五昌營造-昇高段廠房,8.0,107.7,222,新北市深坑區,新北市深坑區文山路一段30巷對面,1,RT202500002393,1.0,,25.003911,121.62932,1110,W1,2613,Taipei,WG,1,8.0,8
5D-五股倉,74061 鑫堡營造-深坑,8.0,110.9,222,新北市深坑區,新北市深坑區北深路三段93巷40號旁,1,RT20250000012445,1.0,,25.000325,121.604722,1110,W1,2614,Taipei,WG,1,8.0,8
5A-平鎮倉,74450 三六八-大溪,8.0,6.0,335,桃園市大溪區,桃園市大溪區齋明街24號對面工地,1,RT20240000011523,1.0,,24.885664,121.270336,1428,W1,2615,Taiwan,PZ,1,8.0,6
5A-平鎮倉,77914 東陞鼎營造-員林路二段,8.0,6.35,335,桃園市大溪區,桃園市大溪區員林路二段173巷,1,RT20250000011834,1.0,,24.888241,121.270281,1428,W1,2616,Taiwan,PZ,1,8.0,6
5A-平鎮倉,77387 璟富-員林段119地號,8.0,6.8,335,桃園市大溪區,桃園市大溪區員林路二段230巷12弄23號旁,1,RT202500009647,1.0,,24.887066,121.269492,1428,W1,2617,Taiwan,PZ,1,8.0,6
5A-平鎮倉,77387 璟富-員林段119地號,8.0,6.8,335,桃園市大溪區,桃園市大溪區員林路二段230巷12弄23號旁,1,RT202500009647,1.0,,24.887066,121.269492,1428,W1,2618,Taiwan,PZ,1,8.0,6
5A-平鎮倉,75414 珈祥營造-黃惠程,8.0,9.57,335,桃園市大溪區,桃園市大溪區瑞安路一段188號旁,1,RT2025000552,1.0,,24.887989,121.279059,1428,W1,2619,Taiwan,PZ,1,8.0,6
5A-平鎮倉,74909 合偉-鶯歌,8.0,11.78,335,桃園市大溪區,桃園市大溪區瑞仁路92巷1號旁邊工地,1,RT20240000013425,1.0,,24.897558,121.286955,1428,W1,2620,Taiwan,PZ,1,8.0,6
5A-平鎮倉,76406 旭晟建設-東勢廟,8.0,21.42,324,桃園市平鎮區,桃園市平鎮區平東路一段98號-東勢廟後面,1,RT202500009140,1.0,,24.912217,121.23468,1435,W1,2621,Taiwan,PZ,1,8.0,6
5A-平鎮倉,75260 天帝新德宮,8.0,22.49,324,桃園市平鎮區,桃園市平鎮區快速路二段125巷18之5號-熊熊可麗餅旁宮廟,1,RT20250000011990,1.0,,24.908281,121.227909,1435,W1,2622,Taiwan,PZ,1,8.0,6
5A-平鎮倉,75508 遠東營造-員樹林國小,8.0,28.35,335,桃園市大溪區,桃園市大溪區員林路二段450號-員樹林國小,1,RT202500001186,1.0,,24.883725,121.265336,1428,W1,2623,Taiwan,PZ,1,8.0,6
5A-平鎮倉,75508 遠東營造-員樹林國小,8.0,28.35,335,桃園市大溪區,桃園市大溪區員林路二段450號-員樹林國小,1,RT202500001186,1.0,,24.883725,121.265336,1428,W1,2624,Taiwan,PZ,1,8.0,6
5A-平鎮倉,77387 璟富-員林段119地號,8.0,29.26,335,桃園市大溪區,桃園市大溪區員林路二段230巷12弄23號旁,1,RT20250000011231,1.0,,24.886858,121.268903,1428,W1,2625,Taiwan,PZ,1,8.0,6
5A-平鎮倉,77387 璟富-員林段119地號,8.0,29.26,335,桃園市大溪區,桃園市大溪區員林路二段230巷12弄23號旁,1,RT20250000011231,1.0,,24.886858,121.268903,1428,W1,2626,Taiwan,PZ,1,8.0,6
5A-平鎮倉,76616 雙晟營造-同#75297,8.0,30.31,335,桃園市大溪區,"桃園市大溪區員林路一段435號24°53'33.1""N121°16'27.3""E",1,RT202500006025,1.0,,24.892572,121.274245,1428,W1,2627,Taiwan,PZ,1,8.0,6
5A-平鎮倉,75774 永碁營造-銜接#74519勤瞻,8.0,30.94,335,桃園市大溪區,桃園市大溪區士香街172號對面,1,RT20250000013580,1.0,,24.89708,121.274431,1428,W1,2628,Taiwan,PZ,1,8.0,6
5A-平鎮倉,77246 瑞境建設-士香街,8.0,30.97,335,桃園市大溪區,桃園市大溪區士香街129號旁,1,RT202500009029,1.0,,24.897366,121.274386,1428,W1,2629,Taiwan,PZ,1,8.0,6
5A-平鎮倉,73956 瑞星工程-大溪陳榮達,8.0,31.38,335,桃園市大溪區,桃園市大溪區隆德街42號(旁轉角基地),1,RT20250000013447,1.0,,24.900478,121.275131,1428,W1,2630,Taiwan,PZ,1,8.0,6
5A-平鎮倉,72733 建揚營造-埔頂營區,8.0,31.86,335,桃園市大溪區,桃園市大溪區仁和路1段12號-埔頂營區,1,RT202500003514,1.0,,24.898889,121.277853,1428,W1,2631,Taiwan,PZ,1,8.0,6
5A-平鎮倉,77449 中裕營造-大溪員林路,8.0,32.06,335,桃園市大溪區,桃園市大溪區員林路一段129號斜對面工地,1,RT202500009968,1.0,,24.89845,121.279242,1428,W1,2632,Taiwan,PZ,1,8.0,6
5A-平鎮倉,77449 中裕營造-大溪員林路,8.0,32.08,335,桃園市大溪區,桃園市大溪區員林路一段129號斜對面工地,1,RT20250000012440,1.0,,24.898616,121.279323,1428,W1,2633,Taiwan,PZ,1,8.0,6
5A-平鎮倉,71542 瑞敬營造-大溪,8.0,32.74,335,桃園市大溪區,桃園市大溪區仁和二街146號,1,RT20250000012818,1.0,,24.896355,121.279195,1428,W1,2634,Taiwan,PZ,1,8.0,6
5A-平鎮倉,77178 原春室內-埔頂七街,8.0,33.9,335,桃園市大溪區,桃園市大溪區埔頂七街78號旁,1,RT202500008749,1.0,,24.903644,121.28142,1428,W1,2635,Taiwan,PZ,1,8.0,6
5A-平鎮倉,75177 展揚-大溪,8.0,33.93,335,桃園市大溪區,桃園市大溪區慈光一街&埔頂七街交叉口-太武安居社會住宅,1,RT20240000015154,1.0,,24.903569,121.281736,1428,W1,2636,Taiwan,PZ,1,8.0,6
5A-平鎮倉,75177 展揚-太武安居,8.0,34.0,335,桃園市大溪區,桃園市大溪區慈光一街&埔頂七街交叉口,1,RT202500003861,1.0,,24.903278,121.282098,1428,W1,2637,Taiwan,PZ,1,8.0,6
5A-平鎮倉,74263 宜富建設-太武段,8.0,34.22,335,桃園市大溪區,桃園市大溪區忠泰街6巷,1,RT20240000010709,1.0,,24.902758,121.283561,1428,W1,2638,Taiwan,PZ,1,8.0,6
5A-平鎮倉,74263 宜富建設-太武段,8.0,34.22,335,桃園市大溪區,桃園市大溪區忠泰街6巷,1,RT20240000010709,1.0,,24.902758,121.283561,1428,W1,2639,Taiwan,PZ,1,8.0,6
5A-平鎮倉,77342 憶泰營造-埔仁路,8.0,34.92,335,桃園市大溪區,桃園市大溪區埔仁路518號旁工地,1,RT202500009404,1.0,,24.906861,121.282506,1428,W1,2640,Taiwan,PZ,1,8.0,6
5A-平鎮倉,73285 舜欣昌-大溪,8.0,35.51,335,桃園市大溪區,桃園市大溪區介壽路566巷25弄170號對面工地,1,RT20250000012718,1.0,,24.9089,121.286266,1428,W1,2641,Taiwan,PZ,1,8.0,6
5A-平鎮倉,76629 冠銘開發-亞士美實,8.0,36.9,335,桃園市大溪區,桃園市大溪區新光東路20巷18號旁,1,RT202500006101,1.0,,24.918173,121.289797,1428,W1,2642,Taiwan,PZ,1,8.0,10
5A-平鎮倉,73220 泰貿豐營造-大鶯路,8.0,41.53,335,桃園市大溪區,桃園市大溪區大鶯路1426巷工地,1,RT20250000012823,1.0,,24.928709,121.316228,1428,W1,2643,Taiwan,PZ,1,8.0,10
5A-平鎮倉,77741 饗饗餐食吧-大溪區,8.0,47.65,335,桃園市大溪區,桃園市大溪區埔頂路二段335號之一,1,RT20250000011280,1.0,,24.914336,121.280595,1428,W1,2644,Taiwan,PZ,1,8.0,6
5A-平鎮倉,76632 中裕-仁善國小,8.0,48.68,335,桃園市大溪區,桃園市大溪區埔頂路二段109號,1,RT202500006128,1.0,,24.908608,121.278217,1428,W1,2645,Taiwan,PZ,1,8.0,6
5A-平鎮倉,76632 中裕-仁善國小,8.0,48.68,335,桃園市大溪區,桃園市大溪區埔頂路二段109號對面子母車旁,1,RT20250000012184,1.0,,24.908736,121.277828,1428,W1,2646,Taiwan,PZ,1,8.0,6
5A-平鎮倉,67192 捷翔開發建設有限公司,8.0,50.26,335,桃園市大溪區,桃園市大溪區埔頂路１段357巷250-2號旁工地,1,RT20250000013687,1.0,,24.909828,121.274795,1428,W1,2647,Taiwan,PZ,1,8.0,6
5A-平鎮倉,69952 寶台建設-大溪,8.0,51.9,335,桃園市大溪區,桃園市大溪區埔頂路一段357巷928弄,1,RT202500007199,1.0,,24.922556,121.271145,1428,W1,2648,Taiwan,PZ,1,8.0,10
5A-平鎮倉,77896 688KTV-龍南路,8.0,54.32,324,桃園市平鎮區,桃園市平鎮區龍南路688號,1,RT20250000011763,1.0,,24.915361,121.255592,1435,W1,2649,Taiwan,PZ,1,8.0,6
5A-平鎮倉,74171 合誠營造-平東段,8.0,55.16,324,桃園市平鎮區,桃園市平鎮區平東路68巷17弄1號旁,1,RT20250000010831,1.0,,24.918659,121.252014,1435,W1,2650,Taiwan,PZ,1,8.0,6
5A-平鎮倉,77043 吉富-霄裡段741地號,8.0,57.19,324,桃園市平鎮區,桃園市平鎮區龍江路66號對面,1,RT202500007911,1.0,,24.930411,121.258111,1435,W1,2651,Taiwan,PZ,1,8.0,6
5A-平鎮倉,77043 吉富-霄裡段741地號,8.0,57.19,324,桃園市平鎮區,桃園市平鎮區龍江路66號對面,1,RT202500007911,1.0,,24.930411,121.258111,1435,W1,2652,Taiwan,PZ,1,8.0,6
5A-平鎮倉,77043 吉富-霄裡段741地號,8.0,57.19,324,桃園市平鎮區,桃園市平鎮區龍江路66號對面,1,RT202500007911,1.0,,24.930411,121.258111,1435,W1,2653,Taiwan,PZ,1,8.0,6
5A-平鎮倉,62328 東昇營造-龍山營區,8.0,59.92,324,桃園市平鎮區,桃園市平鎮區營德路54號對面,1,RT20250000013061,1.0,,24.925453,121.237541,1435,W1,2654,Taiwan,PZ,1,8.0,6
5A-平鎮倉,73674 上溢營造-平鎮,8.0,61.88,324,桃園市平鎮區,桃園市平鎮區金陵路四段-電聯帶定位,1,RT202400008229,1.0,,24.919595,121.229864,1435,W1,2655,Taiwan,PZ,1,8.0,6
5A-平鎮倉,73674 上溢營造-平鎮,8.0,61.88,324,桃園市平鎮區,桃園市平鎮區金陵路四段-電聯帶定位,1,RT202400008229,1.0,,24.919595,121.229864,1435,W1,2656,Taiwan,PZ,1,8.0,6
5A-平鎮倉,76406 旭晟建設-東勢廟,8.0,63.17,324,桃園市平鎮區,桃園市平鎮區平東路一段98號-東勢廟後面,1,RT202500009140,1.0,,24.912217,121.23468,1435,W1,2657,Taiwan,PZ,1,8.0,6
5A-平鎮倉,76406 旭晟建設-東勢廟,8.0,63.25,324,桃園市平鎮區,桃園市平鎮區平東路一段98號-東勢廟後面,1,RT202500005119,1.0,,24.912125,121.234869,1435,W1,2658,Taiwan,PZ,1,8.0,6
5A-平鎮倉,73722 萬耀建設-宜家,8.0,63.62,324,桃園市平鎮區,桃園市平鎮區平東路一段40號,1,RT202400008405,1.0,,24.911497,121.2369,1435,W1,2659,Taiwan,PZ,1,8.0,6
5A-平鎮倉,75416 東鐿營造-金龍路,8.0,66.08,324,桃園市平鎮區,桃園市平鎮區金龍路271號,1,RT202500004962,1.0,,24.895411,121.231198,1435,W1,2660,Taiwan,PZ,1,8.0,6
5A-平鎮倉,75416 東鐿營造-金龍路,8.0,66.08,324,桃園市平鎮區,桃園市平鎮區金龍路271號,1,RT202500004962,1.0,,24.895411,121.231198,1435,W1,2661,Taiwan,PZ,1,8.0,6
5A-平鎮倉,75416 東鐿營造-金龍路,8.0,66.13,324,桃園市平鎮區,桃園市平鎮區金龍路271號,1,RT2025000569,1.0,,24.894972,121.231139,1435,W1,2662,Taiwan,PZ,1,8.0,6
5A-平鎮倉,75416 東鐿營造-金龍路,8.0,66.13,324,桃園市平鎮區,桃園市平鎮區金龍路299號旁農地(工務所),1,RT2025000571,1.0,,24.894972,121.231139,1435,W1,2663,Taiwan,PZ,1,8.0,6
5A-平鎮倉,74202 大穎建設-龍潭,8.0,66.78,324,桃園市平鎮區,桃園市平鎮區金龍路491巷54號,1,RT20250000013305,1.0,,24.890386,121.232853,1435,W1,2664,Taiwan,PZ,1,8.0,6
5A-平鎮倉,74202 大穎建設-龍潭,8.0,66.78,324,桃園市平鎮區,桃園市平鎮區金龍路491巷54號,1,RT20250000013305,1.0,,24.890386,121.232853,1435,W1,2665,Taiwan,PZ,1,8.0,6
5A-平鎮倉,77707 富泉營造-先磊科技,8.0,67.76,324,桃園市平鎮區,桃園市平鎮區金陵路七段406巷對面空地,1,RT20250000011176,1.0,,24.89333,121.237552,1435,W1,2666,Taiwan,PZ,1,8.0,6
5A-平鎮倉,75538 宜坤營造-林口,8.0,69.56,324,桃園市平鎮區,桃園市平鎮區東龍街579巷-往前340公尺,1,RT202500001264,1.0,,24.891889,121.24628,1435,W1,2667,Taiwan,PZ,1,8.0,6
5A-平鎮倉,75538 宜坤營造-林口,8.0,69.58,324,桃園市平鎮區,桃園市平鎮區東龍街579巷-往前340公尺,1,RT202500003772,1.0,,24.891714,121.246122,1435,W1,2668,Taiwan,PZ,1,8.0,6
5A-平鎮倉,75538 宜坤營造-林口,8.0,69.58,324,桃園市平鎮區,桃園市平鎮區東龍街579巷-往前340公尺,1,RT202500003772,1.0,,24.891714,121.246122,1435,W1,2669,Taiwan,PZ,1,8.0,6
5A-平鎮倉,64564 承銘企業社,8.0,71.03,324,桃園市平鎮區,桃園市平鎮區快速路與洪圳路口斜對面-電聯帶定位(303檳榔攤),1,RT202500009806,1.0,,24.899783,121.242825,1435,W1,2670,Taiwan,PZ,1,8.0,6
5A-平鎮倉,77895 森永營造股份有限公司,8.0,72.51,324,桃園市平鎮區,桃園市平鎮區快速路一段77巷67號工地,1,RT20250000011764,1.0,,24.896697,121.248986,1435,W1,2671,Taiwan,PZ,1,8.0,6
5A-平鎮倉,73006 泉亮有限公司,8.0,74.51,335,桃園市大溪區,桃園市大溪區興昌路二段210巷120號,1,RT20250000011885,1.0,,24.893402,121.255078,1428,W1,2672,Taiwan,PZ,1,8.0,6
5A-平鎮倉,75206 百毅營造-百麗禾禾,8.0,30.8,303,新竹縣湖口鄉,新竹縣湖口鄉成功路614巷275號,1,RT20240000014744,1.0,,24.897908,121.026339,1540,W1,2673,Hsinchu,PZ,1,8.0,11
5A-平鎮倉,76276 福田開發-湖口鄉,8.0,32.0,303,新竹縣湖口鄉,新竹縣湖口鄉成功路454巷45弄17號對面,1,RT202500004235,1.0,,24.897577,121.03515,1540,W1,2674,Hsinchu,PZ,1,8.0,11
5A-平鎮倉,77798 群浩建設-湖口鄉龍江路,8.0,33.2,303,新竹縣湖口鄉,新竹縣湖口鄉龍江街38號-附地標-前半小時電聯,1,RT20250000011454,1.0,,24.903556,121.04145,1540,W1,2675,Hsinchu,PZ,1,8.0,11
5A-平鎮倉,76874 耀寬-#71380轉來,16.0,34.4,303,新竹縣湖口鄉,新竹縣湖口鄉信義街98號旁工地-工務所,3,RT20250000010314,1.0,,24.906831,121.048819,1540,W1,2676,Hsinchu,PZ,1,16.0,11
5A-平鎮倉,76874 耀寬-#71380轉來,16.0,34.4,303,新竹縣湖口鄉,新竹縣湖口鄉信義街98號旁工地-工務所,6,RT20250000010317,1.0,,24.906831,121.048819,1540,W1,2677,Hsinchu,PZ,1,16.0,11
5A-平鎮倉,71380 耀寬-新湖好室,8.0,34.4,303,新竹縣湖口鄉,新竹縣湖口鄉信義街98號旁工地-工務所,1,RT20250000010320,1.0,,24.906831,121.048819,1540,W1,2678,Hsinchu,PZ,1,8.0,11
5A-平鎮倉,71380 耀寬-新湖好室,8.0,34.4,303,新竹縣湖口鄉,新竹縣湖口鄉信義街98號旁工地-工務所,1,RT20250000010320,1.0,,24.906831,121.048819,1540,W1,2679,Hsinchu,PZ,1,8.0,11
5A-平鎮倉,76874 耀寬-#71380轉來,16.0,34.6,303,新竹縣湖口鄉,新竹縣湖口鄉信義街98號旁工地-工務所-9F,9,RT20250000013701,1.0,,24.906731,121.048819,1540,W1,2680,Hsinchu,PZ,1,16.0,11
5A-平鎮倉,73545 興建東-雅生居,8.0,35.6,303,新竹縣湖口鄉,新竹縣湖口鄉中平路一段101巷3號旁,1,RT20250000013721,1.0,,24.902089,121.052064,1540,W1,2681,Hsinchu,PZ,1,8.0,11
5A-平鎮倉,75195 昱珅建設-中愛路,8.0,36.4,303,新竹縣湖口鄉,新竹縣湖口鄉中愛路151巷,1,RT20250000013715,1.0,,24.898002,121.054122,1540,W1,2682,Hsinchu,PZ,1,8.0,11
5A-平鎮倉,75195 昱珅建設-中愛路,8.0,36.4,303,新竹縣湖口鄉,新竹縣湖口鄉中愛路151巷,1,RT20250000013715,1.0,,24.898002,121.054122,1540,W1,2683,Hsinchu,PZ,1,8.0,11
5A-平鎮倉,74824 竹玥建設-湖口,8.0,37.6,303,新竹縣湖口鄉,新竹縣湖口鄉健康街17號,1,RT20240000013567,1.0,,24.899127,121.048455,1540,W1,2684,Hsinchu,PZ,1,8.0,11
5A-平鎮倉,72339 天冠營造-湖口,8.0,38.1,303,新竹縣湖口鄉,新竹縣湖口鄉忠孝路7號,1,RT20250000013059,1.0,,24.901397,121.044158,1540,W1,2685,Hsinchu,PZ,1,8.0,11
5A-平鎮倉,76966 英城營造-湖口鄉,8.0,39.7,303,新竹縣湖口鄉,新竹縣湖口鄉德興路275號(中科帝苑內),1,RT202500007579,1.0,,24.913878,121.042808,1540,W1,2686,Hsinchu,PZ,1,8.0,11
5A-平鎮倉,76966 英城營造-湖口鄉,8.0,39.7,303,新竹縣湖口鄉,新竹縣湖口鄉德興路275號(中科帝苑內),1,RT202500007579,1.0,,24.913878,121.042808,1540,W1,2687,Hsinchu,PZ,1,8.0,11
5A-平鎮倉,78161 仁隆建設-京漾,8.0,42.2,303,新竹縣湖口鄉,新竹縣湖口鄉達生二街&中正七街-全家便利商店旁,1,RT20250000013043,1.0,,24.895289,121.043416,1540,W1,2688,Hsinchu,PZ,1,8.0,11
5A-平鎮倉,74495 富第營造-湖口,8.0,42.4,303,新竹縣湖口鄉,新竹縣湖口鄉中正六街253號,1,RT20250000011157,1.0,,24.893925,121.043736,1540,W1,2689,Hsinchu,PZ,1,8.0,11
5A-平鎮倉,70794 京耀建設-湖口,8.0,42.8,303,新竹縣湖口鄉,新竹縣湖口鄉中山二街168號對面,1,RT20250000012662,1.0,,24.89435,121.039777,1540,W1,2690,Hsinchu,PZ,1,8.0,11
5A-平鎮倉,70794 京耀建設-湖口,8.0,42.8,303,新竹縣湖口鄉,新竹縣湖口鄉中山二街168號對面,1,RT20250000013565,1.0,,24.893991,121.039702,1540,W1,2691,Hsinchu,PZ,1,8.0,11
5A-平鎮倉,76092 簡志杰住宅新建工程,8.0,43.2,303,新竹縣湖口鄉,新竹縣湖口鄉達生八街567號隔壁,1,RT202500003592,1.0,,24.892536,121.042402,1540,W1,2692,Hsinchu,PZ,1,8.0,11
5A-平鎮倉,77628 全日通-湖口鄉美城路,8.0,44.7,303,新竹縣湖口鄉,新竹縣湖口鄉湖鏡村美城路188巷17號-附定位圖,1,RT20250000012530,1.0,,24.885986,121.048375,1540,W1,2693,Hsinchu,PZ,1,8.0,11
5A-平鎮倉,77486 天竹-中義段,8.0,45.4,303,新竹縣湖口鄉,新竹縣湖口鄉中正路二段218號旁工地,1,RT20250000010085,1.0,,24.890444,121.050778,1540,W1,2694,Hsinchu,PZ,1,8.0,11
5A-平鎮倉,67694 永融-翔華,8.0,46.9,303,新竹縣湖口鄉,新竹縣湖口鄉長富路１段225巷89號,1,RT20250000011997,1.0,,24.885814,121.060344,1540,W1,2695,Hsinchu,PZ,1,8.0,11
5A-平鎮倉,77905 熊阪建設有限公司,8.0,47.3,303,新竹縣湖口鄉,新竹縣湖口鄉湖中路&長富路二段,1,RT20250000011794,1.0,,24.88385,121.059478,1540,W1,2696,Hsinchu,PZ,1,8.0,11
5A-平鎮倉,77980 東泰營造-湖口鄉農會,8.0,49.2,303,新竹縣湖口鄉,新竹縣湖口鄉八德路二段550號-湖口鄉農會,1,RT20250000012313,1.0,,24.882528,121.072528,1540,W1,2697,Hsinchu,PZ,1,8.0,11
5A-平鎮倉,77980 東泰營造-湖口鄉農會,8.0,49.2,303,新竹縣湖口鄉,新竹縣湖口鄉八德路二段550號-湖口鄉農會,1,RT20250000012313,1.0,,24.882528,121.072528,1540,W1,2698,Hsinchu,PZ,1,8.0,11
5A-平鎮倉,77980 東泰營造-湖口鄉農會,8.0,49.2,303,新竹縣湖口鄉,新竹縣湖口鄉八德路二段550號-湖口鄉農會,1,RT20250000012313,1.0,,24.882528,121.072528,1540,W1,2699,Hsinchu,PZ,1,8.0,11
5A-平鎮倉,77980 東泰營造-湖口鄉農會,8.0,49.2,303,新竹縣湖口鄉,新竹縣湖口鄉八德路二段550號-湖口鄉農會,1,RT20250000012313,1.0,,24.882528,121.072528,1540,W1,2700,Hsinchu,PZ,1,8.0,11
5A-平鎮倉,77813 泰億營造-長安段,8.0,51.1,303,新竹縣湖口鄉,新竹縣湖口鄉八德路三段19號旁,1,RT20250000011514,1.0,,24.890305,121.088108,1540,W1,2701,Hsinchu,PZ,1,8.0,11
5A-平鎮倉,77813 泰億營造-長安段,8.0,51.1,303,新竹縣湖口鄉,新竹縣湖口鄉八德路三段19號旁,1,RT20250000011514,1.0,,24.890305,121.088108,1540,W1,2702,Hsinchu,PZ,1,8.0,11
5A-平鎮倉,77594 健泰營造有限公司,8.0,54.0,303,新竹縣湖口鄉,新竹縣湖口鄉長泰路566巷126號工地-附地標,1,RT20250000010593,1.0,,24.897827,121.079459,1540,W1,2703,Hsinchu,PZ,1,8.0,11
5A-平鎮倉,77594 健泰營造有限公司,8.0,54.0,303,新竹縣湖口鄉,新竹縣湖口鄉長泰路566巷126號工地-附地標-追加,1,RT20250000010692,1.0,,24.897827,121.079459,1540,W1,2704,Hsinchu,PZ,1,8.0,11
5A-平鎮倉,72149 遠揚開發-湖口,8.0,58.1,303,新竹縣湖口鄉,新竹縣湖口鄉東楊路196巷12號-電聯帶定位,1,RT202400001619,1.0,,24.915161,121.057939,1540,W1,2705,Hsinchu,PZ,1,8.0,11
5A-平鎮倉,74022 寶鑫營造-耀時代J區,8.0,60.1,303,新竹縣湖口鄉,新竹縣湖口鄉嘉興路一段-耀時代J區-電聯定位,1,RT202500009240,1.0,,24.924361,121.055114,1540,W1,2706,Hsinchu,PZ,1,8.0,11
5A-平鎮倉,74022 寶鑫營造-耀時代J區,8.0,60.1,303,新竹縣湖口鄉,新竹縣湖口鄉嘉興路一段-耀時代J區-電聯定位,1,RT202500009240,1.0,,24.924361,121.055114,1540,W1,2707,Hsinchu,PZ,1,8.0,11
5A-平鎮倉,64614 寶鑫營造-L區,8.0,60.2,303,新竹縣湖口鄉,新竹縣湖口鄉嘉興路1段88巷-工務所,1,RT202500003570,1.0,,24.924945,121.055111,1540,W1,2708,Hsinchu,PZ,1,8.0,11
5A-平鎮倉,64614 寶鑫營造-L區,8.0,60.2,303,新竹縣湖口鄉,新竹縣湖口鄉嘉興路1段88巷-工務所,1,RT202500003570,1.0,,24.924945,121.055111,1540,W1,2709,Hsinchu,PZ,1,8.0,11
5A-平鎮倉,72710 寶鑫營造-鈺時代M區,8.0,60.3,303,新竹縣湖口鄉,新竹縣湖口鄉嘉興路一段77號-鈺時代-M區,1,RT20250000010825,1.0,,24.924892,121.055583,1540,W1,2710,Hsinchu,PZ,1,8.0,11
5A-平鎮倉,73906 寶鑫營造-耀時代O區,8.0,60.5,303,新竹縣湖口鄉,新竹縣湖口鄉嘉興路一段-O區-電聯定位,1,RT202400009199,1.0,,24.926445,121.056286,1540,W1,2711,Hsinchu,PZ,1,8.0,11
5A-平鎮倉,73906 寶鑫營造-耀時代O區,8.0,60.5,303,新竹縣湖口鄉,新竹縣湖口鄉嘉興路一段-O區-電聯定位,1,RT202400009199,1.0,,24.926445,121.056286,1540,W1,2712,Hsinchu,PZ,1,8.0,11
5A-平鎮倉,73906 寶鑫營造-耀時代O區,8.0,60.5,303,新竹縣湖口鄉,新竹縣湖口鄉嘉興路一段-O區-電聯定位,1,RT202400009199,1.0,,24.926445,121.056286,1540,W1,2713,Hsinchu,PZ,1,8.0,11
5A-平鎮倉,67759 港洲-湖口營區,8.0,68.2,303,新竹縣湖口鄉,新竹縣湖口鄉勝利路2段350號(湖口營區),1,RT202400005873,,1.0,24.869556,121.036527,1540,W2,2714,Hsinchu,PZ,2,16.0,11
5A-平鎮倉,67759 港洲-湖口營區,8.0,68.2,303,新竹縣湖口鄉,新竹縣湖口鄉勝利路２段350號(湖口營區)-帶證件換證,1,RT20220000014500,1.0,,24.869556,121.036527,1540,W1,2715,Hsinchu,PZ,1,8.0,11
5A-平鎮倉,67759 港洲-湖口營區,8.0,68.2,303,新竹縣湖口鄉,新竹縣湖口鄉勝利路2段350號(湖口營區),1,RT202400005873,,1.0,24.869556,121.036527,1540,W2,2716,Hsinchu,PZ,2,16.0,11
5A-平鎮倉,67759 港洲-湖口營區,8.0,68.2,303,新竹縣湖口鄉,新竹縣湖口鄉勝利路2段350號(湖口營區),1,RT202400005873,,1.0,24.869556,121.036527,1540,W2,2717,Hsinchu,PZ,2,16.0,11
5A-平鎮倉,67759 港洲-湖口營區,8.0,68.2,303,新竹縣湖口鄉,新竹縣湖口鄉勝利路2段350號(湖口營區),1,RT202400005873,,1.0,24.869556,121.036527,1540,W2,2718,Hsinchu,PZ,2,16.0,11
5A-平鎮倉,67759 港洲-湖口營區,8.0,68.2,303,新竹縣湖口鄉,新竹縣湖口鄉勝利路2段350號(湖口營區),1,RT202400005873,,1.0,24.869556,121.036527,1540,W2,2719,Hsinchu,PZ,2,16.0,11
5A-平鎮倉,67759 港洲-湖口營區,8.0,68.2,303,新竹縣湖口鄉,新竹縣湖口鄉勝利路2段350號(湖口營區),1,RT202400005873,,1.0,24.869556,121.036527,1540,W2,2720,Hsinchu,PZ,2,16.0,11
5A-平鎮倉,67759 港洲-湖口營區,8.0,68.2,303,新竹縣湖口鄉,新竹縣湖口鄉勝利路2段350號(湖口營區),1,RT202400005873,,1.0,24.869556,121.036527,1540,W2,2721,Hsinchu,PZ,2,16.0,11
5A-平鎮倉,67759 港洲-湖口營區,8.0,68.2,303,新竹縣湖口鄉,新竹縣湖口鄉勝利路2段350號(湖口營區),1,RT202400005873,,1.0,24.869556,121.036527,1540,W2,2722,Hsinchu,PZ,2,16.0,11
5A-平鎮倉,67759 港洲-湖口營區,8.0,68.2,303,新竹縣湖口鄉,新竹縣湖口鄉勝利路2段350號(湖口營區),1,RT202400005873,,1.0,24.869556,121.036527,1540,W2,2723,Hsinchu,PZ,2,16.0,11
5A-平鎮倉,67759 港洲-湖口營區,8.0,68.2,303,新竹縣湖口鄉,新竹縣湖口鄉勝利路2段350號(湖口營區),1,RT202400005873,,1.0,24.869556,121.036527,1540,W2,2724,Hsinchu,PZ,2,16.0,11
5A-平鎮倉,67759 港洲-湖口營區,8.0,68.2,303,新竹縣湖口鄉,新竹縣湖口鄉勝利路2段350號(湖口營區),1,RT202400005873,,1.0,24.869556,121.036527,1540,W2,2725,Hsinchu,PZ,2,16.0,11
5A-平鎮倉,67759 港洲-湖口營區,8.0,68.2,303,新竹縣湖口鄉,新竹縣湖口鄉勝利路2段350號(湖口營區),1,RT202400005873,,1.0,24.869556,121.036527,1540,W2,2726,Hsinchu,PZ,2,16.0,11
5A-平鎮倉,67759 港洲-湖口營區,8.0,68.2,303,新竹縣湖口鄉,新竹縣湖口鄉勝利路2段350號(湖口營區),1,RT202400005873,,1.0,24.869556,121.036527,1540,W2,2727,Hsinchu,PZ,2,16.0,11
5A-平鎮倉,69935 正鋒水電,8.0,18.33,337,桃園市大園區,桃園市大園區致維街&公園路一段路口,1,RT202500005663,,1.0,25.003614,121.213042,1440,W2,2728,Taiwan,PZ,2,16.0,2
5A-平鎮倉,69935 正鋒水電,8.0,18.33,337,桃園市大園區,桃園市大園區致維街&公園路一段路口,1,RT202500005663,,1.0,25.003614,121.213042,1440,W2,2729,Taiwan,PZ,2,16.0,2
5A-平鎮倉,69935 正鋒水電,8.0,18.33,320,桃園市中壢區,桃園市大園區(中壢區)致維街&公園路一段路口,1,RT202500005663,,1.0,25.003614,121.213042,1438,W2,2730,Taiwan,PZ,2,16.0,2
5A-平鎮倉,69935 正鋒水電,8.0,18.33,337,桃園市大園區,桃園市大園區致維街&公園路一段路口,1,RT202500005663,,1.0,25.003614,121.213042,1440,W2,2731,Taiwan,PZ,2,16.0,2
5A-平鎮倉,75703 名川建築-觀音,8.0,19.16,320,桃園市中壢區,桃園市大園區(中壢區)致祥三街58號,1,RT202500001809,1.0,,25.007708,121.212144,1438,W1,2732,Taiwan,PZ,1,8.0,2
5A-平鎮倉,75703 名川建築-觀音,8.0,19.16,320,桃園市中壢區,桃園市大園區(中壢區)致祥三街58號,1,RT202500001809,1.0,,25.007708,121.212144,1438,W1,2733,Taiwan,PZ,1,8.0,2
5A-平鎮倉,66111 華威營造-中壢,8.0,19.53,320,桃園市中壢區,桃園市中壢區致祥一街&新生路交叉口工地,1,RT20240000013693,1.0,,25.009858,121.212203,1438,W1,2734,Taiwan,PZ,1,8.0,2
5A-平鎮倉,66111 華威營造-中壢,8.0,19.53,320,桃園市中壢區,桃園市中壢區致祥一街&新生路交叉口工地,1,RT20240000013693,1.0,,25.009858,121.212203,1438,W1,2735,Taiwan,PZ,1,8.0,2
5A-平鎮倉,66111 華威營造-中壢,8.0,19.53,320,桃園市中壢區,桃園市中壢區致祥一街&新生路交叉口工地,1,RT20240000013693,1.0,,25.009858,121.212203,1438,W1,2736,Taiwan,PZ,1,8.0,2
5A-平鎮倉,66111 華威營造-中壢,8.0,19.53,320,桃園市中壢區,桃園市中壢區致祥一街&新生路交叉口工地,1,RT20240000013693,1.0,,25.009858,121.212203,1438,W1,2737,Taiwan,PZ,1,8.0,2
5A-平鎮倉,66111 華威營造-中壢,8.0,19.53,320,桃園市中壢區,桃園市中壢區致祥一街&新生路交叉口工地,1,RT20240000013693,1.0,,25.009858,121.212203,1438,W1,2738,Taiwan,PZ,1,8.0,2
5A-平鎮倉,66111 華威營造-中壢,8.0,19.53,320,桃園市中壢區,桃園市中壢區致祥一街&新生路交叉口工地,1,RT20240000013693,1.0,,25.009858,121.212203,1438,W1,2739,Taiwan,PZ,1,8.0,2
5A-平鎮倉,76263 中鼎營造-青平段,8.0,20.35,320,桃園市中壢區,桃園市中壢區青埔路二段&青商路三段交叉口,1,RT20250000011199,1.0,,25.006161,121.217578,1438,W1,2740,Taiwan,PZ,1,8.0,2
5A-平鎮倉,74288 嘉崴營造-青埔國小,8.0,21.2,320,桃園市中壢區,桃園市中壢區新生路四段112號,1,RT20250000010159,1.0,,25.007067,121.214067,1438,W1,2741,Taiwan,PZ,1,8.0,2
5A-平鎮倉,74288 嘉崴營造-青埔國小,8.0,21.2,320,桃園市中壢區,桃園市中壢區新生路四段112號,1,RT20250000010159,1.0,,25.007067,121.214067,1438,W1,2742,Taiwan,PZ,1,8.0,2
5A-平鎮倉,77196 鴻聖營造-中壢區,8.0,22.49,320,桃園市中壢區,桃園市中壢區東芝路123巷32號,1,RT202500009058,1.0,,24.998239,121.211083,1438,W1,2743,Taiwan,PZ,1,8.0,2
5A-平鎮倉,77196 鴻聖營造-中壢區,8.0,22.49,320,桃園市中壢區,桃園市中壢區東芝路123巷32號,1,RT202500009058,1.0,,24.998239,121.211083,1438,W1,2744,Taiwan,PZ,1,8.0,2
5A-平鎮倉,65057 璞承營造,8.0,24.52,320,桃園市中壢區,桃園市中壢區永裕路76號旁工地,1,RT20250000014047,,1.0,25.009056,121.200733,1438,W2,2745,Taiwan,PZ,2,16.0,2
5A-平鎮倉,65057 璞承營造,8.0,24.52,320,桃園市中壢區,桃園市中壢區永裕路76號旁工地,1,RT20250000014047,,1.0,25.009056,121.200733,1438,W2,2746,Taiwan,PZ,2,16.0,2
5A-平鎮倉,65057 璞承營造,8.0,24.52,320,桃園市中壢區,桃園市中壢區永裕路76號旁工地,1,RT20250000014047,,1.0,25.009056,121.200733,1438,W2,2747,Taiwan,PZ,2,16.0,2
5A-平鎮倉,65057 璞承營造,8.0,24.52,320,桃園市中壢區,桃園市中壢區永裕路76號旁工地,1,RT20250000014047,,1.0,25.009056,121.200733,1438,W2,2748,Taiwan,PZ,2,16.0,2
5A-平鎮倉,65057 璞承營造,8.0,24.52,320,桃園市中壢區,桃園市中壢區永裕路76號旁工地,1,RT20250000014047,,1.0,25.009056,121.200733,1438,W2,2749,Taiwan,PZ,2,16.0,2
5A-平鎮倉,64523 鋒橋建設-46青蔦,8.0,26.73,320,桃園市中壢區,桃園市中壢區青園路&青境路口(第四停車場旁),1,RT20250000012656,1.0,,25.008708,121.216239,1438,W1,2750,Taiwan,PZ,1,8.0,2
5A-平鎮倉,59794 華威營造,8.0,26.84,320,桃園市中壢區,桃園市中壢區領航南路２段與青埔路交岔口,1,RT202500007401,,1.0,25.007978,121.217006,1438,W2,2751,Taiwan,PZ,2,16.0,2
5A-平鎮倉,59794 華威營造,8.0,26.84,320,桃園市中壢區,桃園市中壢區領航南路２段與青埔路交岔口,1,RT202500007401,,1.0,25.007978,121.217006,1438,W2,2752,Taiwan,PZ,2,16.0,2
5A-平鎮倉,64523 鋒橋建設-46青蔦,8.0,26.89,320,桃園市中壢區,桃園市中壢區青園路&青境路口(第四停車場旁),1,RT20250000012655,1.0,,25.008556,121.216917,1438,W1,2753,Taiwan,PZ,1,8.0,2
5A-平鎮倉,64523 鋒橋建設-46青蔦,8.0,26.89,320,桃園市中壢區,桃園市中壢區青園路&青境路口(第四停車場旁),1,RT20250000012655,1.0,,25.008556,121.216917,1438,W1,2754,Taiwan,PZ,1,8.0,2
5A-平鎮倉,78397 郭主任裝修-青埔宮廟,5.0,28.27,320,桃園市中壢區,桃園市中壢區青溪路二段35號-青埔宮廟,1,RT20250000014066,1.0,,25.015281,121.222311,1438,W1,2755,Taiwan,PZ,1,5.0,2
5A-平鎮倉,78397 郭主任裝修-青埔宮廟,5.0,28.27,320,桃園市中壢區,桃園市中壢區青溪路二段35號-青埔宮廟,1,RT20250000014066,1.0,,25.015281,121.222311,1438,W1,2756,Taiwan,PZ,1,5.0,2
5A-平鎮倉,78397 郭主任裝修-青埔宮廟,5.0,28.27,320,桃園市中壢區,桃園市中壢區青溪路二段35號-青埔宮廟,1,RT20250000014066,1.0,,25.015281,121.222311,1438,W1,2757,Taiwan,PZ,1,5.0,2
5A-平鎮倉,78397 郭主任裝修-青埔宮廟,5.0,28.27,320,桃園市中壢區,桃園市中壢區青溪路二段35號-青埔宮廟,1,RT20250000014066,1.0,,25.015281,121.222311,1438,W1,2758,Taiwan,PZ,1,5.0,2
5A-平鎮倉,73403 杰運汽車,8.0,29.26,320,桃園市中壢區,桃園市中壢區(大園區)高鐵北路二段208號,1,RT202400007154,1.0,,25.021078,121.223661,1438,W1,2759,Taiwan,PZ,1,8.0,2
5A-平鎮倉,68539 大濟建設-御木院,8.0,29.54,320,桃園市中壢區,桃園市中壢區青峰路1段&領航南路交叉轉角,1,RT202500008469,1.0,,25.019339,121.223345,1438,W1,2760,Taiwan,PZ,1,8.0,2
5A-平鎮倉,68539 大濟建設-御木院,8.0,29.54,320,桃園市中壢區,桃園市中壢區青峰路1段&領航南路交叉轉角,1,RT202500008469,1.0,,25.019339,121.223345,1438,W1,2761,Taiwan,PZ,1,8.0,2
5A-平鎮倉,70172 浩世建築-中壢,8.0,29.7,320,桃園市中壢區,桃園市中壢區大成路一段17號,1,RT20250000012780,1.0,,25.018306,121.22307,1438,W1,2762,Taiwan,PZ,1,8.0,2
5A-平鎮倉,62888 日富營造-青園國小,8.0,30.24,320,桃園市中壢區,桃園市中壢區大勇路68號旁工地(華泰三期附近工地),1,RT20240000010168,1.0,,25.018909,121.2195,1438,W1,2763,Taiwan,PZ,1,8.0,2
5A-平鎮倉,62888 日富營造-青園國小,8.0,30.24,320,桃園市中壢區,桃園市中壢區大勇路68號旁工地(華泰三期附近工地),1,RT20240000010168,1.0,,25.018909,121.2195,1438,W1,2764,Taiwan,PZ,1,8.0,2
5A-平鎮倉,62888 日富營造-青園國小,8.0,30.38,320,桃園市中壢區,桃園市中壢區大勇路68號旁工地(華泰三期附近工地),1,RT2025000521,1.0,,25.018298,121.218909,1438,W1,2765,Taiwan,PZ,1,8.0,2
5A-平鎮倉,62888 日富營造-青園國小,8.0,30.38,320,桃園市中壢區,桃園市中壢區大勇路68號旁工地(華泰三期附近工地),1,RT2025000521,1.0,,25.018298,121.218909,1438,W1,2766,Taiwan,PZ,1,8.0,2
5A-平鎮倉,75368 孫維康,8.0,31.33,320,桃園市中壢區,桃園市中壢區青峰路二段12號旁,1,RT2025000355,1.0,,25.016047,121.220161,1438,W1,2767,Taiwan,PZ,1,8.0,2
5A-平鎮倉,77447 巨達營造-青昇一街,8.0,31.45,320,桃園市中壢區,桃園市中壢區青昇一街52號,1,RT202500009967,1.0,,25.016211,121.220975,1438,W1,2768,Taiwan,PZ,1,8.0,2
5A-平鎮倉,76877 富鼎佳建設-中壢區,8.0,31.45,320,桃園市中壢區,桃園市中壢區青昇一街37號旁,1,RT202500007220,1.0,,25.016203,121.22097,1438,W1,2769,Taiwan,PZ,1,8.0,2
5A-平鎮倉,77174 誠宏建設-興東路,8.0,36.01,320,桃園市中壢區,桃園市中壢區興東路跟新生路二段373巷交叉路口,1,RT202500008745,1.0,,24.983808,121.219028,1438,W1,2770,Taiwan,PZ,1,8.0,2
5A-平鎮倉,77174 誠宏建設-興東路,8.0,36.01,320,桃園市中壢區,桃園市中壢區興東路跟新生路二段373巷交叉路口,1,RT202500008745,1.0,,24.983808,121.219028,1438,W1,2771,Taiwan,PZ,1,8.0,2
5A-平鎮倉,76532 東鐿營造-A20興南站,8.0,36.32,320,桃園市中壢區,桃園市中壢區中豐北路一段685號-A20興南站,1,RT202500005656,1.0,,24.983181,121.217075,1438,W1,2772,Taiwan,PZ,1,8.0,2
5A-平鎮倉,76532 東鐿營造-A20興南站,8.0,36.32,320,桃園市中壢區,桃園市中壢區中豐北路一段685號-A20興南站,1,RT202500005656,1.0,,24.983181,121.217075,1438,W1,2773,Taiwan,PZ,1,8.0,2
5A-平鎮倉,78055 崧耀開發-中豐北路,8.0,36.46,320,桃園市中壢區,桃園市中壢區中豐路與興北三路交叉口,1,RT20250000014102,1.0,,24.982806,121.215678,1438,W1,2774,Taiwan,PZ,1,8.0,2
5A-平鎮倉,74669 聖?營造-昭揚大綻,8.0,37.24,320,桃園市中壢區,桃園市中壢區新生路轉興北二路約500公尺,1,RT20240000012661,1.0,,24.98312,121.220695,1438,W1,2775,Taiwan,PZ,1,8.0,2
5A-平鎮倉,74669 聖?營造-昭揚大綻,8.0,37.36,320,桃園市中壢區,桃園市中壢區新生路轉興北二路約500公尺,1,RT20240000012560,1.0,,24.983256,121.220067,1438,W1,2776,Taiwan,PZ,1,8.0,2
5A-平鎮倉,73335 昭林建設-中壢A20,8.0,37.37,320,桃園市中壢區,桃園市中壢區興東路&興北二路交叉口,1,RT20250000010826,1.0,,24.983323,121.219753,1438,W1,2777,Taiwan,PZ,1,8.0,2
5A-平鎮倉,74669 聖?營造-昭揚大綻,8.0,37.45,320,桃園市中壢區,桃園市中壢區新生路轉興北二路約500公尺,1,RT20250000010969,1.0,,24.982914,121.220178,1438,W1,2778,Taiwan,PZ,1,8.0,2
5A-平鎮倉,73543 睿騏營造-黃國華,8.0,37.72,320,桃園市中壢區,桃園市中壢區新生路二段323號旁,1,RT20250000010783,1.0,,24.98307,121.222589,1438,W1,2779,Taiwan,PZ,1,8.0,2
5A-平鎮倉,72622 櫻花-豐興段215地號,8.0,38.09,320,桃園市中壢區,桃園市中壢區興東路300巷36-5號,1,RT202400003688,1.0,,24.981495,121.220698,1438,W1,2780,Taiwan,PZ,1,8.0,2
5A-平鎮倉,72622 櫻花-豐興段215地號,8.0,38.09,320,桃園市中壢區,桃園市中壢區興東路300巷36-5號,1,RT202400003688,1.0,,24.981495,121.220698,1438,W1,2781,Taiwan,PZ,1,8.0,2
5A-平鎮倉,77056 睿騏營造有限公司,8.0,38.24,320,桃園市中壢區,桃園市中壢區新生路二段233巷24號,1,RT202500007978,1.0,,24.980203,121.220686,1438,W1,2782,Taiwan,PZ,1,8.0,2
5A-平鎮倉,76670 興億營造-A20,8.0,38.4,320,桃園市中壢區,桃園市中壢區新生路二段233巷26-1號,1,RT202500006312,1.0,,24.9792,121.220398,1438,W1,2783,Taiwan,PZ,1,8.0,2
5A-平鎮倉,73080 厚陞建設-中壢,8.0,38.56,320,桃園市中壢區,桃園市中壢區中豐北路一段736巷28號,1,RT202400005922,1.0,,24.978661,121.219023,1438,W1,2784,Taiwan,PZ,1,8.0,2
5A-平鎮倉,73080 厚陞建設-中壢,8.0,38.58,320,桃園市中壢區,桃園市中壢區中豐北路一段600號,1,RT202500008620,1.0,,24.978567,121.218825,1438,W1,2785,Taiwan,PZ,1,8.0,2
5A-平鎮倉,77706 李春敏,8.0,39.06,320,桃園市中壢區,桃園市中壢區興北一路106號旁空地,1,RT20250000011175,1.0,,24.981214,121.221236,1438,W1,2786,Taiwan,PZ,1,8.0,2
5A-平鎮倉,76162 將泰營造-中壢,8.0,39.23,320,桃園市中壢區,桃園市中壢區新生路二段273號,1,RT202500007059,1.0,,24.981253,121.222709,1438,W1,2787,Taiwan,PZ,1,8.0,2
5A-平鎮倉,76162 將泰營造-中壢,8.0,39.23,320,桃園市中壢區,桃園市中壢區新生路二段273號,1,RT202500003839,1.0,,24.981228,121.222598,1438,W1,2788,Taiwan,PZ,1,8.0,2
5A-平鎮倉,78114 宜佳營造-中壢永清街,8.0,39.82,320,桃園市中壢區,桃園市中壢區永清街  靠近新生路二段48號7-11後面那條路,1,RT20250000012907,1.0,,24.97767,121.223928,1438,W1,2789,Taiwan,PZ,1,8.0,2
5A-平鎮倉,77391 陳俊廷,8.0,42.0,320,桃園市中壢區,桃園市中壢區中豐路160號對面工地,1,RT202500009656,1.0,,24.961883,121.219886,1438,W1,2790,Taiwan,PZ,1,8.0,2
5A-平鎮倉,53994 泛亞工程-八里區,8.0,58.77,249,新北市八里區,新北市八里區商港路-台北港電聯定位,1,RT20250000013751,,1.0,25.158475,121.375475,1395,W2,2791,Taipei,WG,2,16.0,13
5A-平鎮倉,58339 東丕營造-沉箱,8.0,59.27,249,新北市八里區,新北市八里區商港路-台北港(型塊-石料堆置區),1,RT202500009803,1.0,,25.157825,121.372125,1395,W1,2792,Taipei,WG,1,8.0,13
5A-平鎮倉,58339 東丕營造-沉箱,8.0,59.27,249,新北市八里區,新北市八里區商港路-台北港(型塊-石料堆置區),1,RT202500009803,1.0,,25.157825,121.372125,1395,W1,2793,Taipei,WG,1,8.0,13
5A-平鎮倉,57649 東丕營造-型塊,8.0,59.36,249,新北市八里區,新北市八里區商港路-台北港(沉箱-北內堤沈箱區),1,RT20250000012503,1.0,,25.158558,121.371686,1395,W1,2794,Taipei,WG,1,8.0,13
5A-平鎮倉,71620 東佶營造-台北港,8.0,60.24,249,新北市八里區,新北市八里區台北港電聯定位(64下來第1個門3號門等),1,RT202400009486,1.0,,25.163283,121.375411,1395,W1,2795,Taipei,WG,1,8.0,13
5A-平鎮倉,69483 旭源營造-新智慧,8.0,61.0,249,新北市八里區,新北市八里區商港路120號-帶定位-要換證-北堤,1,RT20250000010940,1.0,,25.166253,121.381386,1395,W1,2796,Taipei,WG,1,8.0,13
5A-平鎮倉,69483 旭源營造-新智慧,8.0,61.0,249,新北市八里區,新北市八里區商港路120號-帶定位-要換證-北堤,1,RT20250000010940,1.0,,25.166253,121.381386,1395,W1,2797,Taipei,WG,1,8.0,13
5A-平鎮倉,69483 旭源營造-新智慧,8.0,61.2,249,新北市八里區,新北市八里區商港路120號-帶定位,1,RT20250000011976,1.0,,25.166322,121.382131,1395,W1,2798,Taipei,WG,1,8.0,13
5A-平鎮倉,72603 長友-台北港N7,8.0,62.04,249,新北市八里區,新北市八里區廈竹圍25號-臺北港,1,RT20250000013566,,1.0,25.160581,121.380567,1395,W2,2799,Taipei,WG,2,16.0,13
5A-平鎮倉,72603 長友-台北港N7,8.0,62.04,249,新北市八里區,新北市八里區廈竹圍25號-臺北港,1,RT20250000013567,,1.0,25.160581,121.380567,1395,W2,2800,Taipei,WG,2,16.0,13
5A-平鎮倉,72603 長友-N7號貨櫃,8.0,63.12,249,新北市八里區,新北市八里區廈竹圍25號-臺北港,1,RT202400003647,,1.0,25.161878,121.37982,1395,W2,2801,Taipei,WG,2,16.0,13
5A-平鎮倉,72603 長友-N7號貨櫃,8.0,63.12,249,新北市八里區,新北市八里區廈竹圍25號-臺北港,1,RT202400003647,,1.0,25.161878,121.37982,1395,W2,2802,Taipei,WG,2,16.0,13
5A-平鎮倉,72603 長友-N7號貨櫃,8.0,63.12,249,新北市八里區,新北市八里區廈竹圍25號-臺北港,1,RT202400003647,,1.0,25.161878,121.37982,1395,W2,2803,Taipei,WG,2,16.0,13
5A-平鎮倉,72603 長友-N7號貨櫃,8.0,63.12,249,新北市八里區,新北市八里區廈竹圍25號-臺北港,1,RT202400003647,,1.0,25.161878,121.37982,1395,W2,2804,Taipei,WG,2,16.0,13
5A-平鎮倉,53994 泛亞工程-八里區,8.0,63.39,249,新北市八里區,新北市八里區商港路-台北港電聯定位,1,RT20250000013753,,1.0,25.159972,121.379278,1395,W2,2805,Taipei,WG,2,16.0,13
5A-平鎮倉,53994 泛亞工程-八里區,8.0,64.1,249,新北市八里區,新北市八里區商港路-台北港電聯定位,1,RT20250000013752,,1.0,25.158781,121.3753,1395,W2,2806,Taipei,WG,2,16.0,13
5A-平鎮倉,53994 泛亞工程-八里區,8.0,64.11,249,新北市八里區,新北市八里區商港路-台北港電聯定位,1,RT20250000013750,,1.0,25.158756,121.375303,1395,W2,2807,Taipei,WG,2,16.0,13
5A-平鎮倉,62675 台宙營造-八里台北港,8.0,64.12,249,新北市八里區,新北市八里區商港路-台北港電聯定位,1,RT202400005161,,1.0,25.158728,121.375178,1395,W2,2808,Taipei,WG,2,16.0,13
5A-平鎮倉,62675 台宙營造-八里台北港,8.0,64.12,249,新北市八里區,新北市八里區商港路-台北港電聯定位,1,RT202400005161,,1.0,25.158728,121.375178,1395,W2,2809,Taipei,WG,2,16.0,13
5A-平鎮倉,62675 台宙營造-八里台北港,8.0,64.12,249,新北市八里區,新北市八里區商港路-台北港電聯定位,1,RT202400005161,,1.0,25.158728,121.375178,1395,W2,2810,Taipei,WG,2,16.0,13
5A-平鎮倉,69483 旭源營造-新智慧,8.0,67.63,249,新北市八里區,新北市八里區商港路120號-帶定位,1,RT20250000011975,1.0,,25.167106,121.382075,1395,W1,2811,Taipei,WG,1,8.0,13
5A-平鎮倉,62671 雙統工程-泛亞工地,8.0,73.43,249,新北市八里區,新北市八里區商港路(台北港泛亞),1,RT202500008511,,1.0,25.157789,121.391411,1395,W2,2812,Taipei,WG,2,16.0,13
5A-平鎮倉,62671 雙統工程-泛亞工地,8.0,73.43,249,新北市八里區,新北市八里區商港路(台北港泛亞),1,RT202500008511,,1.0,25.157789,121.391411,1395,W2,2813,Taipei,WG,2,16.0,13
5A-平鎮倉,62671 雙統工程-泛亞工地,8.0,73.43,249,新北市八里區,新北市八里區商港路(台北港泛亞),1,RT202500008511,,1.0,25.157789,121.391411,1395,W2,2814,Taipei,WG,2,16.0,13
5A-平鎮倉,77517 竺園景觀-八里區,8.0,77.41,249,新北市八里區,新北市八里區埤頭里挖子尾街-附地標,1,RT20250000010228,1.0,,25.168195,121.414492,1395,W1,2815,Taipei,WG,1,8.0,13
5A-平鎮倉,77517 竺園景觀-八里區,8.0,77.41,249,新北市八里區,新北市八里區埤頭里挖子尾街-附地標,1,RT20250000010228,1.0,,25.168195,121.414492,1395,W1,2816,Taipei,WG,1,8.0,13
5A-平鎮倉,77118 中鼎營造-八里區,8.0,78.39,249,新北市八里區,新北市八里區博物館路200號附近-十三行博物館附近,1,RT202500008515,1.0,,25.161694,121.412397,1395,W1,2817,Taipei,WG,1,8.0,13
5A-平鎮倉,71842 統和營造股份有限公司,8.0,78.91,249,新北市八里區,新北市八里區仁愛路70號隔壁工地,1,RT20250000011056,1.0,,25.160178,121.411819,1395,W1,2818,Taipei,WG,1,8.0,13
5A-平鎮倉,76833 永有建設-銜接#74479中菲營造,8.0,79.91,249,新北市八里區,新北市八里區狀元路52號對面工地-銜接#74479中菲營造,1,RT202500007054,1.0,,25.154025,121.410908,1395,W1,2819,Taipei,WG,1,8.0,13
5A-平鎮倉,75977 ?益實業-五股,8.0,80.32,249,新北市八里區,新北市八里區文昌七街與文昌路交叉口,1,RT202500002971,1.0,,25.154653,121.413269,1395,W1,2820,Taipei,WG,1,8.0,13
5A-平鎮倉,68433 中華民國勞工安全衛生教育協會,8.0,80.96,249,新北市八里區,新北市八里區民治街5號-附圖自行定位,1,RT2025000563,1.0,,25.157975,121.415497,1395,W1,2821,Taipei,WG,1,8.0,13
5A-平鎮倉,61184 慶明工程行,8.0,83.34,249,新北市八里區,新北市八里區中華路２段488號(橘色貨櫃屋),1,RT202500003067,1.0,,25.145761,121.400122,1395,W1,2822,Taipei,WG,1,8.0,13
5A-平鎮倉,70335 順埕企業有限公司,8.0,84.1,249,新北市八里區,新北市八里區義民街41號,1,RT202500009447,1.0,,25.142558,121.394075,1395,W1,2823,Taipei,WG,1,8.0,13
5A-平鎮倉,70335 順埕企業有限公司,8.0,84.14,249,新北市八里區,新北市八里區義民街41號,1,RT202500009448,1.0,,25.142102,121.394197,1395,W1,2824,Taipei,WG,1,8.0,13
5A-平鎮倉,65300 旭源營造-八里-南堤,8.0,89.21,249,新北市八里區,新北市八里區中山路３段409號(八里焚化爐對面)-南堤,1,RT20250000013231,1.0,,25.146011,121.374864,1395,W1,2825,Taipei,WG,1,8.0,13
5A-平鎮倉,65513 工信工程-台北港,8.0,89.4,249,新北市八里區,新北市八里區台北港區內,1,RT20250000013574,1.0,,25.150108,121.375031,1395,W1,2826,Taipei,WG,1,8.0,13
5A-平鎮倉,65513 工信工程-台北港,8.0,89.4,249,新北市八里區,新北市八里區台北港區內,1,RT20250000013574,1.0,,25.150108,121.375031,1395,W1,2827,Taipei,WG,1,8.0,13
5A-平鎮倉,65300 旭源營造-八里-南堤,8.0,89.4,249,新北市八里區,新北市八里區中山路３段409號(八里焚化爐對面)-南堤,1,RT20250000014013,1.0,,25.146852,121.37412,1395,W1,2828,Taipei,WG,1,8.0,13
5A-平鎮倉,65300 旭源營造-八里-南堤,8.0,89.94,249,新北市八里區,新北市八里區中山路３段409號(八里焚化爐對面)-南堤,1,RT20250000013156,1.0,,25.1456,121.368431,1395,W1,2829,Taoyuan,WG,1,8.0,13
5A-平鎮倉,65300 旭源營造-八里-南堤,8.0,89.94,249,新北市八里區,新北市八里區中山路３段409號(八里焚化爐對面)-南堤,1,RT20250000013156,1.0,,25.1456,121.368431,1395,W1,2830,Taoyuan,WG,1,8.0,13
5A-平鎮倉,76891 金弘營造-八里焚化廠,8.0,91.23,249,新北市八里區,新北市八里區中山路三段409號-八里垃圾焚化廠,1,RT202500007316,1.0,,25.136064,121.368278,1395,W1,2831,Taoyuan,WG,1,8.0,13
5A-平鎮倉,64519 慧展-八里,8.0,95.35,249,新北市八里區,新北市八里區楓林路8鄰3之16號(倉庫)-電聯林先生帶定位,1,RT202400001720,1.0,,25.1297,121.382589,1395,W1,2832,Taipei,WG,1,8.0,13
5A-平鎮倉,70157 台鼎營造-龍米路,8.0,106.38,249,新北市八里區,新北市八里區龍米路一段197號,1,RT20250000012859,1.0,,25.131211,121.4514,1395,W1,2833,Taipei,WG,1,8.0,13
5D-五股倉,67195 英城-淡水,8.0,24.2,252,新北市三芝區,新北市三芝區大湖路&淡金公路上,1,RT20250000011385,1.0,,25.253358,121.473759,1270,W1,2834,Taipei,WG,1,8.0,13
5D-五股倉,67195 英城-淡水,8.0,24.2,252,新北市三芝區,新北市三芝區大湖路&淡金公路上,1,RT20250000011385,1.0,,25.253358,121.473759,1270,W1,2835,Taipei,WG,1,8.0,13
5D-五股倉,67195 英城-淡水,8.0,24.2,252,新北市三芝區,新北市三芝區大湖路&淡金公路上,1,RT20250000011383,1.0,,25.253358,121.473759,1270,W1,2836,Taipei,WG,1,8.0,13
5D-五股倉,68541 晉榮-歐立諾,8.0,27.0,252,新北市三芝區,新北市三芝區番子崙6-5號,1,RT20250000013345,1.0,,25.241944,121.488566,1270,W1,2837,Taipei,WG,1,8.0,13
5D-五股倉,71141 迪卡爾-銜接#69977佑晨,8.0,36.7,251,新北市淡水區,新北市淡水區淡金路3段159號,1,RT202500007194,1.0,,25.202256,121.448411,1260,W1,2838,Taipei,WG,1,8.0,13
5D-五股倉,76918 安生營造-新市段,8.0,38.2,251,新北市淡水區,新北市淡水區新市二路四段230巷洗車場旁工地,1,RT202500008542,1.0,,25.19165,121.445702,1260,W1,2839,Taipei,WG,1,8.0,13
5D-五股倉,77963 銨泰營造-淡水區,8.0,39.8,251,新北市淡水區,新北市淡水區沙崙路一段與濱海路二段交叉口,1,RT20250000012203,1.0,,25.190591,121.43245,1260,W1,2840,Taipei,WG,1,8.0,13
5D-五股倉,77963 銨泰營造-淡水區,8.0,39.8,251,新北市淡水區,新北市淡水區沙崙路一段與濱海路二段交叉口,1,RT20250000012203,1.0,,25.190591,121.43245,1260,W1,2841,Taipei,WG,1,8.0,13
5D-五股倉,68191 合謙建設-淡水,8.0,40.7,251,新北市淡水區,新北市淡水區新市二路３段82號(202巷),1,RT20250000012097,1.0,,25.19238,121.434297,1260,W1,2842,Taipei,WG,1,8.0,13
5D-五股倉,68191 合謙建設-淡水,8.0,40.8,251,新北市淡水區,新北市淡水區新市二路３段82號 1樓(202巷),1,RT20250000012096,1.0,,25.192222,121.434933,1260,W1,2843,Taipei,WG,1,8.0,13
5D-五股倉,77064 十得建設-濱海路一段,8.0,41.7,251,新北市淡水區,新北市淡水區濱海路一段&濱海路111巷口,1,RT202500008018,1.0,,25.188983,121.440539,1260,W1,2844,Taipei,WG,1,8.0,13
5D-五股倉,68340 齊陞-鉅陞ONE,8.0,42.1,251,新北市淡水區,新北市淡水區濱海路1段61號附近,1,RT20250000013764,1.0,,25.188175,121.442152,1260,W1,2845,Taipei,WG,1,8.0,13
5D-五股倉,68340 齊陞-鉅陞ONE,8.0,42.1,251,新北市淡水區,新北市淡水區濱海路1段61號附近,1,RT20250000013764,1.0,,25.188175,121.442152,1260,W1,2846,Taipei,WG,1,8.0,13
5D-五股倉,68340 齊陞-鉅陞ONE,8.0,42.1,251,新北市淡水區,新北市淡水區濱海路1段61號附近,1,RT20250000013764,1.0,,25.188175,121.442152,1260,W1,2847,Taipei,WG,1,8.0,13
5D-五股倉,68340 齊陞-鉅陞ONE,8.0,42.1,251,新北市淡水區,新北市淡水區濱海路1段61號附近,1,RT20250000013764,1.0,,25.188175,121.442152,1260,W1,2848,Taipei,WG,1,8.0,13
5D-五股倉,70809 旺邦-淡水服務所,8.0,42.9,251,新北市淡水區,新北市淡水區中山北路２段163號旁工地,1,RT202500003152,1.0,,25.183969,121.444375,1260,W1,2849,Taipei,WG,1,8.0,13
5D-五股倉,66610 藝起盛-淡水,8.0,45.3,251,新北市淡水區,新北市淡水區中正路235號,1,RT20250000012443,1.0,,25.173539,121.434569,1260,W1,2850,Taipei,WG,1,8.0,13
5D-五股倉,69355 國隆營造-淡水,8.0,47.4,251,新北市淡水區,新北市淡水區中正東路1段42巷進去工地,1,RT20250000010941,1.0,,25.164042,121.448741,1260,W1,2851,Taipei,WG,1,8.0,13
5D-五股倉,69355 國隆營造-淡水,8.0,47.4,251,新北市淡水區,新北市淡水區中正東路1段42巷進去工地,1,RT20250000010941,1.0,,25.164042,121.448741,1260,W1,2852,Taipei,WG,1,8.0,13
5D-五股倉,69355 國隆營造-淡水,8.0,47.4,251,新北市淡水區,新北市淡水區中正東路1段42巷進去工地,1,RT20250000010941,1.0,,25.164042,121.448741,1260,W1,2853,Taipei,WG,1,8.0,13
5D-五股倉,69355 國隆營造-淡水,8.0,47.4,251,新北市淡水區,新北市淡水區中正東路1段42巷進去工地,1,RT20250000010941,1.0,,25.164042,121.448741,1260,W1,2854,Taipei,WG,1,8.0,13
5D-五股倉,69355 國隆營造-淡水,8.0,47.4,251,新北市淡水區,新北市淡水區中正東路1段42巷進去工地,1,RT20250000010941,1.0,,25.164042,121.448741,1260,W1,2855,Taipei,WG,1,8.0,13
5D-五股倉,75772 旺邦-淡水服務所,8.0,49.3,251,新北市淡水區,新北市淡水區坪頂路72巷5號對面,1,RT202500002185,1.0,,25.163111,121.461628,1260,W1,2856,Taipei,WG,1,8.0,13
5D-五股倉,75772 旺邦-淡水服務所,8.0,49.3,251,新北市淡水區,新北市淡水區坪頂路72巷5號對面,1,RT202500002185,1.0,,25.163111,121.461628,1260,W1,2857,Taipei,WG,1,8.0,13
5D-五股倉,78078 忠明營造工程-淡水區,8.0,50.2,251,新北市淡水區,新北市淡水區中正東路與淡金路交叉口,1,RT20250000012792,1.0,,25.159269,121.456964,1260,W1,2858,Taipei,WG,1,8.0,13
5D-五股倉,78078 忠明營造工程-淡水區,8.0,50.2,251,新北市淡水區,新北市淡水區中正東路與淡金路交叉口,1,RT20250000012792,1.0,,25.159269,121.456964,1260,W1,2859,Taipei,WG,1,8.0,13
5D-五股倉,77363 寬聯營造-海天段,8.0,50.6,251,新北市淡水區,新北市淡水區八勢一街&中正東路二段交叉口-工地,1,RT202500009505,1.0,,25.155942,121.459631,1260,W1,2860,Taipei,WG,1,8.0,13
5D-五股倉,77363 寬聯營造-海天段,8.0,50.7,251,新北市淡水區,新北市淡水區八勢一街16號-工務所,1,RT202500009508,1.0,,25.156008,121.460003,1260,W1,2861,Taipei,WG,1,8.0,13
5D-五股倉,77363 寬聯營造-海天段,8.0,50.7,251,新北市淡水區,新北市淡水區八勢一街16號-工務所,1,RT202500009508,1.0,,25.156008,121.460003,1260,W1,2862,Taipei,WG,1,8.0,13
5D-五股倉,67632 大家-淡水,8.0,52.3,251,新北市淡水區,新北市淡水區中正東路2段143巷12弄40號旁,1,RT20250000013415,1.0,,25.147461,121.464019,1260,W1,2863,Taipei,WG,1,8.0,13
5D-五股倉,74038 德山-成泰路,8.0,58.9,248,新北市五股區,新北市五股區成泰路三段601巷24號,1,RT20250000012605,1.0,,25.103283,121.452075,1240,W1,2864,Taipei,WG,1,8.0,3
5D-五股倉,74884 新北市集福宮福德爺,8.0,59.3,248,新北市五股區,新北市五股區天乙路14號,1,RT20250000012606,1.0,,25.103294,121.449266,1240,W1,2865,Taipei,WG,1,8.0,3
5D-五股倉,73863 上裕開發-美食家,8.0,61.8,248,新北市五股區,新北市五股區成泰路二段224號,1,RT20250000011859,1.0,,25.086244,121.439602,1240,W1,2866,Taipei,WG,1,8.0,3
5D-五股倉,73863 上裕開發-美食家,8.0,61.8,248,新北市五股區,新北市五股區成泰路二段224號,1,RT20250000011858,1.0,,25.086033,121.439689,1240,W1,2867,Taipei,WG,1,8.0,3
5D-五股倉,74619 逸圻企業-五股夏綠地,8.0,62.8,248,新北市五股區,新北市五股區成泰路(五股夏綠地),1,RT202502,1.0,,25.078556,121.4415,1240,W1,2868,Taipei,WG,1,8.0,3
5D-五股倉,74619 逸圻企業-五股夏綠地,8.0,62.8,248,新北市五股區,新北市五股區成泰路(五股夏綠地),1,RT202502,1.0,,25.078556,121.4415,1240,W1,2869,Taipei,WG,1,8.0,3
5D-五股倉,68326 葆運企業-五股,8.0,63.9,248,新北市五股區,新北市五股區中興路３段7-1號 (車廠),1,RT20250091,1.0,,25.079456,121.44603,1240,W1,2870,Taipei,WG,1,8.0,3
5D-五股倉,69318 安倉營造-五股,8.0,64.8,248,新北市五股區,新北市五股區疏洪北路9-1號,1,RT202500009241,1.0,,25.083952,121.448389,1240,W1,2871,Taipei,WG,1,8.0,3
5D-五股倉,69318 安倉營造-五股,8.0,64.8,248,新北市五股區,新北市五股區疏洪北路9-1號,1,RT202500009241,1.0,,25.083952,121.448389,1240,W1,2872,Taipei,WG,1,8.0,3
5D-五股倉,69318 安倉營造-五股,8.0,64.8,248,新北市五股區,新北市五股區疏洪北路9-1號,1,RT202500009241,1.0,,25.083952,121.448389,1240,W1,2873,Taipei,WG,1,8.0,3
5D-五股倉,69318 安倉營造-五股,8.0,64.8,248,新北市五股區,新北市五股區疏洪北路9-1號,1,RT202500009241,1.0,,25.083952,121.448389,1240,W1,2874,Taipei,WG,1,8.0,3
5D-五股倉,69318 安倉營造-五股,8.0,64.8,248,新北市五股區,新北市五股區疏洪北路9-1號,1,RT202500009241,1.0,,25.083952,121.448389,1240,W1,2875,Taipei,WG,1,8.0,3
5D-五股倉,69318 安倉營造-五股,8.0,64.8,248,新北市五股區,新北市五股區疏洪北路9-1號,1,RT202500009241,1.0,,25.083952,121.448389,1240,W1,2876,Taipei,WG,1,8.0,3
5D-五股倉,69318 安倉營造-五股,8.0,64.8,248,新北市五股區,新北市五股區疏洪北路9-1號,1,RT202500009241,1.0,,25.083952,121.448389,1240,W1,2877,Taipei,WG,1,8.0,3
5D-五股倉,69318 安倉營造-五股,8.0,64.8,248,新北市五股區,新北市五股區疏洪北路9-1號,1,RT202500009241,1.0,,25.083952,121.448389,1240,W1,2878,Taipei,WG,1,8.0,3
5D-五股倉,60789 杰昌工程有限公司,8.0,66.5,248,新北市五股區,新北市五股區成泰路１段98巷(北極宮旁廠房)-電聯帶定位,1,RT202500001081,1.0,,25.072553,121.449591,1240,W1,2879,Taipei,WG,1,8.0,3
5D-五股倉,77571 李振亞,8.0,67.5,248,新北市五股區,新北市五股區成泰路一段98巷10號,1,RT20250000010540,1.0,,25.071061,121.440333,1240,W1,2880,Taipei,WG,1,8.0,3
5D-五股倉,78364 崇古文資-水碓路,8.0,69.4,248,新北市五股區,新北市五股區水碓一路60號旁工地,1,RT20250000013962,1.0,,25.073573,121.431745,1240,W1,2881,Taipei,WG,1,8.0,3
5D-五股倉,73536 三豐營造-新花開,8.0,70.1,248,新北市五股區,新北市五股區登林路67號,1,RT202500006947,1.0,,25.069578,121.428503,1240,W1,2882,Taipei,WG,1,8.0,3
5D-五股倉,72519 合康工程-五股,8.0,70.6,248,新北市五股區,新北市五股區自強路162號,1,RT20250000012821,1.0,,25.070039,121.43197,1240,W1,2883,Taipei,WG,1,8.0,3
5D-五股倉,57236 台灣檢驗科技,8.0,73.6,248,新北市五股區,新北市五股區五工路136-1號,1,RT202500006064,1.0,,25.069595,121.450756,1240,W1,2884,Taipei,WG,1,8.0,3
5D-五股倉,77275 朋揚營造-五工二路,8.0,74.1,248,新北市五股區,新北市五股區五工二路122號,1,RT202500009145,1.0,,25.070095,121.455231,1240,W1,2885,Taipei,WG,1,8.0,3
5A-平鎮倉,72709 聚樘營造-埔和國小附近,8.0,34.46,304,新竹縣新豐鄉,新竹縣新豐鄉埔頂516號對面工地-埔和國小附近,1,RT202500003506,1.0,,24.920375,120.985041,1475,W1,2886,Hsinchu,PZ,1,8.0,11
5A-平鎮倉,72709 聚樘營造-埔和國小附近,8.0,34.46,304,新竹縣新豐鄉,新竹縣新豐鄉埔頂516號對面工務所-埔和國小附近,1,RT202500003507,1.0,,24.920375,120.985041,1475,W1,2887,Hsinchu,PZ,1,8.0,11
5A-平鎮倉,72709 聚樘營造-埔和國小附近,8.0,34.46,304,新竹縣新豐鄉,新竹縣新豐鄉埔頂516號對面工務所-埔和國小附近,1,RT202500003507,1.0,,24.920375,120.985041,1475,W1,2888,Hsinchu,PZ,1,8.0,11
5A-平鎮倉,75224 凱築建設-晴空墅語2,8.0,35.05,304,新竹縣新豐鄉,新竹縣新豐鄉埔頂110號-附座標,1,RT20240000014796,1.0,,24.920831,120.989433,1475,W1,2889,Hsinchu,PZ,1,8.0,11
5A-平鎮倉,77832 凱築建設-晴空墅語3,8.0,35.26,304,新竹縣新豐鄉,新竹縣新豐鄉埔頂118號-晴空墅語3-附座標,1,RT20250000011547,1.0,,24.920906,120.991127,1475,W1,2890,Hsinchu,PZ,1,8.0,11
5A-平鎮倉,77101 程鈞營造股份有限公司,8.0,35.72,304,新竹縣新豐鄉,新竹縣新豐鄉396之五號-附地標(洗衣店後面),1,RT202500008343,1.0,,24.922584,120.987822,1475,W1,2891,Hsinchu,PZ,1,8.0,11
5A-平鎮倉,75783 興建東-雅生居2,8.0,37.99,304,新竹縣新豐鄉,新竹縣新豐鄉池府路175巷8號之1旁工地,1,RT202500002233,1.0,,24.908919,120.974259,1475,W1,2892,Hsinchu,PZ,1,8.0,11
5A-平鎮倉,76723 佑家營造-明曦泱泱,8.0,39.73,304,新竹縣新豐鄉,新竹縣新豐鄉新庄路353巷內工地,1,RT202500006672,1.0,,24.904978,120.983941,1475,W1,2893,Hsinchu,PZ,1,8.0,11
5A-平鎮倉,73622 森祐建設-傳承店鋪,8.0,39.98,304,新竹縣新豐鄉,新竹縣新豐鄉新市路141號(億客來對面),1,RT202400008026,1.0,,24.903344,120.984491,1475,W1,2894,Hsinchu,PZ,1,8.0,11
5A-平鎮倉,76150 凱豐廣告-凱豐廣告重興段五樓華夏,8.0,40.41,304,新竹縣新豐鄉,新竹縣新豐鄉新市路50號旁進去(市場),1,RT202500003828,1.0,,24.900392,120.986339,1475,W1,2895,Hsinchu,PZ,1,8.0,11
5A-平鎮倉,71251 森祐建設-森祐本善,8.0,40.84,304,新竹縣新豐鄉,新竹縣新豐鄉建興路二段790號對面(警消隔壁),1,RT20250000012221,1.0,,24.900964,120.986902,1475,W1,2896,Hsinchu,PZ,1,8.0,11
5A-平鎮倉,76157 東鐿營造-新豐,8.0,41.41,304,新竹縣新豐鄉,新竹縣新豐鄉自立街9號對面,1,RT20250000010263,1.0,,24.903025,120.989264,1475,W1,2897,Hsinchu,PZ,1,8.0,11
5A-平鎮倉,76157 東鐿營造-新豐,8.0,41.48,304,新竹縣新豐鄉,新竹縣新豐鄉自立街9號對面,1,RT202500003833,1.0,,24.903375,120.989719,1475,W1,2898,Hsinchu,PZ,1,8.0,11
5A-平鎮倉,74605 凱築建設-宜克拉,8.0,43.32,304,新竹縣新豐鄉,新竹縣新豐鄉建興路二段452巷,1,RT20240000012197,1.0,,24.890875,120.988725,1475,W1,2899,Hsinchu,PZ,1,8.0,11
5A-平鎮倉,75401 實大建設-集合住宅新建工程,8.0,45.82,304,新竹縣新豐鄉,"新竹縣新豐鄉上坑村坑子口162號-24°52'47.2""N 120°58'53.1""E",1,RT2025000515,1.0,,24.879778,120.981553,1475,W1,2900,Hsinchu,PZ,1,8.0,11
5A-平鎮倉,73885 湯沛婕-金世紀,8.0,47.5,304,新竹縣新豐鄉,新竹縣新豐鄉康泰路52號旁,1,RT20250000010944,1.0,,24.871003,120.989291,1475,W1,2901,Hsinchu,PZ,1,8.0,11
5A-平鎮倉,76584 富順工程-松林國小,8.0,47.96,304,新竹縣新豐鄉,新竹縣新豐鄉松林街99號-松林國小對面,1,RT20250000012442,1.0,,24.869361,120.99173,1475,W1,2902,Hsinchu,PZ,1,8.0,11
5A-平鎮倉,74236 ?國煥,8.0,51.24,304,新竹縣新豐鄉,"新竹縣新豐鄉24°53'09.1""N 121°00'12.7""E-新豐鄉綠景莊園",1,RT202500009852,1.0,,24.885283,121.002425,1475,W1,2903,Hsinchu,PZ,1,8.0,11
5A-平鎮倉,78148 景文營造工程-欣興生物中心,8.0,53.47,304,新竹縣新豐鄉,新竹縣新豐鄉中崙村290號-欣興電子新豐廠,1,RT20250000013008,1.0,,24.886186,121.008461,1475,W1,2904,Hsinchu,PZ,1,8.0,11
5A-平鎮倉,78148 景文營造工程-欣興生物中心,8.0,53.47,304,新竹縣新豐鄉,新竹縣新豐鄉中崙村290號-欣興電子新豐廠,1,RT20250000013008,1.0,,24.886186,121.008461,1475,W1,2905,Hsinchu,PZ,1,8.0,11
5A-平鎮倉,76772 政發工程有限公司,8.0,58.8,304,新竹縣新豐鄉,新竹縣新豐鄉青埔村57之1號旁附座標,1,RT20250000013573,1.0,,24.917073,121.00545,1475,W1,2906,Hsinchu,PZ,1,8.0,11
5A-平鎮倉,77450 豐琦營造-新屋區,8.0,65.44,327,桃園市新屋區,桃園市新屋區新湖路12號-附地標-電聯定位(望間里8鄰),1,RT202500009974,1.0,,24.944816,121.042266,1460,W1,2907,Hsinchu,PZ,1,8.0,11
5A-平鎮倉,76260 相宇工程-新屋15間段,8.0,66.12,327,桃園市新屋區,桃園市新屋區新湖路105巷20號-隔壁,1,RT202500004204,1.0,,24.945358,121.047105,1460,W1,2908,Hsinchu,PZ,1,8.0,11
5A-平鎮倉,76371 嘉垣建設-大坡段,8.0,67.52,327,桃園市新屋區,桃園市新屋區新湖路485巷16弄208號旁(河川、池塘),1,RT202500004881,1.0,,24.956311,121.046841,1460,W1,2909,Hsinchu,PZ,1,8.0,11
5A-平鎮倉,74719 宸?開發-新屋,8.0,69.57,327,桃園市新屋區,桃園市新屋區福隆路一段-附座標,1,RT20250000012064,1.0,,24.954367,121.058406,1460,W1,2910,Hsinchu,PZ,1,8.0,11
5A-平鎮倉,75279 帝發工程-新屋,8.0,69.78,327,桃園市新屋區,桃園市新屋區福隆路一段-附座標,1,RT20240000015137,1.0,,24.955386,121.060053,1460,W1,2911,Hsinchu,PZ,1,8.0,11
5A-平鎮倉,77806 得皇企業社,8.0,71.11,327,桃園市新屋區,桃園市新屋區社福路713巷-電聯定位,1,RT20250000011539,1.0,,24.962064,121.067742,1460,W1,2912,Hsinchu,PZ,1,8.0,11
5A-平鎮倉,76046 欣亞營造-方元雙星,8.0,72.04,327,桃園市新屋區,桃園市新屋區社福路501巷,1,RT202500004773,1.0,,24.958964,121.074095,1460,W1,2913,Hsinchu,PZ,1,8.0,11
5A-平鎮倉,76046 欣亞營造-方元雙星,8.0,72.07,327,桃園市新屋區,"桃園市新屋區社福路501巷24°57'32.1""N 121°04'27.7""E",1,RT202500003226,1.0,,24.958975,121.0744,1460,W1,2914,Hsinchu,PZ,1,8.0,11
5A-平鎮倉,76046 欣亞營造-方元雙星,8.0,72.07,327,桃園市新屋區,"桃園市新屋區社福路501巷24°57'32.1""N 121°04'27.7""E",1,RT202500003226,1.0,,24.958975,121.0744,1460,W1,2915,Hsinchu,PZ,1,8.0,11
5A-平鎮倉,76046 欣亞營造-方元雙星,8.0,72.07,327,桃園市新屋區,桃園市新屋區社福路501巷,1,RT202500005647,1.0,,24.958856,121.074431,1460,W1,2916,Hsinchu,PZ,1,8.0,11
5A-平鎮倉,78205 茂琳營造-,8.0,73.43,327,桃園市新屋區,桃園市新屋區社福路915號旁圍籬工地,1,RT20250000013245,1.0,,24.963942,121.063756,1460,W1,2917,Hsinchu,PZ,1,8.0,11
5A-平鎮倉,74424 慶源營造-昊司大坡段,8.0,75.53,327,桃園市新屋區,桃園市新屋區保安路333巷21弄58號隔壁,1,RT20240000011374,1.0,,24.968831,121.050036,1460,W1,2918,Hsinchu,PZ,1,8.0,11
5A-平鎮倉,67009 宸樂工程行,8.0,78.09,327,桃園市新屋區,桃園市新屋區民有二路2段-附座標,1,RT20250000010336,1.0,,24.962075,121.037689,1460,W1,2919,Hsinchu,PZ,1,8.0,11
5A-平鎮倉,77344 憶泰營造-台61縣,8.0,81.72,327,桃園市新屋區,桃園市新屋區台61縣301號附近-附地標,1,RT202500009405,1.0,,24.976178,121.017853,1460,W1,2920,Hsinchu,PZ,1,8.0,11
5A-平鎮倉,76682 鈞悠股份-銜接#74214,8.0,84.13,327,桃園市新屋區,桃園市新屋區文學路580號(3號咖啡),1,RT20250000010039,1.0,,24.973911,121.016825,1460,W1,2921,Hsinchu,PZ,1,8.0,11
5A-平鎮倉,63445 永豐餘工業,8.0,87.52,327,桃園市新屋區,桃園市新屋區永福路686號旁工地,1,RT20240000010493,1.0,,24.98473,121.0334,1460,W1,2922,Hsinchu,PZ,1,8.0,11
5A-平鎮倉,73625 駿踴建設-新屋永田,8.0,89.83,327,桃園市新屋區,桃園市新屋區永田路到底工地,1,RT202500007440,1.0,,24.985997,121.045966,1460,W1,2923,Hsinchu,PZ,1,8.0,11
5A-平鎮倉,75068 成莊廣告-新屋,8.0,91.16,327,桃園市新屋區,桃園市新屋區保安路一段177巷(永安國小圍牆右轉巷內約500公尺),1,RT20250000013361,1.0,,24.992069,121.042086,1460,W1,2924,Hsinchu,PZ,1,8.0,9
5A-平鎮倉,75068 成莊廣告-新屋,8.0,91.16,327,桃園市新屋區,桃園市新屋區保安路一段177巷(永安國小圍牆右轉巷內約500公尺),1,RT20250000013359,1.0,,24.992069,121.042086,1460,W1,2925,Hsinchu,PZ,1,8.0,9
5A-平鎮倉,69352 赫鴻工程-新屋,8.0,95.18,327,桃園市新屋區,桃園市新屋區東興路1800巷79號斜對面(藻礁區),1,RT20250000011967,1.0,,25.015333,121.035522,1460,W1,2926,Hsinchu,PZ,1,8.0,9
5A-平鎮倉,77249 德昌營造-航空城D2-三和路,8.0,33.3,337,桃園市大園區,桃園市大園區三和路45巷14號-大園重劃區-附地標,1,RT202500009036,1.0,,25.071778,121.252167,1440,W1,2927,Taiwan,PZ,1,8.0,12
5A-平鎮倉,65325 德昌-航空城D2標,8.0,33.9,337,桃園市大園區,桃園市大園區大牛稠17之2號,1,RT2025000382,1.0,,25.077092,121.253875,1440,W1,2928,Taiwan,PZ,1,8.0,12
5A-平鎮倉,65325 德昌-航空城D2標,8.0,33.9,337,桃園市大園區,桃園市大園區大牛稠17之2號,1,RT2025000382,1.0,,25.077092,121.253875,1440,W1,2929,Taiwan,PZ,1,8.0,12
5A-平鎮倉,65325 德昌-航空城D2標,8.0,33.9,337,桃園市大園區,桃園市大園區大牛稠17之2號及129號-分2處放(1+2),1,RT2025000383,1.0,,25.077092,121.253875,1440,W1,2930,Taiwan,PZ,1,8.0,12
5A-平鎮倉,65325 德昌-航空城D2標,8.0,33.9,337,桃園市大園區,桃園市大園區大牛稠17之2號及129號-分2處放(1+2),1,RT2025000383,1.0,,25.077092,121.253875,1440,W1,2931,Taiwan,PZ,1,8.0,12
5A-平鎮倉,65325 德昌-航空城D2標,8.0,33.9,337,桃園市大園區,桃園市大園區大牛稠17之2號及129號-分2處放(1+2),1,RT2025000383,1.0,,25.077092,121.253875,1440,W1,2932,Taiwan,PZ,1,8.0,12
5A-平鎮倉,73566 禾鎷工程,8.0,35.5,337,桃園市大園區,桃園市大園區三塊石47-45號-google梁全威畫室,1,RT202500007402,1.0,,25.067309,121.242686,1440,W1,2933,Taiwan,PZ,1,8.0,12
5A-平鎮倉,75200 德昌-航空城D2標,8.0,36.1,337,桃園市大園區,桃園市大園區福德宮大園三塊石埤西對面-附座標,1,RT20250000013831,1.0,,25.063736,121.238639,1440,W1,2934,Taiwan,PZ,1,8.0,12
5A-平鎮倉,75199 德昌-航空城D2標,8.0,37.4,337,桃園市大園區,桃園市大園區大海村大牛稠一鄰12-6號附近-附座標,1,RT20250000013828,1.0,,25.056475,121.228881,1440,W1,2935,Taiwan,PZ,1,8.0,12
5A-平鎮倉,76719 德昌-航空城D2-埔心街,8.0,37.9,337,桃園市大園區,桃園市大園區埔心街33-7號,1,RT202500006632,1.0,,25.055375,121.224625,1440,W1,2936,Taiwan,PZ,1,8.0,12
5A-平鎮倉,76719 德昌-航空城D2-埔心街,8.0,37.9,337,桃園市大園區,桃園市大園區埔心街33-7號,1,RT202500006632,1.0,,25.055375,121.224625,1440,W1,2937,Taiwan,PZ,1,8.0,12
5A-平鎮倉,78046 卓越建設-大園福隆宮旁,8.0,38.8,337,桃園市大園區,桃園市大園區埔心里-大園福隆宮旁工地-附地標-電聯定位,1,RT20250000012642,1.0,,25.0528,121.226598,1440,W1,2938,Taiwan,PZ,1,8.0,12
5A-平鎮倉,70976 國熒工程,8.0,40.2,337,桃園市大園區,桃園市大園區海豐坡15鄰6-3號(第三航廈機場咖啡對面工地,1,RT20250000011205,1.0,,25.057867,121.216586,1440,W1,2939,Taiwan,PZ,1,8.0,12
5A-平鎮倉,74050 大韓產機-第三航廈,8.0,40.4,337,桃園市大園區,桃園市大園區海豐坡--近第三航廈咖啡附座標,1,RT202400009942,1.0,,25.058867,121.216047,1440,W1,2940,Taiwan,PZ,1,8.0,12
5A-平鎮倉,77208 啟程營造-平安路,8.0,41.6,337,桃園市大園區,桃園市大園區平安路10號對面,1,RT202500008844,1.0,,25.060033,121.209361,1440,W1,2941,Taiwan,PZ,1,8.0,12
5A-平鎮倉,78102 冠蓁營造-大園重劃區2,8.0,42.0,337,桃園市大園區,桃園市大園區平安路64巷23弄46號旁工地-電聯林先生,1,RT20250000012882,1.0,,25.062758,121.209772,1440,W1,2942,Taiwan,PZ,1,8.0,12
5A-平鎮倉,68192 日月亭-大園,8.0,42.6,337,桃園市大園區,桃園市大園區平安路157號旁停車場,1,RT202500007136,1.0,,25.063667,121.206817,1440,W1,2943,Taiwan,PZ,1,8.0,12
5A-平鎮倉,68192 日月亭-大園,8.0,42.6,337,桃園市大園區,桃園市大園區平安路177號旁停車場,1,RT202500007135,1.0,,25.0638,121.206911,1440,W1,2944,Taiwan,PZ,1,8.0,12
5A-平鎮倉,76180 義力營造-埔心溪灌溉改道工程,8.0,44.0,337,桃園市大園區,"桃園市大園區圳頭路-25°04'28.2""N 121°12'18.5""E",1,RT202500003875,1.0,,25.07205,121.206661,1440,W1,2945,Taiwan,PZ,1,8.0,12
5A-平鎮倉,76180 義力營造-埔心溪灌溉改道工程,8.0,44.0,337,桃園市大園區,"桃園市大園區圳頭路-25°04'28.2""N 121°12'18.5""E",1,RT202500003875,1.0,,25.07205,121.206661,1440,W1,2946,Taiwan,PZ,1,8.0,12
5A-平鎮倉,73922 義力營造-R3機場-13,8.0,44.0,337,桃園市大園區,桃園市大園區中華路332號-附座標R3(13-1),1,RT202400009227,1.0,,25.07205,121.206661,1440,W1,2947,Taiwan,PZ,1,8.0,12
5A-平鎮倉,76587 義力營造-R3機場-15,8.0,44.0,337,桃園市大園區,桃園市大園區中華路318號附近,1,RT202500005844,1.0,,25.072109,121.206744,1440,W1,2948,Taiwan,PZ,1,8.0,12
5A-平鎮倉,76587 義力營造-R3機場-15,8.0,44.0,337,桃園市大園區,桃園市大園區中華路318號附近,1,RT202500005844,1.0,,25.072109,121.206744,1440,W1,2949,Taiwan,PZ,1,8.0,12
5A-平鎮倉,76587 義力營造-R3機場-15,8.0,44.0,337,桃園市大園區,桃園市大園區中華路318號附近,1,RT202500005844,1.0,,25.072109,121.206744,1440,W1,2950,Taiwan,PZ,1,8.0,12
5A-平鎮倉,76587 義力營造-R3機場-15,8.0,44.0,337,桃園市大園區,桃園市大園區中華路318號附近,1,RT202500005844,1.0,,25.072109,121.206744,1440,W1,2951,Taiwan,PZ,1,8.0,12
5A-平鎮倉,71313 義力營造-R3機場-1,8.0,44.0,337,桃園市大園區,桃園市大園區圳頭村5鄰27-2號附近-附座標R3,1,RT20230000013864,1.0,,25.072531,121.206506,1440,W1,2952,Taiwan,PZ,1,8.0,12
5A-平鎮倉,71313 義力營造-R3機場-1,8.0,44.0,337,桃園市大園區,桃園市大園區圳頭村5鄰27-2號附近-附座標R3,1,RT20230000013936,1.0,,25.072531,121.206506,1440,W1,2953,Taiwan,PZ,1,8.0,12
5A-平鎮倉,72366 義力營造-R3機場-6,8.0,44.0,337,桃園市大園區,桃園市大園區中華路353號-R3(6-1),1,RT202400002644,1.0,,25.072531,121.206506,1440,W1,2954,Taiwan,PZ,1,8.0,12
5A-平鎮倉,72366 義力營造-R3機場-6,8.0,44.0,337,桃園市大園區,桃園市大園區中華路353號-R3(6-1),1,RT202400002644,1.0,,25.072531,121.206506,1440,W1,2955,Taiwan,PZ,1,8.0,12
5A-平鎮倉,73923 義力營造-R3機場-14,8.0,46.0,337,桃園市大園區,桃園市大園區埔心里-附座標R3(14-1),1,RT202400009230,1.0,,25.066153,121.214008,1440,W1,2956,Taiwan,PZ,1,8.0,12
5A-平鎮倉,73252 義力營造-R3機場-12,8.0,46.0,337,桃園市大園區,桃園市大園區國際路一段645號-附座標R3(12-1),1,RT202400006599,1.0,,25.066153,121.214008,1440,W1,2957,Taiwan,PZ,1,8.0,12
5A-平鎮倉,73252 義力營造-R3機場-12,8.0,46.0,337,桃園市大園區,桃園市大園區國際路一段645號-附座標R3(12-1),1,RT202400006599,1.0,,25.066153,121.214008,1440,W1,2958,Taiwan,PZ,1,8.0,12
5A-平鎮倉,66671 東元-原偉銓,8.0,46.6,337,桃園市大園區,桃園市大園區航站北路608號(長榮航勤)北一崗前面右側,1,RT202400009457,1.0,,25.068011,121.217092,1440,W1,2959,Taiwan,PZ,1,8.0,12
5A-平鎮倉,66671 東元-原偉銓,8.0,46.6,337,桃園市大園區,桃園市大園區航站北路608號(長榮航勤)北一崗前面右側,1,RT202400009457,1.0,,25.068011,121.217092,1440,W1,2960,Taiwan,PZ,1,8.0,12
5A-平鎮倉,66671 東元-原偉銓,8.0,46.6,337,桃園市大園區,桃園市大園區航站北路608號(長榮航勤)北一崗前面右側,1,RT202400009457,1.0,,25.068011,121.217092,1440,W1,2961,Taiwan,PZ,1,8.0,12
5A-平鎮倉,66671 東元-原偉銓,8.0,46.6,337,桃園市大園區,桃園市大園區航站北路608號(長榮航勤)北一崗前面右側,1,RT202400009457,1.0,,25.068011,121.217092,1440,W1,2962,Taiwan,PZ,1,8.0,12
5A-平鎮倉,66671 東元-原偉銓,8.0,46.6,337,桃園市大園區,桃園市大園區航站北路608號(長榮航勤)北一崗前面右側,1,RT202400009457,1.0,,25.068011,121.217092,1440,W1,2963,Taiwan,PZ,1,8.0,12
5A-平鎮倉,66671 東元-原偉銓,8.0,46.6,337,桃園市大園區,桃園市大園區航站北路608號(長榮航勤)北一崗前面右側,1,RT202400009457,1.0,,25.068011,121.217092,1440,W1,2964,Taiwan,PZ,1,8.0,12
5A-平鎮倉,66671 東元-原偉銓,8.0,46.6,337,桃園市大園區,桃園市大園區航站北路608號(長榮航勤)北一崗前面右側,1,RT202400009457,1.0,,25.068011,121.217092,1440,W1,2965,Taiwan,PZ,1,8.0,12
5A-平鎮倉,76766 泓昇營造-航空城-1068地號,8.0,52.0,337,桃園市大園區,桃園市大園區大竹南路937-1號對面(航空城重劃區-地號1068,1,RT202500006881,1.0,,25.049397,121.240091,1440,W1,2966,Taiwan,PZ,1,8.0,12
5A-平鎮倉,77728 佳運工程行-航空城-7,8.0,52.0,337,桃園市大園區,桃園市大園區大海里福海段745-746地號-大園重劃區-附地標,1,RT20250000011267,1.0,,25.049444,121.239989,1440,W1,2967,Taiwan,PZ,1,8.0,12
5A-平鎮倉,77487 伯皇營造-福海段729地號,8.0,52.2,337,桃園市大園區,桃園市大園區大竹南路-航空城,1,RT20250000010086,1.0,,25.049058,121.240375,1440,W1,2968,Taiwan,PZ,1,8.0,12
5A-平鎮倉,76826 合偉-航空城,8.0,52.2,337,桃園市大園區,桃園市大園區大竹南路-航空城重劃區,1,RT202500007032,1.0,,25.048714,121.240041,1440,W1,2969,Taiwan,PZ,1,8.0,12
5A-平鎮倉,76206 詹勳展-同冠晴,8.0,52.3,337,桃園市大園區,"桃園市大園區大竹南路25°02'51.8""N 121°14'22.9""E",1,RT202500004016,1.0,,25.048061,121.239802,1440,W1,2970,Taiwan,PZ,1,8.0,12
5A-平鎮倉,77565 秝埜營造-陳萬金,8.0,52.4,337,桃園市大園區,桃園市大園區大竹南路81號-航空城重劃區,1,RT20250000010501,1.0,,25.048614,121.240419,1440,W1,2971,Taiwan,PZ,1,8.0,12
5A-平鎮倉,77033 佳運工程行-航空城-4,8.0,52.4,337,桃園市大園區,桃園市大園區大海里福海段841地號-附地標-大園重劃區,1,RT202500007898,1.0,,25.048666,121.240614,1440,W1,2972,Taiwan,PZ,1,8.0,12
5A-平鎮倉,77548 東騏營造-福海段822地號,8.0,52.5,337,桃園市大園區,桃園市大園區大竹南路-航空城-822地號,1,RT20250000010413,1.0,,25.049089,121.240825,1440,W1,2973,Taiwan,PZ,1,8.0,12
5A-平鎮倉,77086 秝埜營造-陳榮彰,8.0,52.6,337,桃園市大園區,桃園市大園區大竹南路81號-航空城重劃區,1,RT202500008177,1.0,,25.049439,121.240836,1440,W1,2974,Taiwan,PZ,1,8.0,12
5A-平鎮倉,77729 佳運工程行-航空城-8,8.0,52.6,337,桃園市大園區,桃園市大園區大海里福海段790-791地號-大園重劃區-附地標,1,RT20250000011268,1.0,,25.049891,121.241422,1440,W1,2975,Taiwan,PZ,1,8.0,12
5A-平鎮倉,78300 前衛營造-福海段671.674地號,8.0,52.7,337,桃園市大園區,桃園市大園區海福路附近-福海段671~674地號-附地標,1,RT20250000013600,1.0,,25.0504,121.2412,1440,W1,2976,Taiwan,PZ,1,8.0,12
5A-平鎮倉,78326 勤實創新營造-福海段897.898地號,8.0,52.9,337,桃園市大園區,桃園市大園區福康路附近-福海段897.898地號-附地標,1,RT20250000013761,1.0,,25.04953,121.241816,1440,W1,2977,Taiwan,PZ,1,8.0,12
5A-平鎮倉,78053 佳運工程行-航空城-14,8.0,52.9,337,桃園市大園區,桃園市大園區大海里福海段900地號-附地標,1,RT20250000012671,1.0,,25.049536,121.241725,1440,W1,2978,Taiwan,PZ,1,8.0,12
5A-平鎮倉,78373 偉軒營造-航空程大竹南路,8.0,52.9,337,桃園市大園區,桃園市大園區大竹南路-附座標,1,RT20250000014003,1.0,,25.049347,121.241583,1440,W1,2979,Taiwan,PZ,1,8.0,12
5A-平鎮倉,78155 永融營造-福海段815.816地號-N棟,8.0,52.9,337,桃園市大園區,桃園市大園區大園重劃區-福海段815816地號-附工務所地標電聯定位,1,RT20250000013025,1.0,,25.049264,121.241425,1440,W1,2980,Taiwan,PZ,1,8.0,12
5A-平鎮倉,77337 秝埜營造-李秋和,8.0,53.1,337,桃園市大園區,桃園市大園區大竹南路81號-航空城重劃區,1,RT202500009356,1.0,,25.048705,121.241508,1440,W1,2981,Taiwan,PZ,1,8.0,12
5A-平鎮倉,76508 祥鼎營造-大海里-2,8.0,53.1,337,桃園市大園區,"桃園市大園區大海里25°02'53.1""N 121°14'28.1""E",1,RT202500005523,1.0,,25.048327,121.241144,1440,W1,2982,Taiwan,PZ,1,8.0,12
5A-平鎮倉,77802 樘鈺營造-福海段948,8.0,53.1,337,桃園市大園區,桃園市大園區大竹南路-航空城-福海段948地號,1,RT20250000011836,1.0,,25.048283,121.241094,1440,W1,2983,Taiwan,PZ,1,8.0,12
5A-平鎮倉,76370 和翔家營,8.0,53.3,337,桃園市大園區,桃園市蘆竹區(大園區)宏竹路-航空城重劃區,1,RT202500004880,1.0,,25.048652,121.242469,1440,W1,2984,Taiwan,PZ,1,8.0,12
5A-平鎮倉,78296 謙平營造-福海段1104.1105地號,8.0,53.5,337,桃園市大園區,桃園市大園區宏竹路附近-福海段1104.1105地號-附地標,1,RT20250000013596,1.0,,25.048291,121.2426,1440,W1,2985,Taiwan,PZ,1,8.0,12
5A-平鎮倉,78269 佳運工程行-航空城-16,8.0,53.5,337,桃園市大園區,桃園市大園區大海里福海段1107地號-附地標,1,RT20250000013485,1.0,,25.048189,121.242447,1440,W1,2986,Taiwan,PZ,1,8.0,12
5A-平鎮倉,76765 泓昇營造-航空城-711地號,8.0,53.7,337,桃園市大園區,桃園市大園區大竹南路937-1號對面(航空城重劃區-地號711,1,RT202500006859,1.0,,25.047819,121.241316,1440,W1,2987,Taiwan,PZ,1,8.0,12
5A-平鎮倉,76420 德山營造-福海段1198/1199地號,8.0,53.9,337,桃園市大園區,"桃園市大園區大竹南路81號對面工區大門25°02'49.9""N 121°14'31.7""E",1,RT202500005178,1.0,,25.047216,121.242108,1440,W1,2988,Taiwan,PZ,1,8.0,12
5A-平鎮倉,68329 伸松工程-能源中心,8.0,64.0,337,桃園市大園區,桃園市大園區第三航廈外(大園區航站北路608號),1,RT20240000014208,,1.0,25.069978,121.220103,1440,W2,2989,Taiwan,PZ,2,16.0,12
5A-平鎮倉,68329 伸松工程-能源中心,8.0,64.0,337,桃園市大園區,桃園市大園區第三航廈外(大園區航站北路608號),1,RT20240000014208,,1.0,25.069978,121.220103,1440,W2,2990,Taiwan,PZ,2,16.0,12
5A-平鎮倉,68329 伸松工程-能源中心,8.0,64.0,337,桃園市大園區,桃園市大園區第三航廈外(大園區航站北路608號),1,RT20240000014208,,1.0,25.069978,121.220103,1440,W2,2991,Taiwan,PZ,2,16.0,12
5A-平鎮倉,68329 伸松工程-能源中心,8.0,64.0,337,桃園市大園區,桃園市大園區第三航廈外(大園區航站北路608號),1,RT20240000014208,,1.0,25.069978,121.220103,1440,W2,2992,Taiwan,PZ,2,16.0,12
5A-平鎮倉,68329 伸松工程-能源中心,8.0,64.0,337,桃園市大園區,桃園市大園區第三航廈外(大園區航站北路608號),1,RT20240000014208,,1.0,25.069978,121.220103,1440,W2,2993,Taiwan,PZ,2,16.0,12
5A-平鎮倉,68329 伸松工程-能源中心,8.0,64.0,337,桃園市大園區,桃園市大園區第三航廈外(大園區航站北路608號),1,RT20240000014208,,1.0,25.069978,121.220103,1440,W2,2994,Taiwan,PZ,2,16.0,12
5A-平鎮倉,77960 建中工程股份有限公司,8.0,47.53,300,新竹市東北香山,新竹市北區公道五路四段與東大路三段110巷口-電聯定位,1,RT20250000012201,1.0,,24.832681,120.956075,1570,W1,2995,Hsinchu,PZ,1,8.0,0
5A-平鎮倉,70709 品益建設-榮濱路,8.0,51.11,300,新竹市東北香山,新竹市北區榮濱路19巷27號,1,RT20250000010660,1.0,,24.841008,120.928673,1570,W1,2996,Hsinchu,PZ,1,8.0,0
5A-平鎮倉,70709 品益建設-榮濱路,20.0,51.14,300,新竹市東北香山,新竹市北區榮濱路19巷27號,10,RT202500008589,1.0,,24.840927,120.928698,1570,W1,2997,Hsinchu,PZ,1,20.0,0
5A-平鎮倉,70709 品益建設-榮濱路,20.0,51.16,300,新竹市東北香山,新竹市北區榮濱路19巷27號,5,RT202500003256,1.0,,24.840808,120.92885,1570,W1,2998,Hsinchu,PZ,1,20.0,0
5A-平鎮倉,74587 崴浚營造-富美路,8.0,52.58,300,新竹市東北香山,新竹市北區富美路35號,1,RT20250000011554,1.0,,24.841047,120.939222,1570,W1,2999,Hsinchu,PZ,1,8.0,0
5A-平鎮倉,72532 碩美營造-朋晨,8.0,53.09,300,新竹市東北香山,新竹市北區東大路三段570號旁,1,RT202400003418,1.0,,24.838227,120.940922,1570,W1,3000,Hsinchu,PZ,1,8.0,0
5A-平鎮倉,76807 諺茂營造-同#70125,8.0,53.23,300,新竹市東北香山,新竹市北區東大路三段439巷6號對面工地,1,RT202500006992,1.0,,24.837383,120.940483,1570,W1,3001,Hsinchu,PZ,1,8.0,0
5A-平鎮倉,76768 彭建瑄,5.0,53.88,300,新竹市東北香山,新竹市北區東大路３段311-1號,1,RT202500006866,1.0,,24.835044,120.944644,1570,W1,3002,Hsinchu,PZ,1,5.0,0
5A-平鎮倉,77670 廣京營造-公道五路,8.0,55.06,300,新竹市東北香山,新竹市北區公道五路五段33號旁工地-附圖自行定位,1,RT20250000011028,1.0,,24.833114,120.952283,1570,W1,3003,Hsinchu,PZ,1,8.0,0
5A-平鎮倉,74186 家益建設-士林段8-22P,8.0,56.85,300,新竹市東北香山,新竹市北區士林北路(幼兒園附近工地),1,RT20250000013289,1.0,,24.821378,120.955086,1570,W1,3004,Hsinchu,PZ,1,8.0,0
5A-平鎮倉,67561 圓家華建設-新竹,8.0,57.04,300,新竹市東北香山,新竹市北區士林二街110號,1,RT20250000010998,1.0,,24.821334,120.954222,1570,W1,3005,Hsinchu,PZ,1,8.0,0
5A-平鎮倉,67561 圓家華建設-新竹,8.0,57.04,300,新竹市東北香山,新竹市北區士林二街110號,1,RT20250000010998,1.0,,24.821334,120.954222,1570,W1,3006,Hsinchu,PZ,1,8.0,0
5A-平鎮倉,69610 張哲瑋,8.0,58.13,300,新竹市東北香山,新竹市北區成功路107號,1,RT20250000012579,1.0,,24.814167,120.955417,1570,W1,3007,Hsinchu,PZ,1,8.0,0
5A-平鎮倉,78358 翊僑營造-北區境福街,8.0,58.88,300,新竹市東北香山,新竹市北區境福街201巷-電聯定位,1,RT20250000013942,1.0,,24.819548,120.95795,1570,W1,3008,Hsinchu,PZ,1,8.0,0
5A-平鎮倉,78247 鉦億營造有限公司,8.0,59.28,300,新竹市東北香山,新竹市北區鐵道路三段42號旁,1,RT20250000013431,1.0,,24.818945,120.960367,1570,W1,3009,Hsinchu,PZ,1,8.0,0
5A-平鎮倉,75041 金銳開發-北區,8.0,59.65,300,新竹市東北香山,新竹市北區中正路418巷27弄20號,1,RT20240000014077,1.0,,24.816886,120.960375,1570,W1,3010,Hsinchu,PZ,1,8.0,0
5A-平鎮倉,73824 元益-金雅有里,8.0,59.95,300,新竹市東北香山,新竹市北區金雅二街&金雅一街交叉口,1,RT202400008798,1.0,,24.816667,120.962158,1570,W1,3011,Hsinchu,PZ,1,8.0,0
5A-平鎮倉,75352 中天工程-竹光路,8.0,60.52,300,新竹市東北香山,新竹市北區竹光路15號,1,RT2025000300,1.0,,24.814681,120.961539,1570,W1,3012,Hsinchu,PZ,1,8.0,0
5A-平鎮倉,75395 鴻翰營造-鴻藏,8.0,61.5,300,新竹市東北香山,新竹市北區西大路734號旁,1,RT202500002684,1.0,,24.809992,120.959347,1570,W1,3013,Hsinchu,PZ,1,8.0,0
5A-平鎮倉,75395 鴻翰營造-鴻藏,8.0,61.5,300,新竹市東北香山,新竹市北區西大路734號旁,1,RT202500002684,1.0,,24.809992,120.959347,1570,W1,3014,Hsinchu,PZ,1,8.0,0
5A-平鎮倉,69241 竹富建設-城北街,8.0,62.11,300,新竹市東北香山,新竹市北區城北街77號旁工地,1,RT20250000011882,1.0,,24.811167,120.9636,1570,W1,3015,Hsinchu,PZ,1,8.0,0
5A-平鎮倉,67424 偉邦-圖書館新建,8.0,62.8,300,新竹市東北香山,新竹市東區東大路2段17號,1,RT20250000011945,,1.0,24.812244,120.968606,1570,W2,3016,Hsinchu,PZ,2,16.0,0
5A-平鎮倉,67424 偉邦-圖書館新建,8.0,62.8,300,新竹市東北香山,新竹市東區東大路2段17號,1,RT20250000011945,,1.0,24.812244,120.968606,1570,W2,3017,Hsinchu,PZ,2,16.0,0
5A-平鎮倉,67424 偉邦-圖書館新建,8.0,62.8,300,新竹市東北香山,新竹市東區東大路2段17號,1,RT20250000011944,,1.0,24.812244,120.968606,1570,W2,3018,Hsinchu,PZ,2,16.0,0
5A-平鎮倉,67424 偉邦-圖書館新建,8.0,62.8,300,新竹市東北香山,新竹市東區東大路2段17號,1,RT20250000011944,,1.0,24.812244,120.968606,1570,W2,3019,Hsinchu,PZ,2,16.0,0
5A-平鎮倉,66855 福蒞有限-新竹,8.0,63.7,300,新竹市東北香山,新竹市北區北門街200號,1,RT20250000013754,1.0,,24.809222,120.965333,1570,W1,3020,Hsinchu,PZ,1,8.0,0
5A-平鎮倉,75294 美紳建設-水田街,8.0,64.68,300,新竹市東北香山,新竹市北區水田街206巷1號,1,RT202505,1.0,,24.816228,120.969106,1570,W1,3021,Hsinchu,PZ,1,8.0,0
5A-平鎮倉,77839 隆燁營造-香鈺,8.0,65.54,300,新竹市東北香山,新竹市北區湳雅街186-4號-自行定位,1,RT20250000011602,1.0,,24.821453,120.974995,1570,W1,3022,Hsinchu,PZ,1,8.0,0
5A-平鎮倉,71199 鴻翰營造-鴻萃,8.0,65.87,300,新竹市東北香山,新竹市北區鐵道路二段146號對面,1,RT20240000010359,1.0,,24.821353,120.972542,1570,W1,3023,Hsinchu,PZ,1,8.0,0
5A-平鎮倉,71199 鴻翰營造-鴻萃,8.0,65.87,300,新竹市東北香山,新竹市北區鐵道路二段146號對面-1F,1,RT20250000012848,1.0,,24.821353,120.972542,1570,W1,3024,Hsinchu,PZ,1,8.0,0
5A-平鎮倉,71199 鴻翰營造-鴻萃,8.0,65.87,300,新竹市東北香山,新竹市北區鐵道路二段146號對面-1F,1,RT20250000012848,1.0,,24.821353,120.972542,1570,W1,3025,Hsinchu,PZ,1,8.0,0
5A-平鎮倉,75560 隆燁營造-鐵道路,8.0,65.87,300,新竹市東北香山,新竹市北區鐵道路二段140號旁,1,RT202500001334,1.0,,24.821395,120.972475,1570,W1,3026,Hsinchu,PZ,1,8.0,0
5A-平鎮倉,71199 鴻翰營造-鴻萃,18.0,65.88,300,新竹市東北香山,新竹市北區鐵道路二段146號對面,12,RT202500001170,1.0,,24.821414,120.972445,1570,W1,3027,Hsinchu,PZ,1,18.0,0
5A-平鎮倉,71199 鴻翰營造-鴻萃,18.0,65.88,300,新竹市東北香山,新竹市北區鐵道路二段146號對面,15,RT202500003569,1.0,,24.821414,120.972445,1570,W1,3028,Hsinchu,PZ,1,18.0,0
5A-平鎮倉,71199 鴻翰營造-鴻萃,18.0,65.88,300,新竹市東北香山,新竹市北區鐵道路二段146號對面,6,RT20240000012568,1.0,,24.821414,120.972445,1570,W1,3029,Hsinchu,PZ,1,18.0,0
5A-平鎮倉,71199 鴻翰營造-鴻萃,18.0,65.88,300,新竹市東北香山,新竹市北區鐵道路二段146號對面,9,RT20240000014101,1.0,,24.821414,120.972445,1570,W1,3030,Hsinchu,PZ,1,18.0,0
5A-平鎮倉,71199 鴻翰營造-鴻萃,18.0,65.88,300,新竹市東北香山,新竹市北區鐵道路二段146號對面,18,RT202500005309,1.0,,24.82142,120.972436,1570,W1,3031,Hsinchu,PZ,1,18.0,0
5A-平鎮倉,71199 鴻翰營造-鴻萃,18.0,65.89,300,新竹市東北香山,新竹市北區鐵道路二段146號對面,21,RT202500007411,1.0,,24.821475,120.972353,1570,W1,3032,Hsinchu,PZ,1,18.0,0
5A-平鎮倉,72430 東福營造-鐵道路,8.0,66.45,300,新竹市東北香山,新竹市北區鐵道路二段286巷工地,1,RT20250000010610,1.0,,24.823667,120.967484,1570,W1,3033,Hsinchu,PZ,1,8.0,0
5A-平鎮倉,78217 威慶營造有限公司,8.0,67.08,300,新竹市東北香山,新竹市北區武陵路325號-附地標,1,RT20250000013291,1.0,,24.825086,120.971409,1570,W1,3034,Hsinchu,PZ,1,8.0,0
5A-平鎮倉,73871 鴻翰營造-畇光,8.0,67.92,300,新竹市東北香山,新竹市北區金雅西街125號,1,RT202400009071,1.0,,24.826475,120.964894,1570,W1,3035,Hsinchu,PZ,1,8.0,0
5A-平鎮倉,71855 元益-金雅有山,8.0,68.31,300,新竹市東北香山,新竹市北區金農路116號,1,RT20230000015718,1.0,,24.825023,120.962158,1570,W1,3036,Hsinchu,PZ,1,8.0,0
5A-平鎮倉,77156 麒燿營造-青山路,8.0,42.11,333,桃園市龜山區,桃園市龜山區青山路與文青路交叉口工地內,1,RT202500008650,1.0,,25.04,121.387,1410,W1,3037,Taipei,WG,1,8.0,3
5A-平鎮倉,74763 田鼎-龜山亞東氣體,8.0,44.59,333,桃園市龜山區,桃園市龜山區華亞一路&科技九路交叉口工地-追加,1,RT202500009987,,1.0,25.033164,121.371536,1410,W2,3038,Taoyuan,WG,2,16.0,3
5A-平鎮倉,74763 田鼎-龜山亞東氣體,8.0,44.59,333,桃園市龜山區,桃園市龜山區華亞一路&科技九路交叉口工地,1,RT202500008119,,1.0,25.033164,121.371536,1410,W2,3039,Taoyuan,WG,2,16.0,3
5A-平鎮倉,74763 田鼎-龜山亞東氣體,8.0,44.59,333,桃園市龜山區,桃園市龜山區華亞一路&科技九路交叉口工地,1,RT202500008119,,1.0,25.033164,121.371536,1410,W2,3040,Taoyuan,WG,2,16.0,3
5A-平鎮倉,74763 田鼎-龜山亞東氣體,8.0,44.59,333,桃園市龜山區,桃園市龜山區華亞一路&科技九路交叉口工地,1,RT202500008119,,1.0,25.033164,121.371536,1410,W2,3041,Taoyuan,WG,2,16.0,3
5A-平鎮倉,74763 田鼎-龜山亞東氣體,8.0,44.59,333,桃園市龜山區,桃園市龜山區華亞一路&科技九路交叉口工地,1,RT202500008119,,1.0,25.033164,121.371536,1410,W2,3042,Taoyuan,WG,2,16.0,3
5A-平鎮倉,74763 田鼎-龜山亞東氣體,8.0,44.59,333,桃園市龜山區,桃園市龜山區華亞一路&科技九路交叉口工地,1,RT202500008119,,1.0,25.033164,121.371536,1410,W2,3043,Taoyuan,WG,2,16.0,3
5A-平鎮倉,74763 田鼎-龜山亞東氣體,8.0,44.59,333,桃園市龜山區,桃園市龜山區華亞一路&科技九路交叉口工地,1,RT202500008119,,1.0,25.033164,121.371536,1410,W2,3044,Taoyuan,WG,2,16.0,3
5A-平鎮倉,74537 晉煌營造-頂湖,8.0,49.68,333,桃園市龜山區,桃園市龜山區頂湖路72號(頂湖超高壓變電所),1,RT20250000011127,,1.0,25.0343,121.362003,1410,W2,3045,Taoyuan,WG,2,16.0,3
5A-平鎮倉,74537 晉煌營造-頂湖,8.0,49.68,333,桃園市龜山區,桃園市龜山區頂湖路72號(頂湖超高壓變電所),1,RT20250000011127,,1.0,25.0343,121.362003,1410,W2,3046,Taoyuan,WG,2,16.0,3
5A-平鎮倉,73757 達龍營造-舊東路,8.0,54.57,333,桃園市龜山區,桃園市龜山區東舊路街118巷71號,1,RT20250000010779,1.0,,25.013292,121.36905,1410,W1,3047,Taoyuan,WG,1,8.0,3
5A-平鎮倉,69705 百川建設-萬壽路,8.0,58.35,333,桃園市龜山區,桃園市龜山區萬壽路二段601巷旁,1,RT20250000012629,,1.0,24.997869,121.34683,1410,W2,3048,Taoyuan,WG,2,16.0,4
5A-平鎮倉,76126 連莉建設-龜山,8.0,60.1,333,桃園市龜山區,桃園市龜山區明成街101巷與大同路281巷口,1,RT202500003724,1.0,,24.990636,121.346719,1410,W1,3049,Taoyuan,WG,1,8.0,4
5A-平鎮倉,76193 旭源營造--大同段748地號,8.0,61.06,333,桃園市龜山區,桃園市龜山區明德路162巷-大同段748地號,1,RT202500003899,1.0,,24.991611,121.340139,1410,W1,3050,Taoyuan,WG,1,8.0,4
5A-平鎮倉,76193 旭源營造--大同段748地號,8.0,61.06,333,桃園市龜山區,桃園市龜山區明德路162巷-大同段748地號,1,RT202500003899,1.0,,24.991611,121.340139,1410,W1,3051,Taoyuan,WG,1,8.0,4
5A-平鎮倉,75787 長友營造-欣興電子,8.0,62.74,333,桃園市龜山區,桃園市龜山區山鶯路文華巷2號,1,RT202500005433,,1.0,24.98493,121.330453,1410,W2,3052,Taoyuan,PZ,2,16.0,10
5A-平鎮倉,75787 長友營造-欣興電子,8.0,62.78,333,桃園市龜山區,桃園市龜山區山鶯路文華巷2號,1,RT202500005436,,1.0,24.984814,121.330225,1410,W2,3053,Taoyuan,PZ,2,16.0,10
5A-平鎮倉,67136 威騰營造-桃鶯,8.0,64.92,330,桃園市桃園區,桃園市桃園區桃鶯路525巷23號旁,1,RT20250000011100,1.0,,24.974723,121.3258,1420,W1,3054,Taoyuan,PZ,1,8.0,10
5A-平鎮倉,67136 威騰營造-桃鶯,8.0,64.92,330,桃園市桃園區,桃園市桃園區桃鶯路525巷23號旁,1,RT20250000011100,1.0,,24.974723,121.3258,1420,W1,3055,Taoyuan,PZ,1,8.0,10
5A-平鎮倉,77231 麒田-南僑油脂,8.0,66.47,333,桃園市龜山區,桃園市龜山區興邦路35號,1,RT202500008945,1.0,,24.983092,121.326273,1410,W1,3056,Taoyuan,PZ,1,8.0,10
5A-平鎮倉,74768 富泰營造-友華生技,8.0,67.2,330,桃園市桃園區,桃園市桃園區興隆路6-1號,1,RT20250000011076,,1.0,24.984889,121.320828,1420,W2,3057,Taoyuan,PZ,2,16.0,10
5A-平鎮倉,76394 旺邦營造-桃園火車站,8.0,68.22,330,桃園市桃園區,桃園市桃園區大林路&延平路口-桃園火車站旁,1,RT202500005047,1.0,,24.988197,121.313911,1420,W1,3058,Taoyuan,PZ,1,8.0,10
5A-平鎮倉,76394 旺邦營造-桃園火車站,8.0,68.22,330,桃園市桃園區,桃園市桃園區大林路&延平路口-桃園火車站旁,1,RT202500005047,1.0,,24.988197,121.313911,1420,W1,3059,Taoyuan,PZ,1,8.0,10
5A-平鎮倉,76394 旺邦營造-桃園火車站,8.0,68.22,330,桃園市桃園區,桃園市桃園區大林路&延平路口-桃園火車站旁,1,RT202500005047,1.0,,24.988197,121.313911,1420,W1,3060,Taoyuan,PZ,1,8.0,10
5A-平鎮倉,68966 展志建設-桃園,8.0,68.74,330,桃園市桃園區,桃園市桃園區昆明路125號對面,1,RT20250000011201,1.0,,24.984058,121.313531,1420,W1,3061,Taoyuan,PZ,1,8.0,10
5A-平鎮倉,75954 菁宣營造-桃園,8.0,69.03,330,桃園市桃園區,桃園市桃園區建華二街5巷1號,1,RT202500002923,1.0,,24.983306,121.311764,1420,W1,3062,Taoyuan,PZ,1,8.0,10
5A-平鎮倉,77386 憶泰營造-建國路,8.0,69.28,330,桃園市桃園區,桃園市桃園區建國路123巷22號對面工地,1,RT202500009648,1.0,,24.984927,121.311056,1420,W1,3063,Taoyuan,PZ,1,8.0,10
5A-平鎮倉,77061 超揚營造-近玉山公園,8.0,70.32,330,桃園市桃園區,桃園市桃園區南豐二街63號-玉山公園附近,1,RT202500008019,1.0,,24.982448,121.303792,1420,W1,3064,Taiwan,PZ,1,8.0,10
5A-平鎮倉,78195 伯皇營造-南豐街,8.0,70.48,330,桃園市桃園區,桃園市桃園區南豐街294巷16號隔壁,1,RT20250000013215,1.0,,24.981139,121.304083,1420,W1,3065,Taiwan,PZ,1,8.0,10
5A-平鎮倉,78049 日商奧村組-GC02標-介壽路一段,8.0,71.1,334,桃園市八德區,桃園市八德區(桃園區)介壽路一段82號附近,1,RT20250000012653,1.0,,24.976617,121.302742,1425,W1,3066,Taiwan,PZ,1,8.0,10
5A-平鎮倉,75303 澄果建設-桃合段8-1地號新建工程,8.0,71.38,330,桃園市桃園區,桃園市桃園區介壽路523巷60號旁-桃合段8-1地號新建工程,1,RT20250029,1.0,,24.975339,121.304236,1420,W1,3067,Taiwan,PZ,1,8.0,10
5A-平鎮倉,77540 卡布里-同#75305,8.0,71.38,330,桃園市桃園區,桃園市桃園區介壽路523巷60號-合作社,1,RT20250000010346,1.0,,24.975289,121.304219,1420,W1,3068,Taiwan,PZ,1,8.0,10
5A-平鎮倉,75303 澄果建設-桃合段8-1地號新建工程,8.0,71.39,330,桃園市桃園區,桃園市桃園區介壽路523巷60號-桃合段8-1地號新建工程,1,RT202500009350,1.0,,24.975256,121.304206,1420,W1,3069,Taiwan,PZ,1,8.0,10
5A-平鎮倉,75633 日商奧村組-GC02標,8.0,72.34,330,桃園市桃園區,桃園市桃園區介壽路&三民路三段交叉口,1,RT202500001605,1.0,,24.981253,121.306794,1420,W1,3070,Taoyuan,PZ,1,8.0,10
5A-平鎮倉,75633 日商奧村組-GC02標,8.0,72.34,330,桃園市桃園區,桃園市桃園區介壽路&三民路三段交叉口,1,RT202500001605,1.0,,24.981253,121.306794,1420,W1,3071,Taoyuan,PZ,1,8.0,10
5A-平鎮倉,75633 日商奧村組-GC02標,8.0,72.34,330,桃園市桃園區,桃園市桃園區介壽路&三民路三段交叉口,1,RT202500001605,1.0,,24.981253,121.306794,1420,W1,3072,Taoyuan,PZ,1,8.0,10
5A-平鎮倉,75633 日商奧村組-GC02標,8.0,72.34,330,桃園市桃園區,桃園市桃園區介壽路&三民路三段交叉口,1,RT202500001605,1.0,,24.981253,121.306794,1420,W1,3073,Taoyuan,PZ,1,8.0,10
5A-平鎮倉,77553 工展營造-福豐國中,8.0,73.28,330,桃園市桃園區,桃園市桃園區延平路326號-福豐國中,1,RT20250000013810,1.0,,24.976761,121.312728,1420,W1,3074,Taoyuan,PZ,1,8.0,10
5A-平鎮倉,76552 宸康營造-金門一街,8.0,74.08,330,桃園市桃園區,桃園市桃園區金門一街29巷9號,1,RT202500005733,1.0,,24.980961,121.313389,1420,W1,3075,Taoyuan,PZ,1,8.0,10
5A-平鎮倉,78440 景文營造工程-太古可樂,8.0,74.68,330,桃園市桃園區,桃園市桃園區大智路11號旁邊工地,1,RT20250000014209,1.0,,24.979359,121.325217,1420,W1,3076,Taoyuan,PZ,1,8.0,10
5A-平鎮倉,70979 北天真武玄財殿,8.0,82.53,333,桃園市龜山區,桃園市龜山區大同路1390號,1,RT202500003987,1.0,,24.988889,121.371611,1410,W1,3077,Taoyuan,WG,1,8.0,4
5A-平鎮倉,72505 順業-大棟山,8.0,83.37,333,桃園市龜山區,桃園市龜山區大棟山路111號,1,RT202400003327,1.0,,24.991502,121.372973,1410,W1,3078,Taoyuan,WG,1,8.0,4
5A-平鎮倉,72505 順業-大棟山,8.0,83.37,333,桃園市龜山區,桃園市龜山區大棟山路111號,1,RT202400003327,1.0,,24.991502,121.372973,1410,W1,3079,Taoyuan,WG,1,8.0,4
5A-平鎮倉,67313 立穩-龜山,8.0,89.36,333,桃園市龜山區,桃園市龜山區東萬壽路389號(信華氣體旁工地),1,RT20250000012598,1.0,,25.009497,121.383927,1410,W1,3080,Taoyuan,WG,1,8.0,3
5A-平鎮倉,75878 新欣建設-僑馥建築,8.0,38.56,302,新竹縣竹北市,新竹縣竹北市長園一街73號旁,1,RT202500006957,1.0,,24.843194,120.975353,1560,W1,3081,Hsinchu,PZ,1,8.0,0
5A-平鎮倉,75878 新欣建設-僑馥建築,8.0,38.56,302,新竹縣竹北市,新竹縣竹北市長園一街73號旁,1,RT202500002623,1.0,,24.843172,120.975442,1560,W1,3082,Hsinchu,PZ,1,8.0,0
5A-平鎮倉,75486 世乾開發-博愛街,8.0,39.13,302,新竹縣竹北市,新竹縣竹北市博愛街402號,1,RT202500001044,1.0,,24.845647,120.972456,1560,W1,3083,Hsinchu,PZ,1,8.0,0
5A-平鎮倉,77330 曾偉俊-鳳崗路三段,8.0,42.18,302,新竹縣竹北市,新竹縣竹北市鳳岡路三段196號對面工地-電聯定位,1,RT202500009327,1.0,,24.861939,120.964567,1560,W1,3084,Hsinchu,PZ,1,8.0,0
5A-平鎮倉,69983 築誠-玖瑭,8.0,47.13,302,新竹縣竹北市,新竹縣竹北市聯興三街236巷123弄20號,1,RT20250000010788,1.0,,24.853369,120.987739,1560,W1,3085,Hsinchu,PZ,1,8.0,11
5A-平鎮倉,77627 應昇營造有限公司,8.0,49.03,302,新竹縣竹北市,新竹縣竹北市新興一街66號對面工地,1,RT20250000010827,1.0,,24.843602,120.992536,1560,W1,3086,Hsinchu,PZ,1,8.0,11
5A-平鎮倉,74787 群新建設-竹北,8.0,49.38,302,新竹縣竹北市,新竹縣竹北市中正西路375巷&新生街交叉口,1,RT20240000013032,1.0,,24.842522,120.994555,1560,W1,3087,Hsinchu,PZ,1,8.0,11
5A-平鎮倉,77512 辰鴻建設-社南段,8.0,49.86,302,新竹縣竹北市,新竹縣竹北市新國街100號對面,1,RT20250000010212,1.0,,24.840677,120.995833,1560,W1,3088,Hsinchu,PZ,1,8.0,11
5A-平鎮倉,72189 松昀建設-竹北,8.0,50.11,302,新竹縣竹北市,新竹縣竹北市華興五街150號正對面,1,RT202500009372,1.0,,24.839072,120.996164,1560,W1,3089,Hsinchu,PZ,1,8.0,11
5A-平鎮倉,71513 原美建設股份有限公司,8.0,51.24,302,新竹縣竹北市,新竹縣竹北市光明十一路86巷,1,RT20250000012809,1.0,,24.830603,120.998761,1560,W1,3090,Hsinchu,PZ,1,8.0,11
5A-平鎮倉,75221 地泉企業-竹北,8.0,52.61,302,新竹縣竹北市,新竹縣竹北市中華路1巷100號-自行定位-附定位照,1,RT20250000011357,1.0,,24.826814,120.991541,1560,W1,3091,Hsinchu,PZ,1,8.0,0
5A-平鎮倉,75942 大竣工程-竹北,8.0,54.05,302,新竹縣竹北市,新竹縣竹北市中華路145號旁,1,RT202500002876,1.0,,24.830203,121.001228,1560,W1,3092,Hsinchu,PZ,1,8.0,11
5A-平鎮倉,69555 築誠營造-中華路,8.0,55.19,302,新竹縣竹北市,新竹縣竹北市中華路360號,1,RT20250000012778,1.0,,24.837702,121.005203,1560,W1,3093,Hsinchu,PZ,1,8.0,11
5A-平鎮倉,71876 寬立堡營造-竹北新泰,8.0,55.77,302,新竹縣竹北市,新竹縣竹北市新泰路102號旁工地,1,RT202500006716,1.0,,24.839736,121.008133,1560,W1,3094,Hsinchu,PZ,1,8.0,11
5A-平鎮倉,70836 合石建設-新泰路,8.0,55.98,302,新竹縣竹北市,新竹縣竹北市新泰路71巷7號對面,1,RT20230000012009,1.0,,24.838341,121.007953,1560,W1,3095,Hsinchu,PZ,1,8.0,11
5A-平鎮倉,70836 合石建設-新泰路,8.0,55.98,302,新竹縣竹北市,新竹縣竹北市新泰路71巷7號對面,1,RT20230000012009,1.0,,24.838341,121.007953,1560,W1,3096,Hsinchu,PZ,1,8.0,11
5A-平鎮倉,76945 捷瑞營造-竹北-1,8.0,57.68,302,新竹縣竹北市,新竹縣竹北市光明八街122號對面,1,RT202500007494,1.0,,24.828681,121.002244,1560,W1,3097,Hsinchu,PZ,1,8.0,11
5A-平鎮倉,69240 竹富建設-竹北,8.0,58.14,302,新竹縣竹北市,新竹縣竹北市光明八街28號&縣政十三路工地,1,RT20250000011881,1.0,,24.828725,121.005608,1560,W1,3098,Hsinchu,PZ,1,8.0,11
5A-平鎮倉,73832 東鐿營造-府前欣苑,8.0,58.5,302,新竹縣竹北市,新竹縣竹北市縣政十一街37號(隔壁鐵皮屋）,1,RT202400008841,1.0,,24.8274,121.007586,1560,W1,3099,Hsinchu,PZ,1,8.0,11
5A-平鎮倉,77198 樺源營造-縣政12街,8.0,58.85,302,新竹縣竹北市,新竹縣竹北市縣政十二街46巷5號旁工地,1,RT202500008813,1.0,,24.829875,121.007972,1560,W1,3100,Hsinchu,PZ,1,8.0,11
5A-平鎮倉,77511 維邦營造-竹北市建國街,8.0,59.48,302,新竹縣竹北市,新竹縣竹北市建國街150號旁,1,RT20250000010209,1.0,,24.833281,121.009975,1560,W1,3101,Hsinchu,PZ,1,8.0,11
5A-平鎮倉,76688 築陸建設-竹北市,8.0,59.71,302,新竹縣竹北市,新竹縣竹北市建國街58號,1,RT202500006379,1.0,,24.832536,121.012111,1560,W1,3102,Hsinchu,PZ,1,8.0,11
5A-平鎮倉,70059 東福營造-文化街,8.0,60.42,302,新竹縣竹北市,新竹縣竹北市文化街211號,1,RT202500006450,1.0,,24.837591,121.013028,1560,W1,3103,Hsinchu,PZ,1,8.0,11
5A-平鎮倉,75639 寶嚴建設-竹北,8.0,60.55,302,新竹縣竹北市,新竹縣竹北市文化街176號旁,1,RT202500001616,1.0,,24.837444,121.013961,1560,W1,3104,Hsinchu,PZ,1,8.0,11
5A-平鎮倉,71688 中麟-台元十期,8.0,61.38,302,新竹縣竹北市,新竹縣竹北市中山路416號,1,RT202500001580,1.0,,24.842416,121.015336,1560,W1,3105,Hsinchu,PZ,1,8.0,11
5A-平鎮倉,71688 中麟-台元十期,8.0,61.38,302,新竹縣竹北市,新竹縣竹北市中山路416號,1,RT202500001580,1.0,,24.842416,121.015336,1560,W1,3106,Hsinchu,PZ,1,8.0,11
5A-平鎮倉,71688 中麟-台元十期,8.0,62.06,302,新竹縣竹北市,新竹縣竹北市中山路416號,1,RT202500001584,1.0,,24.843002,121.015147,1560,W1,3107,Hsinchu,PZ,1,8.0,11
5A-平鎮倉,71688 中麟-台元十期,8.0,62.06,302,新竹縣竹北市,新竹縣竹北市中山路416號,1,RT202500001584,1.0,,24.843002,121.015147,1560,W1,3108,Hsinchu,PZ,1,8.0,11
5A-平鎮倉,71688 中麟-台元十期,8.0,62.06,302,新竹縣竹北市,新竹縣竹北市中山路416號,1,RT202500001584,1.0,,24.843002,121.015147,1560,W1,3109,Hsinchu,PZ,1,8.0,11
5A-平鎮倉,73211 長見營造-銳發科技,8.0,62.88,302,新竹縣竹北市,新竹縣竹北市環北路一段381號,1,RT202400006348,1.0,,24.844697,121.020556,1560,W1,3110,Hsinchu,PZ,1,8.0,11
5A-平鎮倉,73211 長見營造-銳發科技,8.0,62.9,302,新竹縣竹北市,新竹縣竹北市環北路一段381號,1,RT20240000010693,1.0,,24.844566,121.020598,1560,W1,3111,Hsinchu,PZ,1,8.0,11
5A-平鎮倉,72397 築誠營造-沿河街,8.0,64.63,302,新竹縣竹北市,新竹縣竹北市沿河街24號旁巷子,1,RT20250000010770,1.0,,24.845644,121.014944,1560,W1,3112,Hsinchu,PZ,1,8.0,11
5A-平鎮倉,77564 田鼎營造-泰和路,8.0,65.32,302,新竹縣竹北市,新竹縣竹北市泰和路184號對面,1,RT20250000012050,1.0,,24.849891,121.012492,1560,W1,3113,Hsinchu,PZ,1,8.0,11
5A-平鎮倉,73597 駿騰開發-竹北,8.0,67.06,302,新竹縣竹北市,新竹縣竹北市環北路三段330巷旁,1,RT202500007378,1.0,,24.849097,120.996755,1560,W1,3114,Hsinchu,PZ,1,8.0,11
5A-平鎮倉,71782 東福營造-福興路,8.0,71.09,302,新竹縣竹北市,新竹縣竹北市福興路733號,1,RT202500007165,1.0,,24.821698,121.012494,1560,W1,3115,Hsinchu,PZ,1,8.0,0
5A-平鎮倉,77506 大將作營造-竹北翰林段健檢中心,8.0,71.45,302,新竹縣竹北市,新竹縣竹北市光明九路3號旁工地,1,RT20250000010169,1.0,,24.822664,121.014769,1560,W1,3116,Hsinchu,PZ,1,8.0,0
5A-平鎮倉,76917 坤維工程-中山路,8.0,21.24,337,桃園市大園區,桃園市大園區中山南路二段187巷內,1,RT202500007406,1.0,,25.033616,121.213528,1440,W1,3117,Taiwan,PZ,1,8.0,5
5A-平鎮倉,76245 南昌營造-劉倉宇住宅,8.0,21.24,337,桃園市大園區,"桃園市大園區中山南路二段117號25°02'01.4""N 121°12'48.9""E",1,RT202500004166,1.0,,25.033541,121.213642,1440,W1,3118,Taiwan,PZ,1,8.0,5
5A-平鎮倉,76710 南昌營造-中山南路,8.0,21.24,337,桃園市大園區,"桃園市大園區中山南路二段117號25°02'01.4""N 121°12'48.9""E",1,RT202500006530,1.0,,25.033722,121.213583,1440,W1,3119,Taiwan,PZ,1,8.0,5
5A-平鎮倉,77952 陳春木-青埔段197,8.0,21.24,337,桃園市大園區,桃園市大園區中山南路二段187巷157號-航空城-青埔段197地號,1,RT20250000012162,1.0,,25.033739,121.213875,1440,W1,3120,Taiwan,PZ,1,8.0,5
5A-平鎮倉,77188 前衛營造-青埔段257地號,8.0,21.28,337,桃園市大園區,桃園市大園區中山南路二段187巷進去,1,RT202500008792,1.0,,25.033064,121.213158,1440,W1,3121,Taiwan,PZ,1,8.0,5
5A-平鎮倉,78026 子紳營造-青埔段261地號-2/8,8.0,21.28,337,桃園市大園區,桃園市大園區青埔段261地號-大園重劃區-附地標,1,RT20250000012622,1.0,,25.032778,121.213058,1440,W1,3122,Taiwan,PZ,1,8.0,5
5A-平鎮倉,77748 佳運工程行-航空城-11,8.0,24.62,337,桃園市大園區,桃園市蘆竹區(大園區)八股路171巷250號-青埔段195號-大園重劃區-附地標,1,RT20250000011295,1.0,,25.032892,121.212481,1440,W1,3123,Taiwan,PZ,1,8.0,5
5A-平鎮倉,76636 羅傑土木-青峰段,8.0,26.24,337,桃園市大園區,桃園市大園區明德街32號旁,1,RT202500006138,1.0,,25.01885,121.212992,1440,W1,3124,Taiwan,PZ,1,8.0,2
5A-平鎮倉,74635 侑甫營造-明德街,8.0,26.26,337,桃園市大園區,桃園市大園區明德街11號,1,RT20250000011808,1.0,,25.018728,121.212844,1440,W1,3125,Taiwan,PZ,1,8.0,2
5A-平鎮倉,78142 鋼鐵仁營造-青峰段35地號,8.0,26.44,337,桃園市大園區,桃園市大園區興德路67號旁工地,1,RT20250000012998,1.0,,25.018309,121.21155,1440,W1,3126,Taiwan,PZ,1,8.0,2
5A-平鎮倉,75398 陞竑營造-興德路,8.0,26.53,337,桃園市大園區,桃園市大園區興德路128號,1,RT2025000508,1.0,,25.017711,121.210811,1440,W1,3127,Taiwan,PZ,1,8.0,2
5A-平鎮倉,76802 宏福-141地號,8.0,26.87,337,桃園市大園區,桃園市大園區興德路67號附近-地號141,1,RT202500006979,1.0,,25.020111,121.211764,1440,W1,3128,Taiwan,PZ,1,8.0,2
5A-平鎮倉,74981 山榆建設-大園,8.0,26.88,337,桃園市大園區,桃園市大園區永園路二段152號隔壁,1,RT20240000013806,1.0,,25.019664,121.212342,1440,W1,3129,Taiwan,PZ,1,8.0,2
5A-平鎮倉,77390 子紳營造-青埔段153地號,8.0,26.9,337,桃園市大園區,桃園市大園區青埔段153地號-大園重劃區-附地標,1,RT202500009655,1.0,,25.020253,121.212008,1440,W1,3130,Taiwan,PZ,1,8.0,2
5A-平鎮倉,75611 興億營造-永園路,8.0,26.95,337,桃園市大園區,桃園市大園區永園路二段136號旁,1,RT202500002230,1.0,,25.019653,121.212017,1440,W1,3131,Taiwan,PZ,1,8.0,2
5A-平鎮倉,76639 鋼鐵仁-同#76640,8.0,27.06,337,桃園市大園區,桃園市中壢區(近大園)春德路107號對面(新光影城對面-右),1,RT202500006152,1.0,,25.019817,121.211308,1440,W1,3132,Taiwan,PZ,1,8.0,2
5A-平鎮倉,75216 謙平營造-航空城-1/9,8.0,27.1,337,桃園市大園區,桃園市大園區永園路二段183巷-青埔段131-132地號,1,RT20250000014020,1.0,,25.020231,121.211078,1440,W1,3133,Taiwan,PZ,1,8.0,2
5A-平鎮倉,75457 心築-鄒府住宅新建工程,8.0,27.49,337,桃園市大園區,桃園市大園區永園路二段87號旁,1,RT2025000802,1.0,,25.018486,121.209906,1440,W1,3134,Taiwan,PZ,1,8.0,2
5A-平鎮倉,75809 坤維工程-明德街,8.0,27.5,337,桃園市大園區,桃園市大園區永園路二段87-89號附近&春德路邊,1,RT202500002343,1.0,,25.018359,121.209458,1440,W1,3135,Taiwan,PZ,1,8.0,2
5A-平鎮倉,76801 宏福-102地號,8.0,27.54,337,桃園市大園區,桃園市大園區興德路67號附近-地號102,1,RT202500006978,1.0,,25.018711,121.209331,1440,W1,3136,Taiwan,PZ,1,8.0,2
5A-平鎮倉,75921 謙平營造-八股路,8.0,27.6,337,桃園市大園區,桃園市大園區永園路二段183巷141號,1,RT202500002785,1.0,,25.018953,121.208828,1440,W1,3137,Taiwan,PZ,1,8.0,2
5A-平鎮倉,76053 三石營造-大園,8.0,27.65,337,桃園市大園區,桃園市大園區永園路二段183巷113號,1,RT202500003259,1.0,,25.019553,121.208864,1440,W1,3138,Taiwan,PZ,1,8.0,2
5A-平鎮倉,77389 謙平營造-青埔段70地號,8.0,27.68,337,桃園市大園區,桃園市大園區永園路二段183巷與君悅別墅交叉口(青埔段70地號)-大園重劃區-附地標,1,RT202500009654,1.0,,25.019861,121.208983,1440,W1,3139,Taiwan,PZ,1,8.0,2
5A-平鎮倉,78143 嘉銓營造-青埔段75地號,8.0,27.77,337,桃園市大園區,桃園市大園區永園路二段183巷141號附近,1,RT20250000012999,1.0,,25.02037,121.209058,1440,W1,3140,Taiwan,PZ,1,8.0,2
5A-平鎮倉,76083 前衛營造-大園,8.0,27.79,337,桃園市大園區,桃園市大園區永園路二段183巷113號旁,1,RT202500003548,1.0,,25.020286,121.208789,1440,W1,3141,Taiwan,PZ,1,8.0,2
5A-平鎮倉,76083 前衛營造-大園,8.0,27.79,337,桃園市大園區,桃園市大園區永園路二段183巷113號旁,1,RT202500003548,1.0,,25.020286,121.208789,1440,W1,3142,Taiwan,PZ,1,8.0,2
5A-平鎮倉,77411 子紳營造-青埔段43地號-2/2,8.0,27.81,337,桃園市大園區,桃園市大園區青埔段43地號-大園重劃區-附地標,1,RT202500009788,1.0,,25.020106,121.208675,1440,W1,3143,Taiwan,PZ,1,8.0,2
5A-平鎮倉,78438 騰暘營造有限公司,8.0,27.88,337,桃園市大園區,桃園市大園區永園路二段183巷113號-附地標,1,RT20250000014207,1.0,,25.019692,121.208122,1440,W1,3144,Taiwan,PZ,1,8.0,2
5A-平鎮倉,76594 正悅投資,8.0,28.08,337,桃園市大園區,"桃園市大園區永園路二段183巷25°01'15.9""N 121°12'31.1""E",1,RT202500005861,1.0,,25.020492,121.208389,1440,W1,3145,Taiwan,PZ,1,8.0,2
5A-平鎮倉,76017 謙平營造-八股路,8.0,28.15,337,桃園市大園區,"桃園市蘆竹區(大園區)八股路224巷25°03'28.5""N 121°15'09.0""E",1,RT202500003133,1.0,,25.0201,121.207897,1440,W1,3146,Taiwan,PZ,1,8.0,2
5A-平鎮倉,78294 鴻崴營造-航空城,8.0,28.34,337,桃園市大園區,桃園市大園區永園路二段-航空城-附地標,1,RT20250000013592,1.0,,25.018903,121.208683,1440,W1,3147,Taiwan,PZ,1,8.0,2
5A-平鎮倉,78037 謙平營造-青埔段93-95地號-9/9,8.0,28.35,337,桃園市大園區,桃園市大園區青埔段93-95地號-大園重劃區-(永園路二段附近) ,1,RT20250000012625,1.0,,25.018853,121.208733,1440,W1,3148,Taiwan,PZ,1,8.0,2
5A-平鎮倉,76229 統詣營造-大園,8.0,29.47,337,桃園市大園區,桃園市大園區永園路二段183巷11號,1,RT202500004100,1.0,,25.020428,121.212106,1440,W1,3149,Taiwan,PZ,1,8.0,2
5A-平鎮倉,78137 錦信土木-青埔段149地號,8.0,29.48,337,桃園市大園區,桃園市大園區中山南路2段501巷11號-靠近永園路二段,1,RT20250000012964,1.0,,25.020125,121.211719,1440,W1,3150,Taiwan,PZ,1,8.0,2
5A-平鎮倉,69985 千誠營造,8.0,29.7,337,桃園市大園區,桃園市大園區中山南路2段187巷進去,1,RT202500007206,1.0,,25.021748,121.210528,1440,W1,3151,Taiwan,PZ,1,8.0,2
5A-平鎮倉,69985 千誠營造,8.0,29.7,337,桃園市大園區,桃園市大園區中山南路2段187巷進去,1,RT202500007206,1.0,,25.021748,121.210528,1440,W1,3152,Taiwan,PZ,1,8.0,2
5A-平鎮倉,77040 壢都營造-領航北路,8.0,31.06,337,桃園市大園區,桃園市大園區領航北路四段122號旁,1,RT202500007906,1.0,,25.023086,121.216219,1440,W1,3153,Taiwan,PZ,1,8.0,2
5A-平鎮倉,77269 合禾工程-五青路,8.0,32.78,337,桃園市大園區,桃園市大園區五青路459巷83號,1,RT202500009099,1.0,,25.019131,121.227823,1440,W1,3154,Taiwan,PZ,1,8.0,13
5A-平鎮倉,72960 陽明-鼎藏青溪,8.0,33.1,337,桃園市大園區,桃園市大園區五福路256號旁工地,1,RT202400005487,1.0,,25.020028,121.226339,1440,W1,3155,Taiwan,PZ,1,8.0,2
5A-平鎮倉,72960 陽明營造-鼎藏青溪,8.0,33.1,337,桃園市大園區,桃園市大園區五福路256號旁工地,1,RT20240000012249,1.0,,25.020078,121.226639,1440,W1,3156,Taiwan,PZ,1,8.0,2
5A-平鎮倉,78223 田禾營造-五結段81.82地號,8.0,34.63,337,桃園市大園區,桃園市大園區五結段81.82地號-大園重劃區,1,RT20250000013309,1.0,,25.032134,121.227217,1440,W1,3157,Taiwan,PZ,1,8.0,5
5A-平鎮倉,76886 國統-航空城五結段,8.0,34.74,337,桃園市大園區,桃園市大園區五結路,1,RT202500007247,1.0,,25.032481,121.228242,1440,W1,3158,Taiwan,PZ,1,8.0,5
5A-平鎮倉,76991 築億營造-大園區-2,8.0,34.81,337,桃園市大園區,桃園市大園區大竹南路599巷附近-大園重劃區,1,RT202500007689,1.0,,25.032742,121.227789,1440,W1,3159,Taiwan,PZ,1,8.0,5
5A-平鎮倉,77672 長榮工程-五福路,8.0,34.87,337,桃園市大園區,桃園市大園區五福路697巷70號,1,RT20250000011026,1.0,,25.033206,121.227595,1440,W1,3160,Taiwan,PZ,1,8.0,5
5A-平鎮倉,77161 弘棋-五結段,8.0,35.04,337,桃園市大園區,桃園市大園區中正東路二段227巷35號,1,RT202500008686,1.0,,25.033655,121.229131,1440,W1,3161,Taiwan,PZ,1,8.0,5
5A-平鎮倉,78214 茂成建設-中正東路二段,8.0,35.11,337,桃園市大園區,桃園市大園區中正東路二段108號-大園衝劃區-附地標,1,RT20250000013303,1.0,,25.033927,121.229506,1440,W1,3162,Taiwan,PZ,1,8.0,5
5A-平鎮倉,76754 統詣營造-大園,8.0,35.23,337,桃園市大園區,桃園市大園區中正東路2段108號,1,RT202500006825,1.0,,25.033489,121.229681,1440,W1,3163,Taiwan,PZ,1,8.0,5
5A-平鎮倉,77376 勝道工程-中正東路,8.0,35.24,337,桃園市大園區,桃園市大園區中正東路2段108號對面,1,RT202500009611,1.0,,25.033519,121.22952,1440,W1,3164,Taiwan,PZ,1,8.0,5
5A-平鎮倉,78191 築億營造-大園區-2(五結段22號),8.0,35.33,337,桃園市大園區,桃園市大園區中正東路二段99號附近-五結段22號-航空城,1,RT20250000013211,1.0,,25.033214,121.228759,1440,W1,3165,Taiwan,PZ,1,8.0,5
5A-平鎮倉,78103 謙平營造-五結段23-23-1地號-1/4,8.0,35.36,337,桃園市大園區,桃園市大園區大園重劃區-五結段23-23-1地號-附地標,1,RT20250000013166,1.0,,25.033078,121.228486,1440,W1,3166,Taiwan,PZ,1,8.0,5
5A-平鎮倉,77836 璟州營造-五結段144,8.0,35.49,337,桃園市大園區,桃園市大園區大竹南路599巷-航空城-五結段144地號,1,RT20250000011589,1.0,,25.032686,121.227278,1440,W1,3167,Taiwan,PZ,1,8.0,5
5A-平鎮倉,77377 興億營造-邱奕波,8.0,35.52,337,桃園市大園區,桃園市大園區大竹南路-航空城,1,RT202500009618,1.0,,25.03257,121.227003,1440,W1,3168,Taiwan,PZ,1,8.0,5
5A-平鎮倉,66417 春原營造-大園,8.0,37.06,337,桃園市大園區,桃園市大園區大竹南路1177號(橫山捷運站旁工地-電聯客戶帶定位,1,RT202500004037,1.0,,25.034575,121.230392,1440,W1,3169,Taiwan,PZ,1,8.0,5
5A-平鎮倉,66417 春原營造-大園,8.0,37.06,337,桃園市大園區,桃園市大園區大竹南路1177號(橫山捷運站旁工地-電聯客戶帶定位,1,RT202500004037,1.0,,25.034575,121.230392,1440,W1,3170,Taiwan,PZ,1,8.0,5
5A-平鎮倉,67846 春原營造-大園,8.0,37.08,337,桃園市大園區,桃園市大園區中正東路二段108號,1,RT202500004036,1.0,,25.034389,121.230223,1440,W1,3171,Taiwan,PZ,1,8.0,5
5A-平鎮倉,67846 春原營造-大園,8.0,37.08,337,桃園市大園區,桃園市大園區中正東路二段108號,1,RT202500004036,1.0,,25.034389,121.230223,1440,W1,3172,Taiwan,PZ,1,8.0,5
5A-平鎮倉,74250 國華開發-大溪,8.0,44.99,337,桃園市大園區,桃園市大園區溪海路808巷32弄,1,RT20250000013405,1.0,,25.021581,121.189694,1440,W1,3173,Taiwan,PZ,1,8.0,2
5A-平鎮倉,65672 高華建設-大園,8.0,50.18,337,桃園市大園區,桃園市大園區文興街20巷1號斜對面工地-電聯定位,1,RT202500005210,,1.0,25.051094,121.175436,1440,W2,3174,Taiwan,PZ,2,16.0,4
5A-平鎮倉,65672 高華建設-大園,8.0,50.18,337,桃園市大園區,桃園市大園區文興街20巷1號斜對面工地-電聯定位,1,RT202500005210,,1.0,25.051094,121.175436,1440,W2,3175,Taiwan,PZ,2,16.0,4
5A-平鎮倉,76351 祿元設計#原61392祿豐室內,8.0,30.0,338,桃園市蘆竹區,桃園市蘆竹區山林路２段470號,1,RT202500004775,1.0,,25.082573,121.305025,1415,W1,3176,Taiwan,WG,1,8.0,13
5A-平鎮倉,72518 建揚營造-赤塗路,8.0,32.48,338,桃園市蘆竹區,桃園市蘆竹區赤塗路512巷附近,1,RT20250000013554,1.0,,25.071289,121.323184,1415,W1,3177,Taoyuan,WG,1,8.0,3
5A-平鎮倉,72518 建揚營造-赤塗路,8.0,32.48,338,桃園市蘆竹區,桃園市蘆竹區赤塗路512巷附近,1,RT20250000013554,1.0,,25.071289,121.323184,1415,W1,3178,Taoyuan,WG,1,8.0,3
5A-平鎮倉,78171 徵昌營造-後坑段1012地號,8.0,36.16,338,桃園市蘆竹區,桃園市蘆竹區山外路-後坑段1012地號-附地標,1,RT20250000013116,1.0,,25.081767,121.294827,1415,W1,3179,Taiwan,WG,1,8.0,13
5A-平鎮倉,76024 豪業工程-蘆竹,8.0,37.29,338,桃園市蘆竹區,桃園市蘆竹區山林路一段27號旁,1,RT202500003155,1.0,,25.085341,121.286952,1415,W1,3180,Taiwan,WG,1,8.0,13
5A-平鎮倉,78065 硯森營造-陳軍宏-蘆竹五戶,8.0,38.08,338,桃園市蘆竹區,桃園市蘆竹區山鼻路58號附近,1,RT20250000012742,1.0,,25.082167,121.289394,1415,W1,3181,Taiwan,WG,1,8.0,13
5A-平鎮倉,73869 兆德營造-未央琚,8.0,38.7,338,桃園市蘆竹區,桃園市蘆竹區南山路三段155號旁-未央琚,1,RT202400009067,1.0,,25.081075,121.284639,1415,W1,3182,Taiwan,WG,1,8.0,13
5A-平鎮倉,77157 陳宗壽-機捷路二段,8.0,39.07,338,桃園市蘆竹區,桃園市蘆竹區機捷路二段1005號旁,1,RT202500008651,1.0,,25.08037,121.281111,1415,W1,3183,Taiwan,WG,1,8.0,13
5A-平鎮倉,70079 德華地產,8.0,39.21,338,桃園市蘆竹區,桃園市蘆竹區機捷路二段999巷,1,RT202400007914,1.0,,25.07965,121.282061,1415,W1,3184,Taiwan,WG,1,8.0,13
5A-平鎮倉,71920 祥瑞-新鼻段,8.0,39.42,338,桃園市蘆竹區,桃園市蘆竹區山鼻二路&機捷路二段935巷,1,RT202500008369,1.0,,25.07885,121.283225,1415,W1,3185,Taiwan,WG,1,8.0,13
5A-平鎮倉,71920 祥瑞-新鼻段,8.0,39.44,338,桃園市蘆竹區,桃園市蘆竹區山鼻二路&機捷路二段935巷,1,RT202500008368,1.0,,25.078706,121.283214,1415,W1,3186,Taiwan,WG,1,8.0,13
5A-平鎮倉,73429 大華建設-新鼻段B區,8.0,39.56,338,桃園市蘆竹區,桃園市蘆竹區山鼻二路88號對面,1,RT202400007255,1.0,,25.078498,121.28408,1415,W1,3187,Taiwan,WG,1,8.0,13
5A-平鎮倉,73429 大華建設-新鼻段B區,8.0,39.56,338,桃園市蘆竹區,桃園市蘆竹區山鼻二路88號對面,1,RT202400007255,1.0,,25.078498,121.28408,1415,W1,3188,Taiwan,WG,1,8.0,13
5A-平鎮倉,77003 喜樂創建-蘆竹區,8.0,39.87,338,桃園市蘆竹區,桃園市蘆竹區南山路三段17巷11號,1,RT202500007738,1.0,,25.076814,121.282495,1415,W1,3189,Taiwan,WG,1,8.0,13
5A-平鎮倉,74569 長友營造-南山路,8.0,40.74,338,桃園市蘆竹區,桃園市蘆竹區南山路二段498之2號,1,RT20250000011388,1.0,,25.073911,121.285719,1415,W1,3190,Taiwan,WG,1,8.0,13
5A-平鎮倉,74569 長友營造-南山路,8.0,40.74,338,桃園市蘆竹區,桃園市蘆竹區南山路二段498之2號,1,RT20250000011388,1.0,,25.073911,121.285719,1415,W1,3191,Taiwan,WG,1,8.0,13
5A-平鎮倉,74569 長友營造-南山路,8.0,40.74,338,桃園市蘆竹區,桃園市蘆竹區南山路二段498之2號,1,RT20250000011388,1.0,,25.073911,121.285719,1415,W1,3192,Taiwan,WG,1,8.0,13
5A-平鎮倉,74569 長友營造-南山路,8.0,40.74,338,桃園市蘆竹區,桃園市蘆竹區南山路二段498之2號,1,RT20250000011388,1.0,,25.073911,121.285719,1415,W1,3193,Taiwan,WG,1,8.0,13
5A-平鎮倉,74569 長友營造-南山路,8.0,40.74,338,桃園市蘆竹區,桃園市蘆竹區南山路二段498之2號,1,RT20250000011388,1.0,,25.073911,121.285719,1415,W1,3194,Taiwan,WG,1,8.0,13
5A-平鎮倉,74569 長友營造-南山路,8.0,40.74,338,桃園市蘆竹區,桃園市蘆竹區南山路二段498之2號,1,RT20250000011388,1.0,,25.073911,121.285719,1415,W1,3195,Taiwan,WG,1,8.0,13
5A-平鎮倉,74569 長友營造-南山路,8.0,40.74,338,桃園市蘆竹區,桃園市蘆竹區南山路二段498之2號,1,RT20250000011388,1.0,,25.073911,121.285719,1415,W1,3196,Taiwan,WG,1,8.0,13
5A-平鎮倉,73007 興樹建設-新鼻段162案,8.0,42.02,338,桃園市蘆竹區,桃園市蘆竹區山鼻站捷運A10站,1,RT202400009566,1.0,,25.079761,121.289969,1415,W1,3197,Taiwan,WG,1,8.0,13
5A-平鎮倉,73007 興樹-新鼻段162案,8.0,42.04,338,桃園市蘆竹區,桃園市蘆竹區山鼻站捷運A10站-附座標,1,RT202400005725,1.0,,25.079884,121.290091,1415,W1,3198,Taiwan,WG,1,8.0,13
5A-平鎮倉,71861 宏濱-松綠翫,8.0,42.16,338,桃園市蘆竹區,桃園市蘆竹區山鼻一路&埤腳街交叉口工地(公園旁)-1F,1,RT20250000010835,1.0,,25.08002,121.291333,1415,W1,3199,Taiwan,WG,1,8.0,13
5A-平鎮倉,71861 宏濱-松綠翫,8.0,42.16,338,桃園市蘆竹區,桃園市蘆竹區山鼻一路&埤腳街交叉口工地(公園旁)-1F,1,RT20250000010835,1.0,,25.08002,121.291333,1415,W1,3200,Taiwan,WG,1,8.0,13
5A-平鎮倉,68225 麒田-蘆竹,8.0,44.75,338,桃園市蘆竹區,桃園市蘆竹區長興路３段261號,1,RT20250000013241,1.0,,25.070395,121.275053,1415,W1,3201,Taiwan,WG,1,8.0,12
5A-平鎮倉,76785 力源營造-南崁,8.0,45.85,338,桃園市蘆竹區,桃園市蘆竹區南崁路2段402巷26弄2號旁,1,RT202500006905,1.0,,25.064042,121.269292,1415,W1,3202,Taiwan,PZ,1,8.0,12
5A-平鎮倉,73078 佳銳營造-仙暉,8.0,48.81,338,桃園市蘆竹區,桃園市蘆竹區內新路129號之1隔壁工地,1,RT20250000012070,1.0,,25.07052,121.290286,1415,W1,3203,Taiwan,WG,1,8.0,13
5A-平鎮倉,76880 立敏營造-六福路,8.0,50.42,338,桃園市蘆竹區,桃園市蘆竹區六福路155號,1,RT202500007224,1.0,,25.0588,121.294158,1415,W1,3204,Taiwan,WG,1,8.0,13
5A-平鎮倉,76333 安美建設-仁愛路三段,8.0,51.49,338,桃園市蘆竹區,桃園市蘆竹區仁愛路三段9號,1,RT202500004591,1.0,,25.053769,121.300781,1415,W1,3205,Taiwan,WG,1,8.0,13
5A-平鎮倉,77022 基利興營造-南崁長老教會,8.0,52.94,338,桃園市蘆竹區,桃園市蘆竹區中正路86巷36號-南崁常老教會,1,RT202500007822,1.0,,25.046433,121.293283,1415,W1,3206,Taiwan,WG,1,8.0,13
5A-平鎮倉,76064 宜鼎營造-蘆竹,8.0,53.43,338,桃園市蘆竹區,桃園市蘆竹區中正路109巷40號旁,1,RT202500003319,1.0,,25.043436,121.293202,1415,W1,3207,Taiwan,WG,1,8.0,4
5A-平鎮倉,77281 上裕開發-南福街,8.0,54.41,338,桃園市蘆竹區,桃園市蘆竹區南福街192號對面工地,1,RT202500009163,1.0,,25.03833,121.293205,1415,W1,3208,Taiwan,PZ,1,8.0,4
5A-平鎮倉,77281 上裕開發-南福街,8.0,54.41,338,桃園市蘆竹區,桃園市蘆竹區南福街192號對面工地,1,RT202500009163,1.0,,25.03833,121.293205,1415,W1,3209,Taiwan,PZ,1,8.0,4
5A-平鎮倉,77019 德億營造-河底段,8.0,54.62,338,桃園市蘆竹區,桃園市蘆竹區南福街255巷37號對面,1,RT202500007804,1.0,,25.036811,121.293014,1415,W1,3210,Taiwan,PZ,1,8.0,4
5A-平鎮倉,71177 匯發-南上路,8.0,56.81,338,桃園市蘆竹區,桃園市龜山區(蘆竹區)南上路280巷,1,RT20250000012788,1.0,,25.04515,121.301147,1415,W1,3211,Taiwan,WG,1,8.0,13
5A-平鎮倉,71177 匯發-南上路,8.0,56.81,338,桃園市蘆竹區,桃園市龜山區(蘆竹區)南上路280巷,1,RT20250000012788,1.0,,25.04515,121.301147,1415,W1,3212,Taiwan,WG,1,8.0,13
5A-平鎮倉,71177 匯發-南上路,8.0,56.81,338,桃園市蘆竹區,桃園市龜山區(蘆竹區)南上路280巷,1,RT20250000012788,1.0,,25.04515,121.301147,1415,W1,3213,Taiwan,WG,1,8.0,13
5A-平鎮倉,76804 協易機械-南上路,8.0,57.38,333,桃園市龜山區,桃園市龜山區南上路446號,1,RT20250000013723,1.0,,25.04485,121.305669,1410,W1,3214,Taiwan,WG,1,8.0,13
5A-平鎮倉,76804 協易機械-南上路,8.0,57.38,333,桃園市龜山區,桃園市龜山區南上路446號,1,RT20250000013723,1.0,,25.04485,121.305669,1410,W1,3215,Taiwan,WG,1,8.0,13
5A-平鎮倉,76804 協易機械-南上路,8.0,57.38,333,桃園市龜山區,桃園市龜山區南上路446號,1,RT20250000013723,1.0,,25.04485,121.305669,1410,W1,3216,Taiwan,WG,1,8.0,13
5A-平鎮倉,76804 協易機械-南上路,8.0,57.38,333,桃園市龜山區,桃園市龜山區南上路446號,1,RT20250000013723,1.0,,25.04485,121.305669,1410,W1,3217,Taiwan,WG,1,8.0,13
5A-平鎮倉,76922 朝陽營造-旭軟電子,8.0,57.86,333,桃園市龜山區,桃園市龜山區南上路566巷36號旁,1,RT202500007414,1.0,,25.043914,121.308547,1410,W1,3218,Taiwan,WG,1,8.0,13
5A-平鎮倉,78377 森峰營造股份有限公司,8.0,59.17,338,桃園市蘆竹區,桃園市蘆竹區建新街43號旁,1,RT20250000014007,1.0,,25.0378,121.300111,1415,W1,3219,Taiwan,WG,1,8.0,13
5A-平鎮倉,71142 辰昌營造-#67791正曜轉來公司,8.0,67.88,338,桃園市蘆竹區,桃園市蘆竹區泉州路250號(大古路&泉州路交叉口),1,RT202500007659,1.0,,25.101797,121.299664,1415,W1,3220,Taiwan,WG,1,8.0,13
5A-平鎮倉,71142 辰昌營造-#67791正曜轉來公司,8.0,67.88,338,桃園市蘆竹區,桃園市蘆竹區泉州路250號(大古路&泉州路交叉口),1,RT202500007659,1.0,,25.101797,121.299664,1415,W1,3221,Taiwan,WG,1,8.0,13
5A-平鎮倉,71142 辰昌營造-#67791正曜轉來公司,8.0,67.88,338,桃園市蘆竹區,桃園市蘆竹區泉州路250號(大古路&泉州路交叉口),1,RT202500007659,1.0,,25.101797,121.299664,1415,W1,3222,Taiwan,WG,1,8.0,13
5A-平鎮倉,71142 辰昌營造-#67791正曜轉來公司,8.0,67.88,338,桃園市蘆竹區,桃園市蘆竹區泉州路250號(大古路&泉州路交叉口),1,RT202500007659,1.0,,25.101797,121.299664,1415,W1,3223,Taiwan,WG,1,8.0,13
5A-平鎮倉,71142 辰昌營造-#67791正曜轉來公司,8.0,67.88,338,桃園市蘆竹區,桃園市蘆竹區泉州路250號(大古路&泉州路交叉口),1,RT202500007659,1.0,,25.101797,121.299664,1415,W1,3224,Taiwan,WG,1,8.0,13
5D-五股倉,72580 傳亞營造-三重,8.0,8.99,241,新北市三重區,新北市三重區信義西街-信義公園內鎮安宮前廣場,1,RT202400003577,,1.0,25.064722,121.498661,1200,W2,3225,Taipei,WG,2,16.0,1
5D-五股倉,72580 傳亞營造-三重,8.0,8.99,241,新北市三重區,新北市三重區信義西街-信義公園內鎮安宮前廣場,1,RT202400003577,,1.0,25.064722,121.498661,1200,W2,3226,Taipei,WG,2,16.0,1
5D-五股倉,76861 億東營造-新莊,8.0,13.27,242,新北市新莊區,新北市新莊區新知一路6號工地,1,RT202500007176,1.0,,25.063411,121.463706,1195,W1,3227,Taipei,WG,1,8.0,13
5D-五股倉,68995 呈豐營造-新莊,8.0,14.24,242,新北市新莊區,新北市新莊區五工路66號工地,1,RT202500004012,1.0,,25.064175,121.459461,1195,W1,3228,Taipei,WG,1,8.0,3
5D-五股倉,56301 炎洲-新莊二期,8.0,15.15,242,新北市新莊區,新北市新莊區中央路與福壽街交叉口工地,1,RT20250000010244,1.0,,25.059364,121.457814,1195,W1,3229,Taipei,WG,1,8.0,3
5D-五股倉,71980 大都會汽車-新莊站,8.0,15.72,242,新北市新莊區,新北市新莊區中央路&昌平街口,1,RT2024000860,,1.0,25.058067,121.455131,1195,W2,3230,Taipei,WG,2,16.0,3
5D-五股倉,71980 大都會汽車-新莊站,8.0,15.72,242,新北市新莊區,新北市新莊區中央路&昌平街口,1,RT2024000860,,1.0,25.058067,121.455131,1195,W2,3231,Taipei,WG,2,16.0,3
5D-五股倉,73567 承優營造-文華苑,8.0,16.35,242,新北市新莊區,新北市新莊區中原路及中華路三段路口,1,RT202500007352,1.0,,25.054322,121.452553,1195,W1,3232,Taipei,WG,1,8.0,3
5D-五股倉,73567 承優營造-文華苑,8.0,16.44,242,新北市新莊區,新北市新莊區中原路及中華路三段路口,1,RT20250000010470,1.0,,25.054742,121.452142,1195,W1,3233,Taipei,WG,1,8.0,3
5D-五股倉,75551 政鼎營造-麗黛實業,8.0,17.29,242,新北市新莊區,新北市新莊區福慧路231號旁,1,RT202500001293,1.0,,25.061517,121.451711,1195,W1,3234,Taipei,WG,1,8.0,3
5D-五股倉,76439 若翔股份,8.0,18.97,242,新北市新莊區,新北市新莊區化成路830號,1,RT202500005231,1.0,,25.060011,121.464914,1195,W1,3235,Taipei,WG,1,8.0,13
5D-五股倉,72300 紘亞鋼鋁-三重光華路,8.0,19.51,241,新北市三重區,新北市三重區光華路15號對面,1,RT202500001426,1.0,,25.059817,121.470086,1200,W1,3236,Taipei,WG,1,8.0,13
5D-五股倉,69923 長友營造-國豐三重,8.0,20.37,241,新北市三重區,新北市三重區光復路二段5號,1,RT20250000013555,,1.0,25.053908,121.472542,1200,W2,3237,Taipei,WG,2,16.0,13
5D-五股倉,69923 長友營造-國豐三重,8.0,20.37,241,新北市三重區,新北市三重區光復路二段5號,1,RT20250000013555,,1.0,25.053908,121.472542,1200,W2,3238,Taipei,WG,2,16.0,13
5D-五股倉,69923 長友營造-國豐三重,8.0,20.37,241,新北市三重區,新北市三重區光復路二段5號,1,RT20250000013555,,1.0,25.053908,121.472542,1200,W2,3239,Taipei,WG,2,16.0,13
5D-五股倉,69923 長友營造-國豐三重,8.0,20.37,241,新北市三重區,新北市三重區光復路二段5號,1,RT20250000013553,,1.0,25.053886,121.472131,1200,W2,3240,Taipei,WG,2,16.0,13
5D-五股倉,69923 長友營造-國豐三重,8.0,20.37,241,新北市三重區,新北市三重區光復路二段5號,1,RT20250000013553,,1.0,25.053886,121.472131,1200,W2,3241,Taipei,WG,2,16.0,13
5D-五股倉,73991 宗輝營造-新濠漾III,8.0,21.16,241,新北市三重區,新北市三重區疏洪西路&頂文二街交叉口,1,RT202500003373,1.0,,25.055103,121.476353,1200,W1,3242,Taipei,WG,1,8.0,13
5D-五股倉,73991 宗輝營造-新濠漾III,8.0,21.16,241,新北市三重區,新北市三重區疏洪西路&頂文二街交叉口,1,RT202500003373,1.0,,25.055103,121.476353,1200,W1,3243,Taipei,WG,1,8.0,13
5D-五股倉,73991 宗輝營造-新濠漾III,8.0,21.16,241,新北市三重區,新北市三重區疏洪西路&頂文二街交叉口,1,RT202500003373,1.0,,25.055103,121.476353,1200,W1,3244,Taipei,WG,1,8.0,13
5D-五股倉,73991 宗輝營造-新濠漾III,8.0,21.19,241,新北市三重區,新北市三重區疏洪西路&頂文二街交叉口,1,RT202400009576,1.0,,25.055156,121.476653,1200,W1,3245,Taipei,WG,1,8.0,13
5D-五股倉,73991 宗輝營造-新濠漾III,8.0,21.19,241,新北市三重區,新北市三重區疏洪西路&頂文二街交叉口,1,RT202400009576,1.0,,25.055156,121.476653,1200,W1,3246,Taipei,WG,1,8.0,13
5D-五股倉,73991 宗輝營造-新濠漾III,8.0,21.24,241,新北市三重區,新北市三重區疏洪西路&頂文二街交叉口,1,RT20240000013230,1.0,,25.054997,121.476995,1200,W1,3247,Taipei,WG,1,8.0,13
5D-五股倉,76996 藝起盛-中原東路,8.0,22.94,242,新北市新莊區,新北市新莊區中原東路63號與69號中間,1,RT202500007694,1.0,,25.053994,121.46325,1195,W1,3248,Taipei,WG,1,8.0,13
5D-五股倉,78002 立華營造-泰博新莊,8.0,24.46,242,新北市新莊區,新北市新莊區化成路9-2.9-3號-711宜家門市對面,1,RT20250000012480,1.0,,25.043391,121.465022,1195,W1,3249,Taipei,WG,1,8.0,13
5D-五股倉,78002 立華營造-泰博新莊,8.0,24.46,242,新北市新莊區,新北市新莊區化成路9-2.9-3號-711宜家門市對面,1,RT20250000012480,1.0,,25.043391,121.465022,1195,W1,3250,Taipei,WG,1,8.0,13
5D-五股倉,78248 澄一營造股份有限公司,8.0,27.65,243,新北市泰山區,新北市泰山區信華五街169號,1,RT20250000013446,1.0,,25.04635,121.439752,1230,W1,3251,Taipei,WG,1,8.0,3
5D-五股倉,75135 樂煬有限-泰山,8.0,30.56,243,新北市泰山區,"新北市泰山區明志路三段74巷-25°02'31.2""N 121°25'25.8""E",1,RT20250000012836,1.0,,25.041672,121.423717,1230,W1,3252,Taipei,WG,1,8.0,3
5D-五股倉,70957 北翰營造有限公司,8.0,31.78,243,新北市泰山區,新北市泰山區中港西路與新生路交叉口附近,1,RT20250000011241,1.0,,25.043405,121.431331,1230,W1,3253,Taipei,WG,1,8.0,3
5D-五股倉,69783 耀鋐-泰山,8.0,34.22,243,新北市泰山區,新北市泰山區楓江路46巷底,1,RT20250000013236,1.0,,25.055864,121.437216,1230,W1,3254,Taipei,WG,1,8.0,3
5D-五股倉,73579 春作投資-泰林段,8.0,35.72,243,新北市泰山區,新北市泰山區美寧街59號斜對面,1,RT202400007899,1.0,,25.065511,121.431203,1230,W1,3255,Taipei,WG,1,8.0,3
5D-五股倉,75495 李銓翔,8.0,36.88,243,新北市泰山區,新北市泰山區泰林路二段542巷1弄21號旁,1,RT202500008510,1.0,,25.064097,121.422584,1230,W1,3256,Taipei,WG,1,8.0,3
5D-五股倉,63985 吉磊營造有限公司,8.0,40.38,243,新北市泰山區,新北市泰山區南林路102號旁工地,1,RT2025000336,1.0,,25.052064,121.41767,1230,W1,3257,Taipei,WG,1,8.0,3
5D-五股倉,65922 利晉-南亞林口,12.0,41.62,243,新北市泰山區,新北市泰山區南林路102號旁巷子工地-廢水棟-B棟-4F-另一支支管,4,RT202500009201,1.0,,25.044333,121.412856,1230,W1,3258,Taipei,WG,1,12.0,3
5D-五股倉,65922 利晉-南亞林口,12.0,41.62,243,新北市泰山區,新北市泰山區南林路102號旁巷子工地-廢水棟-B棟-5F-另一支支管,5,RT20250000012474,1.0,,25.044333,121.412856,1230,W1,3259,Taipei,WG,1,12.0,3
5D-五股倉,65922 利晉-南亞林口,12.0,41.86,243,新北市泰山區,新北市泰山區南林路102號旁巷子工地-設備棟-A棟-4F,4,RT202500008834,1.0,,25.042875,121.411097,1230,W1,3260,Taipei,WG,1,12.0,3
5D-五股倉,65922 利晉-南亞林口,12.0,41.86,243,新北市泰山區,新北市泰山區南林路102號旁巷子工地-設備棟-A棟-4F,4,RT202500008834,1.0,,25.042875,121.411097,1230,W1,3261,Taipei,WG,1,12.0,3
5D-五股倉,65922 利晉-南亞林口,8.0,42.15,243,新北市泰山區,新北市泰山區南林路102號旁巷子工地-電聯定位-1F,1,RT202500008833,,1.0,25.04213,121.412114,1230,W2,3262,Taipei,WG,2,16.0,3
5D-五股倉,65922 利晉-南亞林口,8.0,42.15,243,新北市泰山區,新北市泰山區南林路102號旁巷子工地-電聯定位-1F,1,RT202500008833,,1.0,25.04213,121.412114,1230,W2,3263,Taipei,WG,2,16.0,3
5D-五股倉,65922 利晉-南亞林口,8.0,42.15,243,新北市泰山區,新北市泰山區南林路102號旁巷子工地-電聯定位-1F,1,RT202500008833,,1.0,25.04213,121.412114,1230,W2,3264,Taipei,WG,2,16.0,3
5D-五股倉,65922 利晉-南亞林口,8.0,42.15,243,新北市泰山區,新北市泰山區南林路102號旁巷子工地-電聯定位-1F,1,RT202500008833,,1.0,25.04213,121.412114,1230,W2,3265,Taipei,WG,2,16.0,3
5D-五股倉,65922 利晉-南亞林口,8.0,42.15,243,新北市泰山區,新北市泰山區南林路102號旁巷子工地-電聯定位-1F,1,RT202500008833,,1.0,25.04213,121.412114,1230,W2,3266,Taipei,WG,2,16.0,3
5D-五股倉,65922 利晉-南亞林口,8.0,42.15,243,新北市泰山區,新北市泰山區南林路102號旁巷子工地-電聯定位-1F,1,RT202500008833,,1.0,25.04213,121.412114,1230,W2,3267,Taipei,WG,2,16.0,3
5D-五股倉,65922 利晉-南亞林口,8.0,42.15,243,新北市泰山區,新北市泰山區南林路102號旁巷子工地-電聯定位-1F,1,RT202500008833,,1.0,25.04213,121.412114,1230,W2,3268,Taipei,WG,2,16.0,3
5D-五股倉,65922 利晉-南亞林口,8.0,42.15,243,新北市泰山區,新北市泰山區南林路102號旁巷子工地-電聯定位-1F,1,RT202500008833,,1.0,25.04213,121.412114,1230,W2,3269,Taipei,WG,2,16.0,3
5D-五股倉,65922 利晉-南亞林口,8.0,42.15,243,新北市泰山區,新北市泰山區南林路102號旁巷子工地-電聯定位-1F,1,RT202500008833,,1.0,25.04213,121.412114,1230,W2,3270,Taipei,WG,2,16.0,3
5D-五股倉,44590 日月亭股份有限公司,8.0,57.39,241,新北市三重區,新北市三重區龍門路-停車場,1,RT202400009396,,1.0,25.077767,121.502167,1200,W2,3271,Taipei,WG,2,16.0,8
5D-五股倉,44590 日月亭股份有限公司,8.0,57.39,241,新北市三重區,新北市三重區龍門路-停車場,1,RT202400009396,,1.0,25.077767,121.502167,1200,W2,3272,Taipei,WG,2,16.0,8
5A-平鎮倉,65122 豐興-廣錄臨沂段,8.0,45.8,100,臺北市中正區,臺北市中正區臨沂街75巷21號(從連雲街進入),1,RT20250000010063,1.0,,25.034397,121.529711,1320,W1,3273,Taipei,WG,1,8.0,1
5A-平鎮倉,65122 豐興-廣錄臨沂段,12.0,46.3,100,臺北市中正區,臺北市中正區臨沂街75巷29號(從連雲街進入),3,RT202400008203,1.0,,25.034719,121.530042,1320,W1,3274,Taipei,WG,1,12.0,1
5A-平鎮倉,69326 金藏營造-聯上台電,18.0,47.1,100,臺北市中正區,臺北市中正區仁愛路二段96號旁工地,10,RT202500005911,1.0,,25.037719,121.531395,1320,W1,3275,Taipei,WG,1,18.0,1
5A-平鎮倉,69326 金藏營造-聯上台電,18.0,47.1,100,臺北市中正區,臺北市中正區仁愛路二段96號旁工地-13F,13,RT202500008540,1.0,,25.037752,121.531239,1320,W1,3276,Taipei,WG,1,18.0,1
5A-平鎮倉,73556 維昌營造-臨沂街,8.0,47.2,100,臺北市中正區,臺北市中正區臨沂街71巷19弄23號,1,RT202500006776,1.0,,25.037111,121.531545,1320,W1,3277,Taipei,WG,1,8.0,1
5A-平鎮倉,69326 金藏營造-聯上台電,18.0,48.0,100,臺北市中正區,臺北市中正區仁愛路二段96號旁工地,7,RT202500003294,1.0,,25.038,121.531611,1320,W1,3278,Taipei,WG,1,18.0,1
5A-平鎮倉,70844 富泰11203仁愛路,8.0,48.4,100,臺北市中正區,臺北市中正區仁愛路2段44號,1,RT20250000011842,1.0,,25.038119,121.527778,1320,W1,3279,Taipei,WG,1,8.0,1
5A-平鎮倉,72236 華熊營造-雙星-C棟,8.0,50.8,100,臺北市中正區,臺北市中正區北平西路7號(機捷)-C棟,1,RT202500002120,1.0,,25.048325,121.513333,1320,W1,3280,Taipei,WG,1,8.0,1
5A-平鎮倉,72236 華熊營造-雙星-C棟,8.0,51.2,100,臺北市中正區,臺北市中正區北平西路7號(機捷)-C棟,1,RT202500002120,1.0,,25.048325,121.513333,1320,W1,3281,Taipei,WG,1,8.0,1
5A-平鎮倉,72236 華熊營造-雙星-C棟,8.0,51.3,100,臺北市中正區,臺北市中正區北平西路7號(機捷)-C棟,1,RT202500002120,1.0,,25.048325,121.513333,1320,W1,3282,Taipei,WG,1,8.0,1
5A-平鎮倉,72236 華熊營造-雙星-C棟,8.0,51.3,100,臺北市中正區,臺北市中正區北平西路7號(機捷)-C棟,1,RT202500002120,1.0,,25.048325,121.513333,1320,W1,3283,Taipei,WG,1,8.0,1
5A-平鎮倉,72236 華熊營造-雙星-C棟,8.0,51.3,100,臺北市中正區,臺北市中正區北平西路7號(機捷)-C棟,1,RT202500002120,1.0,,25.048325,121.513333,1320,W1,3284,Taipei,WG,1,8.0,1
5A-平鎮倉,69918 華熊營造-雙星-D棟,8.0,51.4,100,臺北市中正區,臺北市中正區北平西路7號(機捷)-D棟,1,RT202500005593,1.0,,25.048291,121.513317,1320,W1,3285,Taipei,WG,1,8.0,1
5A-平鎮倉,69918 華熊營造-雙星-D棟,8.0,51.4,100,臺北市中正區,臺北市中正區北平西路7號(機捷)-D棟,1,RT202500005593,1.0,,25.048291,121.513317,1320,W1,3286,Taipei,WG,1,8.0,1
5A-平鎮倉,72236 華熊營造-雙星-C棟,8.0,51.6,100,臺北市中正區,臺北市中正區北平西路7號(機捷)-C棟,1,RT202500002120,1.0,,25.048325,121.513333,1320,W1,3287,Taipei,WG,1,8.0,1
5A-平鎮倉,74135 遠揚營造-中正區,8.0,53.1,100,臺北市中正區,臺北市中正區延平南路&寶慶路交叉口,1,RT202500009551,1.0,,25.041777,121.509231,1320,W1,3288,Taipei,WG,1,8.0,4
5A-平鎮倉,74135 遠揚營造-中正區,8.0,53.1,100,臺北市中正區,臺北市中正區延平南路&寶慶路交叉口,1,RT202500009551,1.0,,25.041777,121.509231,1320,W1,3289,Taipei,WG,1,8.0,4
5A-平鎮倉,70062 旺洲開發股份有限公司,8.0,55.1,100,臺北市中正區,臺北市中正區重慶南路三段27巷&牯嶺街口,1,RT202500008103,1.0,,25.029195,121.517056,1320,W1,3290,Taipei,WG,1,8.0,1
5A-平鎮倉,62378 世達-南昌二期,8.0,56.1,100,臺北市中正區,臺北市中正區南昌路2段128號,1,RT20250000011109,1.0,,25.025636,121.52255,1320,W1,3291,Taipei,WG,1,8.0,1
5A-平鎮倉,62378 世達-南昌二期,8.0,56.1,100,臺北市中正區,臺北市中正區南昌路２段128號,1,RT20250000011108,1.0,,25.025756,121.522639,1320,W1,3292,Taipei,WG,1,8.0,1
5A-平鎮倉,70367 嘉圓營造,8.0,57.9,100,臺北市中正區,臺北市中正區杭州南路一段69號旁,1,RT202500009198,1.0,,25.039986,121.525675,1320,W1,3293,Taipei,WG,1,8.0,1
5A-平鎮倉,76038 麗高-中正區徐州路19號,8.0,58.2,100,臺北市中正區,臺北市中正區徐州路19號,1,RT202500009420,1.0,,25.04065,121.52377,1320,W1,3294,Taipei,WG,1,8.0,1
5A-平鎮倉,76038 麗高-中正區徐州路19號,8.0,58.2,100,臺北市中正區,臺北市中正區徐州路19號,1,RT202500003203,1.0,,25.040661,121.523728,1320,W1,3295,Taipei,WG,1,8.0,1
5A-平鎮倉,71310 福住建設,8.0,58.4,100,臺北市中正區,臺北市中正區紹興南街24巷2號,1,RT20250000012311,1.0,,25.038811,121.523511,1320,W1,3296,Taipei,WG,1,8.0,1
5A-平鎮倉,71310 福住建設,8.0,58.4,100,臺北市中正區,臺北市中正區紹興南街24巷2號,1,RT20250000012311,1.0,,25.038811,121.523511,1320,W1,3297,Taipei,WG,1,8.0,1
5A-平鎮倉,78263 睿森營造-拆除工程,8.0,59.5,100,臺北市中正區,臺北市中正區林森北路&北平東路交叉口-拆除工程,1,RT20250000013476,1.0,,25.046741,121.524289,1320,W1,3298,Taipei,WG,1,8.0,4
5A-平鎮倉,78263 睿森營造-拆除工程,8.0,59.5,100,臺北市中正區,臺北市中正區林森北路&北平東路交叉口-拆除工程,1,RT20250000013476,1.0,,25.046741,121.524289,1320,W1,3299,Taipei,WG,1,8.0,4
5A-平鎮倉,76007 朋揚營造-真耶穌教會外觀,8.0,60.7,100,臺北市中正區,臺北市中正區杭州南路1段29號,1,RT202500003109,1.0,,25.041869,121.527081,1320,W1,3300,Taipei,WG,1,8.0,4
5A-平鎮倉,73372 益杉恆-中正,8.0,61.2,100,臺北市中正區,臺北市中正區泰安街7號,1,RT202400007032,1.0,,25.039297,121.527811,1320,W1,3301,Taipei,WG,1,8.0,1
5A-平鎮倉,69326 金藏營造-仁愛路,18.0,62.2,100,臺北市中正區,臺北市中正區仁愛路二段96號旁工地,4,RT2025000346,1.0,,25.0382,121.531611,1320,W1,3302,Taipei,WG,1,18.0,1
5A-平鎮倉,69326 金藏營造-聯上台電,8.0,62.2,100,臺北市中正區,臺北市中正區仁愛路二段96號旁工地,1,RT202500004566,1.0,,25.0382,121.531611,1320,W1,3303,Taipei,WG,1,8.0,1
5A-平鎮倉,77107 晉通營造-中正區,8.0,68.1,100,臺北市中正區,臺北市中正區思源街1號-自來水博物館附近,1,RT202500008349,1.0,,25.011706,121.532884,1320,W1,3304,Taipei,WG,1,8.0,1
5A-平鎮倉,77107 晉通營造-中正區,8.0,68.1,100,臺北市中正區,臺北市中正區思源街1號-自來水博物館附近,1,RT202500008349,1.0,,25.011706,121.532884,1320,W1,3305,Taipei,WG,1,8.0,1
5A-平鎮倉,77107 晉通營造-中正區,8.0,68.1,100,臺北市中正區,臺北市中正區思源街1號-自來水博物館附近,1,RT202500008349,1.0,,25.011706,121.532884,1320,W1,3306,Taipei,WG,1,8.0,1
5A-平鎮倉,77107 晉通營造-中正區,8.0,68.1,100,臺北市中正區,臺北市中正區思源街1號-自來水博物館附近,1,RT202500008349,1.0,,25.011706,121.532884,1320,W1,3307,Taipei,WG,1,8.0,1
5A-平鎮倉,77107 晉通營造-中正區,8.0,68.1,100,臺北市中正區,臺北市中正區思源街1號-自來水博物館附近,1,RT202500008349,1.0,,25.011706,121.532884,1320,W1,3308,Taipei,WG,1,8.0,1
5A-平鎮倉,77163 鋐城營造-古亭河濱公園,8.0,70.8,100,臺北市中正區,臺北市中正區同安街109巷10號-古亭河濱公園-臨近永福橋下,1,RT202500008688,1.0,,25.013422,121.52675,1320,W1,3309,Taipei,WG,1,8.0,1
